0.17384388065457196,1.1094057044344123,1.1973039026198262,0.3620372273831985,-1.3914424982455231,0.4875038482098512,0.5298683224790713,-0.9032189153237768,-1.3993293716341921,1.2032579244529793,0,0
-0.3793081836959205,0.2268784864902951,0.4692064109766948,-0.5732700794090204,0.06973020874800331,0.2882500161063645,0.9084059148308669,1.4823416316196099,1.4883204977695428,0.9272898677306811,0,0
-1.3626896314301293,-0.430089825697822,-0.3833170202057637,-0.2323775063905912,0.03970541438824987,0.5753016988835077,-0.22720686222451883,-0.024328187502528874,0.21238218338184606,-0.35337439549623695,0,0
-0.19492416224575634,-0.7951637793924539,-0.6979580530383803,-0.9255103052381352,-0.15743673940142452,0.5892915525377938,-0.22720686222451883,0.1012276307576495,0.41384612775885105,-0.45871041714693545,1,0
0.5426119235549003,2.7612818112802207,2.4394508170913944,1.78380341013033,-0.3495036573638041,-0.29309683651764296,1.2869435071826616,0.3523392672780057,-0.4591642978748364,1.1539561090097814,1,0
-0.6866148861128608,1.7841753014656625,1.6267309961351974,0.47700823176370954,0.471895743935375,1.1893193575796275,-0.6057444545763143,-0.9032189153237768,-0.794937538503178,0.8246939845742232,0,0
-1.1783056099799651,-0.9529444116056305,-0.6979580530383803,-1.0672874969695194,-1.491173204496365,-0.4565962771460793,-0.7003788526642628,-0.9032189153237768,-0.6270509181890073,-0.10759034497793926,1,0
0.7269959450050645,1.1094057044344123,1.1973039026198262,0.5925891006943707,1.3777756879319611,0.881544947735134,0.5298683224790713,1.1056741768390752,1.21970190526687,1.2032579244529793,0,0
1.7103773927392734,0.17153808602243215,0.4692064109766948,-0.15520865668647646,-0.8547004799979105,-0.12385371775042418,0.05669633203932739,-0.14988400576270725,-0.4591642978748364,1.1213299076135472,0,0
-1.1783056099799651,0.11303370133807245,0.15456537814407817,-0.2521247703054,0.5549911073096327,0.17362552783019894,-0.984282046928109,-1.1543305518441331,-1.1307107791315192,0.0369885082681179,0,0
0.17384388065457196,1.3691622689614906,1.2620080535595652,2.539527271725488,1.5059327679604848,0.6826370436751501,-0.41647565840041656,-0.400995642283064,-0.4591642978748364,0.612811182403277,0,0
0.29676656162134807,-0.7951637793924539,-0.6979580530383803,-0.4826766436165722,-1.491173204496365,-1.3875758416247899,0.5298683224790713,0.3523392672780057,-0.12339105724649518,-0.45871041714693545,0,0
-1.4241509719135175,-0.6584879789859119,-0.6979580530383803,-0.3747084046354713,-0.8547004799979105,-0.6904332382823044,0.3405995263031736,0.980118358578897,1.21970190526687,-0.7220504712736829,0,0
-0.3178468432125324,0.2268784864902951,0.5509661994355135,-0.05356309553185081,-1.1327303544825886,0.15333365024974926,-2.0252604258955462,-1.9076654614052027,-1.1307107791315192,1.3153699474964133,0,0
-0.7480762265962488,1.5761614251645892,1.5662328190079333,-0.39585905071501215,3.4279527847615126,2.632320286034008,0.4352339243911229,0.6034509037983624,0.5145780999473535,1.2771085311814827,0,0
-0.3178468432125324,0.8521733041434172,0.9156891420111454,0.47700823176370954,0.6700853703994741,1.6071996749130952,0.6245027205670198,0.3523392672780057,-0.12339105724649518,0.8053218426614509,0,0
-0.2563855027291444,1.632260290342221,1.682851848952159,-0.967039668671594,1.0735139251302168,0.7326972289767861,-0.13257246413657037,-0.024328187502528874,-0.12339105724649518,1.6620548187538016,0,0
0.17384388065457196,-0.6584879789859119,-0.6979580530383803,-0.9531043608955585,-0.5766706055132325,-0.8285041404782032,1.0030403129188152,0.980118358578897,0.21238218338184606,-0.7220504712736829,1,0
1.5259933712891092,-0.16154738680482278,-0.3833170202057637,2.2261603938537453,1.0601879299437382,-0.20529898584398648,-2.6877012125111874,-0.5265514605432418,-0.794937538503178,-0.8638489619573161,0,0
-0.3178468432125324,-0.5379313791014584,-0.6979580530383803,0.3840831552748682,-0.2690906818347058,-0.6479312607925423,1.192309109094713,0.47789508553818405,-0.4591642978748364,-0.9268705133722639,1,0
0.29676656162134807,-0.9529444116056305,-0.6979580530383803,-1.1419664869120418,-1.213143330011687,-1.237196961873574,-1.5520884354558022,-0.6521072788034201,0.5481554240101877,-0.10759034497793926,0,0
-0.9939215885298011,-0.5379313791014584,-0.3833170202057637,-0.33304060077635445,-1.2991062865339855,-1.659165010507333,0.24596512821522515,0.6034509037983624,0.5481554240101877,-0.10759034497793968,1,0
-1.7929190148138456,0.5479220783190677,0.6924477764939201,-0.008950668221710586,1.4870540935677725,0.7079452713616976,-0.984282046928109,-0.6521072788034201,-0.12339105724649518,0.8377329262462808,0,0
-0.8095375670796369,-0.9529444116056305,-1.2358404513882222,-0.0001416878889102189,0.15569316527030183,-0.49235066862113014,1.0030403129188152,1.4823416316196099,1.3540112015182069,-1.3365105975694263,0,0
0.9113799664552286,-0.5379313791014584,-0.3833170202057637,-0.7170043598186326,-1.1327303544825886,-0.7805748332707322,0.24596512821522515,-0.14988400576270725,-0.4591642978748364,-0.10759034497793968,0,0
1.218686668872169,-0.5379313791014584,-0.6979580530383803,-0.6923493886995999,-0.23075015912448008,0.35865848755049773,0.5298683224790713,-0.14988400576270725,-0.6270509181890073,-0.9268705133722639,0,0
-1.2397669504633533,-0.6584879789859119,-1.2358404513882222,-1.2512293170454216,-0.6805614781426248,-0.15035302829445343,1.4762123033585592,1.1056741768390752,0.21238218338184606,-1.643740660717298,0,0
0.5426119235549003,-0.6584879789859119,-0.6979580530383803,-0.17423454914505898,-0.8547004799979105,-1.0436645751167262,-0.13257246413657037,-0.7776630970635985,-1.1307107791315192,-0.7220504712736829,0,0
0.29676656162134807,0.05098148613797845,0.3778067436613035,-0.17423454914505898,-0.9859763818622591,-0.9858996705714811,-0.511110056488365,-0.2754398240228856,0.07807288713050942,1.1213299076135472,0,0
-0.19492416224575634,-0.6584879789859119,-0.6979580530383803,-1.2998693647959123,-0.3917439287125079,-0.5292775419686389,-1.4574540373678528,-0.5265514605432418,0.8839286646385285,-0.7220504712736829,0,0
-1.055382929013189,-0.5379313791014584,-0.6979580530383803,0.5991923415466245,-0.5766706055132325,-0.8285041404782032,1.9493842937983032,2.9890114507417493,2.898568108408577,-0.9268705133722639,1,0
-0.010540140795592191,-0.7951637793924539,-0.6979580530383803,-0.6923493886995999,-0.793909463899879,-1.3875758416247899,-0.7003788526642628,-0.7776630970635985,-0.794937538503178,-0.45871041714693545,1,0
-0.3178468432125324,-0.5379313791014584,-0.3833170202057637,0.441756616672643,2.1991750892311406,1.8357453088360651,0.3405995263031736,-0.024328187502528874,-0.4591642978748364,-0.10759034497793968,1,0
-0.1334628217623683,2.7567427879702833,2.466212098988395,-1.0526676422718724,-0.7359469817585865,1.2294007672664202,0.15133073012727585,-1.2798863701043115,-1.600793316011197,1.301571544660299,0,0
0.17384388065457196,0.4659945186421504,0.624926924571683,1.7688154264584106,1.5787107477643232,0.4721815882212511,1.0030403129188152,0.6034509037983624,-0.12339105724649518,0.8140998444656758,0,0
-0.010540140795592191,0.6596928038376002,0.8120687454571972,-0.2521247703054,0.7754412269399599,0.39227796134964266,0.7191371186549691,0.6034509037983624,0.21238218338184606,0.9942002263109794,0,0
-1.055382929013189,-0.6584879789859119,-0.3833170202057637,-0.4606307157249025,-0.8547004799979105,-1.3875758416247899,-2.214529222071444,-0.9032189153237768,1.555475145895211,0.19963971816993176,0,0
0.4196892425881242,0.17153808602243215,0.3778067436613035,-1.8612745307172964,0.9481152448841522,0.5467895750480325,-0.037938066048621065,-0.5265514605432418,-0.794937538503178,0.7116898234163852,0,0
-0.010540140795592191,-0.430089825697822,-0.3833170202057637,0.11110925805320697,0.2361061407994001,-0.09796364105234408,2.0440186918862517,1.4823416316196099,0.21238218338184606,-0.35337439549623695,1,0
0.7884572854884525,-0.430089825697822,0.013083801085671514,-0.844855558888679,-0.08819844570792246,-0.12385371775042418,0.7191371186549691,0.6034509037983624,0.21238218338184606,1.1213299076135472,0,0
-0.19492416224575634,1.807438759195043,1.7181306634505886,0.28681892222247096,-0.30864856533825014,0.2699379258569551,-0.6057444545763143,-1.4054421883644899,-1.4664840197598605,1.1627541857907884,0,0
-1.8543803552972338,-0.6584879789859119,-0.6979580530383803,0.9834171847104011,-0.5766706055132325,0.35865848755049773,-0.3218412603124681,0.7290067220585408,1.8912483865235525,-0.7220504712736829,0,0
-0.8095375670796369,2.1713620122861887,2.202474574989498,-0.4606307157249025,-0.43546661388610264,-0.02368383978428082,-0.984282046928109,-0.6521072788034201,-0.12339105724649518,2.3115440105171134,0,0
0.6040732640382883,-0.6584879789859119,-0.6979580530383803,1.4787743192614666,1.2918127314096626,0.81528061615334,-0.7003788526642628,-0.6521072788034201,-0.4591642978748364,-0.7220504712736829,0,0
0.6040732640382883,-0.6584879789859119,-0.6979580530383803,-0.8847926427912804,-0.793909463899879,-1.1689234081053468,0.4352339243911229,0.8545625403187186,1.555475145895211,-0.7220504712736829,1,0
0.6040732640382883,2.5508411024326367,2.2385741196212092,-0.29218986555983456,0.5945489908131765,1.4759629342690401,-0.22720686222451883,-1.6565538248848461,-1.8022572603882017,0.9610359616233538,0,0
0.05092119968779586,1.9469856640900254,1.6645921766396556,-0.0445638558591277,0.471895743935375,1.2055235038597865,0.5298683224790713,-0.5265514605432418,-1.1307107791315192,0.47072506800628977,0,0
0.23530522113796,-0.9529444116056305,-1.2358404513882222,-0.17423454914505898,0.28696906713465037,0.11161892811310273,-1.3628196392799046,-0.9032189153237768,-0.12339105724649518,-1.3365105975694263,0,0
0.29676656162134807,-0.5379313791014584,-0.3833170202057637,-0.4172266302819929,1.9503385744965596,0.4721815882212511,1.0030403129188152,0.980118358578897,0.21238218338184606,-0.10759034497793968,0,0
0.29676656162134807,-0.5379313791014584,-0.6979580530383803,-0.33304060077635445,-0.8547004799979105,-0.6904332382823044,0.7191371186549691,1.7334532681399666,2.4284855715288987,-0.9268705133722639,0,0
0.17384388065457196,1.2172472578380489,1.2924433375043636,1.7725725433374087,2.4511558893779295,1.5494347703678506,0.05669633203932739,0.2267834490178273,0.21238218338184606,1.2688003379245258,0,0
0.11238254017118392,0.8521733041434172,0.9156891420111454,-0.29218986555983456,-0.2690906818347058,-0.49235066862113014,0.3405995263031736,0.3523392672780057,0.21238218338184606,0.8053218426614509,0,0
0.7884572854884525,-1.3679574441098026,-1.2358404513882222,-1.7978182318953293,0.4931948723810841,1.0868697850358835,-2.0252604258955462,-0.7776630970635985,1.555475145895211,-0.7220504712736829,0,0
0.3582279021047361,0.9888491045499589,1.2620080535595652,0.3096709328267562,2.820518780131187,2.17115714830758,1.0030403129188152,1.1056741768390752,0.5481554240101877,2.043020097057162,0,0
0.7269959450050645,-0.16154738680482278,-0.1600756546885384,0.18479036249249292,0.00893919264997227,0.65674696697707,0.05669633203932739,-0.7776630970635985,-1.1307107791315192,-0.29665499922278354,0,0
-1.4241509719135175,-0.9529444116056305,-0.6979580530383803,-0.33304060077635445,0.8410336696843485,-0.1774909375155152,1.4762123033585592,0.980118358578897,-0.12339105724649518,-0.10759034497793926,0,0
0.6040732640382883,2.2783973048533372,2.124809784258778,2.3998710294882812,-0.15743673940142452,0.3062691003083889,-1.3628196392799046,-1.9076654614052027,-1.567215991948363,1.408949541198789,0,0
0.29676656162134807,-0.24347494648174,-0.1600756546885384,0.3620372273831985,-0.12233670921437628,-0.4565962771460793,0.7191371186549691,0.980118358578897,0.5481554240101877,-0.10759034497793926,0,0
0.05092119968779586,0.7919472233777568,0.8656072322681301,-0.6679827864293568,-0.5766706055132325,-0.1774909375155152,-0.7950132507522121,-0.9032189153237768,-0.794937538503178,0.7861698387249603,0,0
0.3582279021047361,-0.6584879789859119,-0.6979580530383803,0.9108980298571218,0.06973020874800331,-1.1045533893953845,-1.1735508431040067,-1.4054421883644899,-1.1307107791315192,-0.7220504712736829,0,0
0.4196892425881242,-0.6584879789859119,-0.6979580530383803,0.06902053879822047,0.2361061407994001,0.023246648078983512,-0.037938066048621065,0.1012276307576495,0.21238218338184606,-0.7220504712736829,0,0
-0.07200148127898025,0.2268784864902951,0.15456537814407817,0.47700823176370954,2.807403199311982,2.848170141408338,0.15133073012727585,0.2267834490178273,0.21238218338184606,-0.23695037156651721,1,0
0.05092119968779586,1.8633842723491656,1.830325735854205,0.2559543466708279,-0.793909463899879,0.3062691003083889,-0.037938066048621065,-0.400995642283064,-0.4591642978748364,1.5135384988661496,0,0
0.3582279021047361,0.6596928038376002,0.6924477764939201,-0.4716245182543948,0.8725788652978546,1.0778962814876933,-0.22720686222451883,-0.024328187502528874,0.21238218338184606,0.48568150110070923,0,0
0.9113799664552286,1.772342243905423,1.6267309961351974,0.47700823176370954,2.9147174266780556,3.2366745981363114,0.9084059148308669,-0.14988400576270725,-1.1307107791315192,0.8641140407920732,0,0
-0.6866148861128608,-0.9529444116056305,-1.2358404513882222,-0.8056696874264723,-1.213143330011687,-1.0436645751167262,0.15133073012727585,0.3523392672780057,0.21238218338184606,-1.3365105975694263,1,0
0.17384388065457196,-0.08569431426856347,0.15456537814407817,0.21671927472342667,-0.054970645283884234,0.35865848755049773,-0.6057444545763143,-1.1543305518441331,-1.097133455068685,0.5946497993600531,0,0
-1.9773030362640098,-0.01507679319364995,0.013083801085671514,1.846326112367209,-0.3917439287125079,-0.7805748332707322,1.3815779052706108,0.980118358578897,-0.12339105724649518,-0.10759034497793968,0,0
0.9113799664552286,0.2268784864902951,0.3778067436613035,1.983043801555839,0.06973020874800331,-0.2630638903892315,-1.8359916297196484,-1.6565538248848461,-1.1307107791315192,0.5392097879649485,0,0
-0.5022308646626966,-0.7951637793924539,-0.6979580530383803,-0.6200882461997091,-0.43546661388610264,-0.3883227233778525,-0.7950132507522121,-0.6521072788034201,-0.4591642978748364,-0.45871041714693545,0,0
0.11238254017118392,0.5865511185266042,0.7545609391545215,0.3096709328267562,1.4085419096702387,0.4721815882212511,-0.22720686222451883,0.2267834490178273,0.5481554240101877,0.9847832128811597,0,0
0.9728413069386166,-0.7951637793924539,-0.6979580530383803,-1.0237321667811987,0.35957030125795314,-0.1774909375155152,-0.6057444545763143,-0.5265514605432418,-0.22412302943499768,-0.45871041714693545,0,0
1.8333000737060494,0.17153808602243215,0.3778067436613035,1.116157662590519,0.856906096725579,0.04599830545810637,-0.3218412603124681,-0.2754398240228856,-0.12339105724649518,0.7116898234163852,0,0
0.9113799664552286,1.3691622689614906,1.3217298421591535,1.9315163420137154,0.09904847137754404,0.35865848755049773,-0.984282046928109,-1.6565538248848461,-1.4664840197598605,0.8670705450084123,0,0
0.05092119968779586,1.153914807225275,1.162809322921525,0.5592552576440231,0.5549911073096327,0.7079452713616976,-0.037938066048621065,-0.7776630970635985,-1.1307107791315192,0.886004752861986,1,0
-0.010540140795592191,0.37693419087358504,0.3778067436613035,-0.2620690409513533,-0.5766706055132325,-0.9858996705714811,1.4762123033585592,1.1056741768390752,0.21238218338184606,0.1158497009477854,0,0
0.05092119968779586,2.2856308902884797,2.144966768686822,0.9502601865092528,-0.054970645283884234,0.5322581639239352,-2.0252604258955462,-1.4054421883644899,-0.4591642978748364,1.4848133626053959,1,0
-0.19492416224575634,1.807438759195043,1.7181306634505886,0.28681892222247096,-0.30864856533825014,0.2699379258569551,-0.6057444545763143,-1.4054421883644899,-1.4664840197598605,1.1627541857907884,0,0
-1.4241509719135175,0.37693419087358504,0.5509661994355135,-0.20310319691612422,1.7284067965399426,0.0682994052249898,-0.8896476488401606,-0.7776630970635985,-0.4591642978748364,0.7861698387249598,1,0
1.403070690322333,-0.7951637793924539,-0.6979580530383803,-0.5049583613047443,-0.9859763818622591,-1.3098782266961335,-0.037938066048621065,0.8545625403187186,1.555475145895211,-0.45871041714693545,1,0
0.17384388065457196,-0.430089825697822,0.8120687454571972,-1.0381496689222531,-0.9859763818622591,-1.3875758416247899,1.7601154976224063,1.3567858133594322,0.21238218338184606,7.757499271607574,1,0
-0.010540140795592191,0.5077777927141583,0.6924477764939201,-0.7799493515464242,-0.43546661388610264,-0.8785643257798388,1.0976747110067637,1.1056741768390752,0.5481554240101877,0.9738594773025687,0,0
1.8333000737060494,-0.6584879789859119,-0.6979580530383803,-0.4826766436165722,-0.8547004799979105,-0.5674564095938143,-1.9306260278075968,-1.6565538248848461,-1.1307107791315192,-0.7220504712736829,1,0
1.464532030805721,-0.5379313791014584,-0.6979580530383803,-0.20310319691612422,-0.2690906818347058,-0.7805748332707322,0.4352339243911229,-0.14988400576270725,-0.794937538503178,-0.9268705133722639,0,0
1.2801480093555568,2.3552868818619666,2.134953723067261,0.847500252102723,2.6037457915098643,2.770739739373751,0.05669633203932739,-1.1543305518441331,-1.8022572603882017,1.1698399175842644,0,0
0.29676656162134807,0.11303370133807245,0.3778067436613035,0.6958087614665829,-0.12233670921437628,0.11161892811310273,0.8137715167429176,0.3523392672780057,-0.12339105724649518,0.9044616277444617,0,0
-0.9939215885298011,-0.6584879789859119,-0.6979580530383803,-0.30232769940808124,-0.3495036573638041,-0.8285041404782032,1.6654810995344562,1.2312299950992531,0.21238218338184606,-0.7220504712736829,1,0
-0.44076952417930854,-0.6584879789859119,-0.6979580530383803,-0.2720610061233507,-0.5766706055132325,0.04599830545810637,0.6245027205670198,0.7290067220585408,0.21238218338184606,-0.7220504712736829,0,0
-0.010540140795592191,-0.6584879789859119,-0.6979580530383803,-0.7545426861220094,-0.7359469817585865,-1.1045533893953845,1.6654810995344562,1.2312299950992531,0.21238218338184606,-0.7220504712736829,1,0
-1.4856123123969054,0.9629351108232396,1.0070888093265369,-0.9531043608955585,-0.12233670921437628,-0.6479312607925423,0.3405995263031736,0.980118358578897,1.3540112015182069,0.8377329262462813,0,0
-0.8709989075630249,-0.5379313791014584,-0.6979580530383803,1.6288382629277964,1.9437635266640991,-1.1689234081053468,-1.0789164450160582,-1.0287747335839552,-0.794937538503178,-0.9268705133722639,0,0
0.9113799664552286,0.4659945186421504,0.5509661994355135,3.2427322362976914,-0.3495036573638041,0.13266942393495193,-1.1735508431040067,-1.5309980066246682,-1.4664840197598605,0.506869781317804,0,0
-0.9324602480464129,0.05098148613797845,-0.1600756546885384,0.7020932933657891,0.9333698813958862,1.1974505751191022,-0.7950132507522121,-0.5265514605432418,-0.12339105724649518,-0.7220504712736829,0,0
-0.9939215885298011,-0.430089825697822,-0.3833170202057637,-2.397152261330862,-0.5766706055132325,-0.6904332382823044,-1.268185241191956,-0.2754398240228856,1.21970190526687,-0.35337439549623695,0,0
-0.9324602480464129,-0.6584879789859119,-0.6979580530383803,-0.3747084046354713,-0.3495036573638041,0.2131442751336804,-1.1735508431040067,-0.400995642283064,0.5481554240101877,-0.7220504712736829,1,0
0.7884572854884525,-0.430089825697822,-0.1600756546885384,-0.5502497264552632,-1.2991062865339855,-0.9858996705714811,0.3405995263031736,0.3523392672780057,0.21238218338184606,0.38397775605865536,0,0
0.4196892425881242,0.5865511185266042,0.8120687454571972,0.119425918777574,-0.8547004799979105,-0.20529898584398648,-0.41647565840041656,-1.7821096431450245,-1.835834584451036,1.2578766023459345,0,0
0.29676656162134807,-0.5379313791014584,-0.3833170202057637,2.7820188267536743,-0.6805614781426248,-1.1689234081053468,-0.22720686222451883,0.47789508553818405,0.8839286646385285,-0.10759034497793968,0,0
0.9113799664552286,1.5319726315858533,1.4535715403609875,0.545770933903682,2.8902858856057794,3.1599229460829066,0.3405995263031736,-0.14988400576270725,-0.794937538503178,0.9044616277444617,0,0
0.6040732640382883,1.723592645856126,1.60708437033698,3.624419181974588,0.33583684705024197,0.3414647377472831,0.24596512821522515,-0.2754398240228856,-0.794937538503178,0.9414879194294274,1,0
-1.3012282909467412,-0.430089825697822,-0.6979580530383803,-0.4716245182543948,0.33583684705024197,-0.49235066862113014,1.4762123033585592,2.110120722920501,1.8912483865235525,-1.090726547051129,0,0
-2.161687057714174,-0.6584879789859119,-1.2358404513882222,1.0640719310598572,-0.5766706055132325,0.5026204340609481,1.0976747110067637,0.6034509037983624,-0.12339105724649518,-1.643740660717298,1,0
1.8333000737060494,-0.5379313791014584,-0.6979580530383803,-0.29218986555983456,0.1276926908892963,-0.42194219717699644,-0.22720686222451883,-0.2754398240228856,-0.4591642978748364,-0.9268705133722639,0,0
-0.010540140795592191,0.4224327070609651,0.7545609391545215,0.3620372273831985,1.496529186171285,2.2938985984317743,0.8137715167429176,1.1056741768390752,0.8839286646385285,1.6022117455841296,0,0
1.1572253283887808,-0.6584879789859119,-0.6979580530383803,-0.5965476483325806,-1.0571939748962915,-1.1045533893953845,-0.13257246413657037,-0.024328187502528874,-0.12339105724649518,-0.7220504712736829,1,0
-1.7314576743304577,-0.5379313791014584,-0.6979580530383803,-0.11767033038309975,-0.12233670921437628,-0.07265541336579703,0.4352339243911229,1.3567858133594322,2.059135006837723,-0.9268705133722639,0,0
-0.3178468432125324,-0.24347494648174,0.15456537814407817,-0.3125151072130619,-0.6805614781426248,-0.6479312607925423,1.0976747110067637,1.1056741768390752,0.5481554240101877,1.1213299076135472,0,0
-0.8095375670796369,3.0681177558493147,2.7540918499240115,-0.17423454914505898,-0.022606002963534436,0.5611358676154924,-0.8896476488401606,-0.5265514605432418,-0.12339105724649518,1.5685762946222523,0,0
1.8333000737060494,0.5077777927141583,0.6924477764939201,0.9558231290529776,0.9481152448841522,0.39227796134964266,-0.037938066048621065,-0.2754398240228856,-0.4591642978748364,0.9738594773025687,0,0
0.05092119968779586,-0.9529444116056305,-0.6979580530383803,0.4203157336541049,-0.5278028255976409,-0.9309537130219476,-0.41647565840041656,-0.14988400576270725,0.21238218338184606,-0.10759034497793926,0,0
0.3582279021047361,-0.7951637793924539,-1.2358404513882222,-0.5732700794090204,-0.5766706055132325,-0.6479312607925423,-0.3218412603124681,-0.024328187502528874,0.21238218338184606,-1.5120706336539242,0,0
-0.8095375670796369,0.9090517185430385,0.9156891420111454,1.9762466642220122,0.28696906713465037,0.6826370436751501,-0.22720686222451883,-1.5309980066246682,-1.8022572603882017,0.6231189944007826,0,0
-0.7480762265962488,0.8225031664619629,0.9156891420111454,-0.5049583613047443,3.708384141530603,3.228696982225168,0.8137715167429176,0.1012276307576495,-0.794937538503178,0.9044616277444617,0,0
-0.19492416224575634,0.5865511185266042,0.7545609391545215,-0.16469988378497333,0.5141360152840782,1.4885459560891923,0.5298683224790713,0.1012276307576495,-0.4591642978748364,0.9847832128811597,0,0
-0.44076952417930854,0.7279546320913446,0.9156891420111454,0.135960297192222,0.8725788652978546,2.4045674495649485,0.3405995263031736,0.980118358578897,1.21970190526687,1.2402576739933684,0,0
0.7884572854884525,0.623775150855327,0.7545609391545215,2.164881836619364,0.2361061407994001,0.5611358676154924,-1.6467228335437507,-1.9076654614052027,-1.4664840197598605,0.8579898534868006,1,0
0.9113799664552286,0.2793796394260684,0.624926924571683,2.1461411938010926,0.33583684705024197,0.8707681311726849,-0.41647565840041656,-1.2798863701043115,-1.365752047571358,1.4900059833909935,0,0
1.2801480093555568,0.6596928038376002,0.7545609391545215,-0.7170043598186326,-0.793909463899879,-0.2630638903892315,-0.8896476488401606,-1.6565538248848461,-1.8022572603882017,0.7399408637058446,1,0
1.8333000737060494,0.623775150855327,0.7545609391545215,0.11110925805320697,-0.6805614781426248,-0.5674564095938143,-3.5394107953027265,-2.7865561892264505,-1.4664840197598605,0.8579898534868006,0,0
0.9113799664552286,-0.6584879789859119,-0.6979580530383803,0.3913802581634311,-0.793909463899879,-0.6479312607925423,0.6245027205670198,1.1056741768390752,0.8839286646385285,-0.7220504712736829,0,0
-0.010540140795592191,2.646370830115968,2.459607801519439,-0.4826766436165722,0.20987425248233393,-0.4565962771460793,-0.984282046928109,-1.0287747335839552,-0.794937538503178,1.7053712157758376,0,0
-1.1783056099799651,-0.16154738680482278,-0.1600756546885384,-0.6559055308977622,-0.054970645283884234,0.2882500161063645,1.4762123033585592,1.1056741768390752,0.21238218338184606,-0.29665499922278354,0,0
0.7269959450050645,-0.7951637793924539,-0.6979580530383803,-0.2720610061233507,-0.15743673940142452,0.7922967829695046,-1.268185241191956,-1.2798863701043115,-0.794937538503178,-0.45871041714693545,0,0
0.9113799664552286,2.069769790596836,1.7998904519094072,3.1008506200784396,1.1380863361575086,1.5315112821708725,-0.22720686222451883,-0.400995642283064,-0.4591642978748364,0.6404480696429654,0,0
-0.3178468432125324,-0.7951637793924539,-1.2358404513882222,-0.33304060077635445,-0.08819844570792246,-0.5674564095938143,-1.3628196392799046,-0.6521072788034201,0.21238218338184606,-1.5120706336539242,0,0
0.17384388065457196,-0.7951637793924539,-0.6979580530383803,0.6640985488888794,-0.3917439287125079,-1.1689234081053468,2.1386530899742002,2.9890114507417493,2.562794867780235,-0.45871041714693545,0,0
0.3582279021047361,-0.5379313791014584,-0.6979580530383803,0.3472092591301329,-0.793909463899879,-0.5292775419686389,0.24596512821522515,0.1012276307576495,-0.4591642978748364,-0.9268705133722639,1,0
0.11238254017118392,-0.5379313791014584,-0.6979580530383803,0.23250208312264142,0.00893919264997227,-0.6069751568972952,1.4762123033585592,1.1056741768390752,0.21238218338184606,-0.9268705133722639,0,0
-0.8709989075630249,-0.6584879789859119,-0.6979580530383803,-0.844855558888679,-0.793909463899879,-1.237196961873574,-0.41647565840041656,-0.14988400576270725,0.21238218338184606,-0.7220504712736829,1,0
1.2801480093555568,1.038788183359499,1.126709778289814,-0.8317115358261241,-1.213143330011687,-0.5292775419686389,0.6245027205670198,-1.1543305518441331,-1.8022572603882017,1.1213299076135472,1,0
-0.3793081836959205,-0.9529444116056305,-0.6979580530383803,-0.4826766436165722,-0.43546661388610264,-0.12385371775042418,1.5708467014465077,0.2267834490178273,-1.1307107791315192,-0.10759034497793926,0,0
0.05092119968779586,2.5508411024326367,2.2116581173032634,1.3356574105395158,1.3673491109959601,1.7645952050063736,1.0030403129188152,0.2267834490178273,-0.794937538503178,0.8408155021307082,0,0
-1.6699963338470696,-0.08569431426856347,0.15456537814407817,-0.20310319691612422,2.9966415833176225,3.2366745981363114,-1.3628196392799046,-1.5309980066246682,-1.1307107791315192,0.5946497993600531,0,0
0.9113799664552286,-0.01507679319364995,0.15456537814407817,0.8707778210262831,2.188387414285702,2.05628887417988,-1.8359916297196484,-1.4054421883644899,-0.4591642978748364,0.3839777560586549,0,0
1.5259933712891092,-0.5379313791014584,-0.3833170202057637,-0.15520865668647646,0.35957030125795314,0.768834085640356,-0.3218412603124681,-0.400995642283064,-0.862092186628846,-0.10759034497793968,1,0
0.05092119968779586,2.394913046433794,2.082853606026221,-0.08995390280606984,0.6516262376256907,1.7145350197047375,0.4352339243911229,-0.6521072788034201,-1.1307107791315192,0.7946549037601139,0,0
0.9113799664552286,0.4224327070609651,0.15456537814407817,0.28681892222247096,0.856906096725579,0.0682994052249898,0.15133073012727585,0.47789508553818405,0.5481554240101877,-0.6419034982785861,0,0
1.5259933712891092,-0.9529444116056305,-1.2358404513882222,2.6898319109963533,0.8086690273639986,1.4885459560891923,-0.13257246413657037,-0.5265514605432418,-0.6270509181890073,-1.3365105975694263,0,0
1.2801480093555568,-0.6584879789859119,-0.6979580530383803,-0.7545426861220094,-0.7359469817585865,-0.4565962771460793,-1.9306260278075968,-1.4054421883644899,-0.4591642978748364,-0.7220504712736829,0,0
-0.6251535456294727,-0.5379313791014584,-0.3833170202057637,-0.844855558888679,-0.8547004799979105,-1.237196961873574,1.4762123033585592,1.1056741768390752,0.21238218338184606,-0.10759034497793968,1,0
-0.9939215885298011,-0.7951637793924539,-0.6979580530383803,-0.7545426861220094,0.40572256537397494,0.6697664037365227,1.0030403129188152,1.8590090864001445,2.159866979026226,-0.45871041714693545,0,0
0.05092119968779586,-0.7951637793924539,-0.6979580530383803,-0.11767033038309975,0.00893919264997227,-0.8285041404782032,0.6245027205670198,-0.14988400576270725,-0.794937538503178,-0.45871041714693545,0,0
-0.010540140795592191,0.7604509512618689,0.8120687454571972,1.6045662903841162,0.28696906713465037,0.2131442751336804,-0.41647565840041656,-0.5265514605432418,-0.4591642978748364,0.6604848128917393,0,0
0.6040732640382883,0.8810075511463225,0.9156891420111454,0.8061279840767028,0.00893919264997227,0.4249228191322918,0.7191371186549691,-0.2754398240228856,-1.1307107791315192,0.7116898234163852,0,0
0.9113799664552286,0.2793796394260684,0.3778067436613035,-0.4606307157249025,0.15569316527030183,-0.20529898584398648,-0.41647565840041656,-0.400995642283064,-0.4591642978748364,0.38397775605865536,0,0
-1.1783056099799651,0.2793796394260684,0.4692064109766948,-0.8580830366248604,0.38286011341972964,0.39227796134964266,-0.3218412603124681,-0.5265514605432418,-0.4591642978748364,0.7526538318361012,0,0
-0.7480762265962488,-0.7951637793924539,-0.6979580530383803,0.16051838994881265,-0.793909463899879,-0.5292775419686389,1.9493842937983032,0.980118358578897,-0.4591642978748364,-0.45871041714693545,0,0
1.5259933712891092,0.7279546320913446,0.9156891420111454,-0.3747084046354713,0.00893919264997227,-0.6069751568972952,-0.7950132507522121,-1.4054421883644899,-1.4664840197598605,1.2402576739933684,0,0
0.9113799664552286,1.3691622689614906,1.403489630617972,0.16864050840312653,1.2349092962278752,0.8707681311726849,0.15133073012727585,0.47789508553818405,0.615310072135856,1.2484595889161152,0,0
0.17384388065457196,-0.7951637793924539,-1.2358404513882222,4.017073939272717,0.7754412269399599,1.275688189452385,-1.0789164450160582,-1.4054421883644899,-1.1307107791315192,-1.5120706336539242,0,0
-1.1783056099799651,-0.9529444116056305,-0.6979580530383803,-1.4179839504087912,0.15569316527030183,0.0682994052249898,1.3815779052706108,1.1056741768390752,0.21238218338184606,-0.10759034497793926,0,0
-0.6866148861128608,1.0141231807322355,1.0888485977853553,0.41311945449613113,3.8531817001594626,3.0668225749277807,-1.3628196392799046,-0.5265514605432418,0.5481554240101877,1.0314089135214874,0,0
0.17384388065457196,0.7604509512618689,0.9156891420111454,0.16864050840312653,-0.23075015912448008,0.9937449598611751,-0.7003788526642628,-1.1543305518441331,-1.063556131005851,1.1213299076135472,0,0
-1.1783056099799651,1.5761614251645892,1.4774503557541414,0.17673108457041384,0.8725788652978546,0.9642366672417971,-0.22720686222451883,-0.2754398240228856,-0.4591642978748364,0.8616988683336556,0,0
-0.8709989075630249,-0.9529444116056305,-1.2358404513882222,-0.631959051791938,0.2361061407994001,-0.3883227233778525,-0.41647565840041656,0.7290067220585408,2.227021627151894,-1.3365105975694263,0,0
0.11238254017118392,0.6943926719302403,0.8656072322681301,0.4346341456505595,0.5945489908131765,0.37559367490583784,-0.7950132507522121,-1.6565538248848461,-1.567215991948363,1.1213299076135472,1,0
-0.8095375670796369,2.3417297554661114,2.183774868489598,0.41311945449613113,0.471895743935375,0.5753016988835077,-1.0789164450160582,-1.1543305518441331,-0.794937538503178,1.4654275783391633,0,0
0.17384388065457196,-0.33253527425030543,0.2741863471073553,1.6647241008397524,1.8690509280485335,1.858496966215188,1.4762123033585592,1.3567858133594322,0.5481554240101877,2.126810114279308,1,0
-0.8095375670796369,3.1362713236895043,2.6043985531818987,-0.16469988378497333,1.0866989018486768,1.7888148209728014,-0.6057444545763143,-0.024328187502528874,0.5481554240101877,0.6237302961347854,0,0
0.3582279021047361,-0.6584879789859119,-0.6979580530383803,-0.8186499209732583,-0.1935543022484093,-0.9858996705714811,0.4352339243911229,0.7290067220585408,0.5481554240101877,-0.7220504712736829,0,0
1.5259933712891092,0.5865511185266042,0.6924477764939201,0.8995137351637922,0.5549911073096327,0.15333365024974926,-0.41647565840041656,-0.9032189153237768,-1.1307107791315192,0.7116898234163848,0,0
-0.44076952417930854,-0.7951637793924539,-0.6979580530383803,-0.19343579792248425,2.7079471472390058,0.881544947735134,0.5298683224790713,0.47789508553818405,0.21238218338184606,-0.45871041714693545,0,0
1.218686668872169,-0.7951637793924539,-1.2358404513882222,-0.4937877139260489,-1.1327303544825886,-1.1045533893953845,0.3405995263031736,0.2267834490178273,-0.12339105724649518,-1.5120706336539242,1,0
0.4811505830715122,-0.5379313791014584,-0.1600756546885384,0.00863020189055856,-1.0571939748962915,-1.3875758416247899,0.15133073012727585,-0.2754398240228856,-0.4591642978748364,0.7116898234163852,0,0
0.9728413069386166,-0.6584879789859119,-1.2358404513882222,0.3620372273831985,0.9481152448841522,1.7694809772542712,1.9493842937983032,1.4823416316196099,0.21238218338184606,-1.643740660717298,0,0
0.6040732640382883,-0.6584879789859119,-0.6979580530383803,0.4203157336541049,1.5609108925723774,0.6697664037365227,0.5298683224790713,-0.14988400576270725,-0.794937538503178,-0.7220504712736829,0,0
1.6489160522558852,-0.7951637793924539,-1.2358404513882222,-0.39585905071501215,-0.8547004799979105,-0.35567786559520237,-0.6057444545763143,-1.4054421883644899,-1.4664840197598605,-1.5120706336539242,0,0
-1.4856123123969054,-0.9529444116056305,-1.2358404513882222,-0.5049583613047443,-0.5766706055132325,-0.8785643257798388,0.3405995263031736,0.3523392672780057,0.21238218338184606,-1.3365105975694263,1,0
0.6040732640382883,-0.9529444116056305,-0.6979580530383803,-0.15520865668647646,-0.6275335318484828,-0.4565962771460793,-1.268185241191956,-0.9032189153237768,-0.1905457053721635,-0.10759034497793926,0,0
-0.5022308646626966,-0.16154738680482278,-0.1600756546885384,-0.406515446045651,0.03970541438824987,-0.2630638903892315,-1.0789164450160582,-1.2798863701043115,-1.1307107791315192,-0.29665499922278354,0,0
1.0343026474220047,1.6045951446417435,1.6458924701397561,1.513068439233524,0.5141360152840782,0.39227796134964266,0.5298683224790713,0.2267834490178273,-0.15696838130932933,1.5758620558323158,0,0
-0.7480762265962488,-0.24347494648174,-0.3833170202057637,1.5468071643655597,-0.43546661388610264,-0.7346023792693883,0.5298683224790713,-0.14988400576270725,-0.794937538503178,-0.7220504712736829,0,0
-0.5636922051460846,0.623775150855327,0.8656072322681301,0.525379377191173,-0.43546661388610264,0.5175367943382632,-0.511110056488365,-0.7776630970635985,-0.794937538503178,1.3846699617402942,0,0
-1.6699963338470696,-0.5379313791014584,-0.3833170202057637,0.490943539539745,-0.3495036573638041,2.585145676249522e-05,1.4762123033585592,1.1056741768390752,0.21238218338184606,-0.10759034497793968,0,0
-0.19492416224575634,-0.6584879789859119,-0.6979580530383803,-0.5502497264552632,-0.7359469817585865,-0.9858996705714811,0.7191371186549691,0.980118358578897,0.5481554240101877,-0.7220504712736829,1,0
-1.4856123123969054,2.556388802078909,2.297969240032988,0.9834171847104011,2.8463428894647924,2.639097650942683,1.6654810995344562,1.2312299950992531,0.21238218338184606,1.2209720902561,0,0
-0.9324602480464129,-0.6584879789859119,-0.6979580530383803,-0.6438978852946605,-0.793909463899879,-0.02368383978428082,-1.7413572316317,-1.0287747335839552,0.21238218338184606,-0.7220504712736829,0,0
0.05092119968779586,2.6361861880858295,2.337772850259249,0.14417853563939134,1.5698426058943407,2.7257687694195285,-0.984282046928109,-0.14988400576270725,0.8839286646385285,1.1213299076135472,0,0
1.2801480093555568,-0.7951637793924539,-0.6979580530383803,0.017365312149962103,-0.48077955922815263,-0.6904332382823044,-0.13257246413657037,0.7290067220585408,1.555475145895211,-0.45871041714693545,0,0
0.17384388065457196,-0.6584879789859119,-0.6979580530383803,-1.0672874969695194,-0.5278028255976409,-0.7346023792693883,-0.41647565840041656,-0.6521072788034201,-0.794937538503178,-0.7220504712736829,1,0
-0.8095375670796369,-0.7951637793924539,-1.2358404513882222,0.026063950026512406,-1.491173204496365,-1.3098782266961335,0.5298683224790713,-0.14988400576270725,-0.794937538503178,-1.5120706336539242,1,0
-0.07200148127898025,-0.6584879789859119,-0.6979580530383803,0.7208339361840604,1.6390808995878428,0.65674696697707,-0.7950132507522121,-0.14988400576270725,0.5481554240101877,-0.7220504712736829,0,0
0.5426119235549003,-0.6584879789859119,-0.6979580530383803,-0.5617281067027671,-0.15743673940142452,-0.9858996705714811,-0.8896476488401606,-0.5265514605432418,0.07807288713050942,-0.7220504712736829,0,0
-0.44076952417930854,0.17153808602243215,0.3778067436613035,0.7639174367614044,1.797009554043769,2.497692274739657,1.0976747110067637,1.6078974498797889,1.21970190526687,0.7116898234163852,0,0
0.7884572854884525,0.4659945186421504,0.624926924571683,2.8141411486262453,0.5141360152840782,1.2214977963302347,-1.6467228335437507,-1.6565538248848461,-1.1307107791315192,0.8140998444656758,1,0
-1.5470736528802935,2.4516163606569563,2.202474574989498,-0.3537703314600257,1.033100587646728,0.8378047417129659,0.4352339243911229,0.47789508553818405,0.2795368315075144,1.143406319336748,1,0
1.8333000737060494,-0.5379313791014584,-0.6979580530383803,0.3620372273831985,-0.5766706055132325,-0.8285041404782032,-1.9306260278075968,-1.1543305518441331,0.21238218338184606,-0.9268705133722639,0,0
-0.010540140795592191,-0.9529444116056305,-0.6979580530383803,0.06902053879822047,-0.7359469817585865,-0.7805748332707322,0.6245027205670198,0.3523392672780057,-0.12339105724649518,-0.10759034497793926,0,0
-0.5022308646626966,-0.6584879789859119,-0.6979580530383803,-0.995193080150545,-0.48077955922815263,-0.04790345575070855,-1.3628196392799046,-0.7776630970635985,0.21238218338184606,-0.7220504712736829,0,0
0.29676656162134807,1.6045951446417435,1.5662328190079333,-1.9715288675298634,0.1276926908892963,1.7935968610107265,0.3405995263031736,-1.9076654614052027,-2.1380305010165435,1.1718334796378551,0,0
-0.6866148861128608,1.0141231807322355,1.0888485977853553,0.41311945449613113,3.8531817001594626,3.0668225749277807,-1.3628196392799046,-0.5265514605432418,0.5481554240101877,1.0314089135214874,0,0
-0.3178468432125324,-0.9529444116056305,-1.2358404513882222,-0.6801304636738992,-0.8547004799979105,-1.1689234081053468,-0.984282046928109,-0.7776630970635985,-0.4591642978748364,-1.3365105975694263,0,0
1.0957639879053926,-1.1395592908217125,-1.2358404513882222,-0.6923493886995999,-0.793909463899879,-0.6069751568972952,-0.8896476488401606,-0.7776630970635985,-0.4591642978748364,-1.090726547051129,0,0
0.4811505830715122,2.62589918612971,2.368208134204047,0.00863020189055856,-0.022606002963534436,1.7196423696684064,1.5708467014465077,-0.7776630970635985,-1.8022572603882017,1.307529945884985,0,0
0.5426119235549003,-0.5379313791014584,-0.6979580530383803,0.4203157336541049,-1.213143330011687,-1.1045533893953845,-0.3218412603124681,-0.400995642283064,-0.4591642978748364,-0.9268705133722639,0,0
0.29676656162134807,-0.7951637793924539,-1.2358404513882222,-0.4388156394867202,-0.8547004799979105,-0.1774909375155152,0.8137715167429176,0.2267834490178273,-0.4591642978748364,-1.5120706336539242,1,0
-1.9773030362640098,-0.7951637793924539,-1.2358404513882222,-0.5502497264552632,-0.6275335318484828,-1.0436645751167262,2.3279218861500985,2.23567654118068,0.8839286646385285,-1.5120706336539242,1,0
1.218686668872169,1.196568815572676,1.3217298421591535,-0.4606307157249025,-0.23075015912448008,0.4408971116027401,0.6245027205670198,-0.2754398240228856,-0.794937538503178,1.4975299849374712,0,0
-1.4241509719135175,0.4659945186421504,0.5509661994355135,0.7516985117357036,-0.5766706055132325,-0.9309537130219476,1.7601154976224063,1.7334532681399666,0.5481554240101877,0.506869781317804,0,0
0.7884572854884525,-0.6584879789859119,-0.6979580530383803,-1.3665413183568467,0.4281730587617797,2.585145676249522e-05,-0.41647565840041656,-0.14988400576270725,0.21238218338184606,-0.7220504712736829,0,0
-0.8095375670796369,-0.9529444116056305,-1.2358404513882222,-0.6200882461997091,-0.022606002963534436,-0.6069751568972952,-0.41647565840041656,-0.14988400576270725,0.21238218338184606,-1.3365105975694263,1,0
-0.44076952417930854,-0.6584879789859119,-0.6979580530383803,-0.5161892280976657,-0.5766706055132325,-0.9309537130219476,0.5298683224790713,-0.14988400576270725,-0.794937538503178,-0.7220504712736829,1,0
-0.8095375670796369,2.765800794686896,2.3531396943616696,0.4203157336541049,2.60762128039751,0.9642366672417971,0.15133073012727585,-0.400995642283064,-0.794937538503178,0.7477814607905843,0,0
-0.010540140795592191,0.37693419087358504,0.9156891420111454,0.6253979794620452,-0.08819844570792246,2.585145676249522e-05,0.3405995263031736,0.3523392672780057,0.21238218338184606,2.797130252056484,0,0
-1.3012282909467412,-0.7951637793924539,-0.6979580530383803,-0.17423454914505898,0.20987425248233393,-0.6904332382823044,0.15133073012727585,0.2267834490178273,0.21238218338184606,-0.45871041714693545,0,0
-0.3178468432125324,-0.9529444116056305,-1.2358404513882222,-1.8399069511503157,-0.15743673940142452,-0.49235066862113014,-0.41647565840041656,0.1012276307576495,0.5481554240101877,-1.3365105975694263,0,0
-1.6699963338470696,-0.6584879789859119,-0.6979580530383803,0.3620372273831985,0.7413029634335065,1.2055235038597865,-0.8896476488401606,-0.7776630970635985,-0.4591642978748364,-0.7220504712736829,0,0
-0.19492416224575634,-0.6584879789859119,-0.6979580530383803,-0.406515446045651,-0.9859763818622591,-1.3098782266961335,0.24596512821522515,-0.14988400576270725,-0.4591642978748364,-0.7220504712736829,1,0
0.6040732640382883,2.0149237384018024,1.815257296011828,3.624419181974588,0.2361061407994001,0.19355823821361082,-0.037938066048621065,-1.0287747335839552,-1.4664840197598605,0.8845654552794073,1,0
0.29676656162134807,1.038788183359499,1.1973039026198262,1.3356574105395158,0.6882750171393646,0.04599830545810637,0.5298683224790713,-0.14988400576270725,-0.794937538503178,1.472449979782543,0,0
0.9113799664552286,1.453801215863671,1.4535715403609875,0.5859648638104432,1.3568345450289658,0.9741589229411055,0.15133073012727585,0.7290067220585408,1.1189699330783676,1.1798499196417138,0,0
-0.19492416224575634,1.6185211836669289,1.5449712076763786,0.47700823176370954,0.33583684705024197,0.848900089952484,-1.7413572316317,-1.5309980066246682,-0.794937538503178,1.0216877249709941,1,0
0.5426119235549003,2.7881011992092715,2.5171156078221144,1.8426997916173808,0.09904847137754404,-0.02368383978428082,0.7191371186549691,0.47789508553818405,-0.12339105724649518,1.4391541108699664,1,0
-0.7480762265962488,0.3293187182356087,0.2741863471073553,-0.30232769940808124,0.28696906713465037,-0.2630638903892315,0.3405995263031736,-0.14988400576270725,-0.794937538503178,-0.10759034497793968,0,0
0.4196892425881242,-0.9529444116056305,-1.2358404513882222,-0.6801304636738992,-0.7359469817585865,-1.237196961873574,0.15133073012727585,0.6034509037983624,0.8839286646385285,-1.3365105975694263,0,0
-1.1783056099799651,0.2793796394260684,0.4692064109766948,-0.406515446045651,-0.6275335318484828,0.3414647377472831,1.2869435071826616,1.4823416316196099,0.8839286646385285,0.7526538318361012,0,0
1.0343026474220047,-0.24347494648174,-0.1600756546885384,-0.406515446045651,-0.054970645283884234,0.13266942393495193,-0.13257246413657037,0.8545625403187186,1.8912483865235525,-0.10759034497793926,0,0
-1.2397669504633533,-0.7951637793924539,-0.6979580530383803,-0.5161892280976657,1.9890764720061487,2.3906122680597015,0.05669633203932739,0.980118358578897,1.8912483865235525,-0.45871041714693545,0,0
1.403070690322333,-0.9529444116056305,-1.2358404513882222,4.004253463461126,1.0866989018486768,1.0957723510553563,-1.7413572316317,-1.2798863701043115,-0.4591642978748364,-1.3365105975694263,1,0
0.11238254017118392,-0.5379313791014584,-0.6979580530383803,-0.4388156394867202,-0.054970645283884234,-0.7805748332707322,0.8137715167429176,1.4823416316196099,1.555475145895211,-0.9268705133722639,0,0
-0.19492416224575634,3.0681177558493147,2.6098826768458303,0.3840831552748682,0.6138667215349201,1.1220654224747777,-1.1735508431040067,-1.2798863701043115,-1.1307107791315192,0.8674873636356335,0,0
-0.6251535456294727,-0.6584879789859119,-0.6979580530383803,0.33975550969502644,-0.8547004799979105,-0.7346023792693883,0.7191371186549691,0.1012276307576495,-0.4591642978748364,-0.7220504712736829,0,0
-0.3793081836959205,0.2268784864902951,0.4692064109766948,-0.5732700794090204,0.06973020874800331,0.2882500161063645,0.9084059148308669,1.4823416316196099,1.4883204977695428,0.9272898677306811,0,0
1.341609349838945,0.37693419087358504,0.624926924571683,-0.3747084046354713,0.06973020874800331,-0.23381110967946211,0.7191371186549691,-0.14988400576270725,-0.794937538503178,1.1213299076135472,0,0
-0.010540140795592191,0.623775150855327,0.9627338648293696,0.21671927472342667,0.45022617735022225,0.3414647377472831,-1.268185241191956,-1.0287747335839552,-0.4591642978748364,1.911350069993789,0,0
0.6655346045216763,2.5111417410159964,2.2385741196212092,0.017365312149962103,0.09904847137754404,1.5194018242394387,-0.7950132507522121,-0.9032189153237768,-0.794937538503178,1.1005007507899633,0,0
0.17384388065457196,-0.5379313791014584,-0.6979580530383803,-0.6559055308977622,-0.5278028255976409,-0.6479312607925423,-0.22720686222451883,-0.024328187502528874,0.21238218338184606,-0.9268705133722639,1,0
0.3582279021047361,-0.6584879789859119,-0.6979580530383803,-0.631959051791938,0.2361061407994001,-0.8785643257798388,1.5708467014465077,1.8590090864001445,1.21970190526687,-0.7220504712736829,0,0
0.05092119968779586,-0.6584879789859119,-0.6979580530383803,-0.8186499209732583,-0.30864856533825014,-0.20529898584398648,0.8137715167429176,0.8545625403187186,0.5481554240101877,-0.7220504712736829,0,0
0.6040732640382883,-0.7951637793924539,-0.6979580530383803,0.4203157336541049,0.35957030125795314,0.2131442751336804,0.3405995263031736,0.3523392672780057,0.21238218338184606,-0.45871041714693545,0,0
0.29676656162134807,0.11303370133807245,0.15456537814407817,1.2409447035191794,-0.43546661388610264,-0.4565962771460793,0.3405995263031736,0.47789508553818405,0.21238218338184606,0.0369885082681179,1,0
0.17384388065457196,-0.430089825697822,-0.3833170202057637,0.5592552576440231,-0.08819844570792246,0.17362552783019894,-0.511110056488365,-0.7776630970635985,-0.794937538503178,-0.35337439549623695,1,0
1.6489160522558852,-0.9529444116056305,-1.2358404513882222,-1.7565630076483654,-0.30864856533825014,-0.35567786559520237,-0.13257246413657037,0.1012276307576495,0.21238218338184606,-1.3365105975694263,0,0
1.403070690322333,0.17153808602243215,0.013083801085671514,-0.9392616472102844,-0.9859763818622591,-0.8785643257798388,0.05669633203932739,1.1056741768390752,2.227021627151894,-0.5172304291751016,0,0
-0.44076952417930854,0.11303370133807245,0.5509661994355135,-0.5732700794090204,-0.9859763818622591,-0.3883227233778525,0.7191371186549691,0.6034509037983624,0.21238218338184606,1.7719347472208051,0,0
-1.1783056099799651,-0.5379313791014584,-0.6979580530383803,-0.8982769665316215,-1.1327303544825886,-1.5611755179982263,0.5298683224790713,0.47789508553818405,0.21238218338184606,-0.9268705133722639,1,0
1.5259933712891092,0.11303370133807245,0.013083801085671514,1.090277568975278,0.4281730587617797,-0.09796364105234408,-0.7003788526642628,-0.024328187502528874,0.5481554240101877,-0.396748051470054,0,0
1.218686668872169,-0.33253527425030543,0.013083801085671514,2.2140480298236827,-1.1327303544825886,-0.04790345575070855,-0.7003788526642628,-2.0332212796653812,-1.9701438807023726,0.7861698387249598,0,0
1.1572253283887808,-0.08569431426856347,0.013083801085671514,0.47700823176370954,-0.30864856533825014,0.6167604444906343,0.7191371186549691,-0.6521072788034201,-1.4664840197598605,0.06796969110655864,0,0
-1.9158416957806217,-0.08569431426856347,0.013083801085671514,0.2637134645588525,0.471895743935375,-0.07265541336579703,0.24596512821522515,0.980118358578897,1.555475145895211,0.06796969110655864,0,0
-0.010540140795592191,-0.9529444116056305,-1.2358404513882222,-0.39585905071501215,-0.3917439287125079,-0.5292775419686389,-0.6057444545763143,-0.2754398240228856,0.21238218338184606,-1.3365105975694263,0,0
-0.44076952417930854,0.9090517185430385,1.162809322921525,-0.19343579792248425,1.876031162959443,1.7743456445886698,1.2869435071826616,1.7334532681399666,1.21970190526687,1.8188251861114184,0,0
-2.0387643767473977,-0.430089825697822,-0.6979580530383803,2.311930209188999,1.7126348305890982,0.9132701086624471,0.7191371186549691,0.7290067220585408,0.21238218338184606,-1.090726547051129,0,0
1.2801480093555568,2.4877453376988217,2.2116581173032634,1.0268212701533106,1.8335508437007693,2.2908341918150454,1.2869435071826616,-0.6521072788034201,-1.4664840197598605,1.0573976401376894,0,0
-0.8095375670796369,2.1218258258569724,1.9413720289678138,1.6167376243887017,0.2361061407994001,0.7326972289767861,0.15133073012727585,-0.9032189153237768,-1.4664840197598605,1.0908608104418576,0,0
-0.8095375670796369,-0.7951637793924539,-0.6979580530383803,0.31723290390520903,1.1752821930335795,1.5494347703678506,-0.41647565840041656,-0.2754398240228856,-0.0226590850579927,-0.45871041714693545,0,0
1.2801480093555568,-0.430089825697822,-0.3833170202057637,-0.4606307157249025,-0.3495036573638041,0.13266942393495193,-1.0789164450160582,-1.2798863701043115,-1.1307107791315192,-0.35337439549623695,0,0
-0.19492416224575634,2.433062110980016,2.2473425775342344,0.06902053879822047,0.4281730587617797,0.6697664037365227,-0.984282046928109,-1.4054421883644899,-1.4664840197598605,1.4360533869357575,0,0
-1.7929190148138456,1.659197320714824,1.6458924701397561,0.2559543466708279,2.092713039364152,1.410848341160536,0.6245027205670198,1.1056741768390752,0.8839286646385285,1.3607299568196807,0,0
-0.7480762265962488,0.2793796394260684,0.5509661994355135,0.17673108457041384,1.9762971941048117,1.2981374790657578,-0.984282046928109,-0.14988400576270725,1.0518152849526994,1.1213299076135472,0,0
0.6040732640382883,0.7919472233777568,0.8656072322681301,-0.2128156655318231,0.38286011341972964,1.2981374790657578,-1.268185241191956,-1.6565538248848461,-1.4664840197598605,0.7861698387249603,0,0
0.7884572854884525,-0.7951637793924539,-1.2358404513882222,-0.6679827864293568,-0.48077955922815263,-0.8785643257798388,0.24596512821522515,0.1012276307576495,-0.12339105724649518,-1.5120706336539242,1,0
0.23530522113796,-0.33253527425030543,0.013083801085671514,-0.8317115358261241,-0.3495036573638041,-0.49235066862113014,0.5298683224790713,1.4823416316196099,1.8912483865235525,0.7861698387249598,0,0
-1.6699963338470696,-0.6584879789859119,-0.6979580530383803,-0.08079643423836629,0.40572256537397494,0.13266942393495193,0.4352339243911229,1.1056741768390752,1.21970190526687,-0.7220504712736829,0,0
1.2801480093555568,-0.33253527425030543,0.013083801085671514,-0.7294421325513228,-1.3914424982455231,0.17362552783019894,0.6245027205670198,1.2312299950992531,1.421165849643875,0.7861698387249598,0,0
-0.5636922051460846,0.11303370133807245,0.013083801085671514,-0.30232769940808124,-0.12233670921437628,-0.3883227233778525,0.6245027205670198,0.980118358578897,0.8839286646385285,-0.396748051470054,0,0
-0.010540140795592191,0.11303370133807245,0.3778067436613035,0.5925891006943707,-1.491173204496365,-0.2630638903892315,-0.13257246413657037,-1.2798863701043115,-1.4664840197598605,0.9044616277444617,0,0
-0.5636922051460846,-0.6584879789859119,-0.6979580530383803,2.101746073338418,0.7062029332464578,1.1893193575796275,0.15133073012727585,-0.024328187502528874,-0.4591642978748364,-0.7220504712736829,1,0
-0.44076952417930854,0.11303370133807245,0.2741863471073553,2.6825687284689996,1.0054112554006507,2.585145676249522e-05,-0.41647565840041656,-0.14988400576270725,0.21238218338184606,0.4707250680062894,0,0
1.0343026474220047,1.2172472578380489,1.126709778289814,-1.736237765995138,-0.9859763818622591,-0.20529898584398648,-1.3628196392799046,-1.2798863701043115,2.6299495159059036,0.5314481863696339,0,0
1.218686668872169,-0.7951637793924539,-1.2358404513882222,1.0481888497202914,-0.8547004799979105,-0.5292775419686389,-1.0789164450160582,-0.400995642283064,0.5481554240101877,-1.5120706336539242,0,0
1.8333000737060494,1.6983185696738492,1.7351863009696682,1.0160547307139052,-0.3495036573638041,-0.7346023792693883,-0.8896476488401606,-1.6565538248848461,-1.533638667885529,1.674344021279716,0,0
1.8333000737060494,-0.08569431426856347,-0.1600756546885384,-0.20310319691612422,0.28696906713465037,-0.5292775419686389,-0.511110056488365,-0.6521072788034201,-0.794937538503178,-0.45871041714693545,0,0
0.6040732640382883,1.0864036559974755,1.377182017408948,-0.0626013775813272,-1.2991062865339855,-0.7346023792693883,0.6245027205670198,-1.2798863701043115,-1.8022572603882017,2.2943901487236027,0,0
1.8333000737060494,-0.6584879789859119,-0.6979580530383803,-0.30232769940808124,-0.48077955922815263,-0.7805748332707322,-1.9306260278075968,-1.4054421883644899,-0.4591642978748364,-0.7220504712736829,1,0
-0.3178468432125324,3.0781362509626047,2.8067222029055174,0.3840831552748682,1.2693622380218568,1.5254728294367006,1.3815779052706108,-0.5265514605432418,-1.4664840197598605,1.8155900503113356,0,0
0.05092119968779586,-0.08569431426856347,-0.1600756546885384,0.47700823176370954,3.17814593867698,2.8867854239728135,-2.6877012125111874,-2.6610003709662724,-2.1380305010165435,-0.45871041714693545,1,0
2.0176840951562136,-0.430089825697822,-0.3833170202057637,-0.9255103052381352,-0.43546661388610264,0.4249228191322918,-0.13257246413657037,-0.024328187502528874,-0.12339105724649518,-0.35337439549623695,0,0
-0.010540140795592191,0.4659945186421504,0.624926924571683,-0.7170043598186326,-0.23075015912448008,0.04599830545810637,-1.268185241191956,-0.6521072788034201,0.21238218338184606,0.8140998444656758,0,0
-0.1334628217623683,-0.5379313791014584,-0.3833170202057637,-1.0968386413051707,-1.491173204496365,-0.5674564095938143,0.9084059148308669,0.47789508553818405,2.898568108408577,-0.10759034497793968,1,0
-0.2563855027291444,0.5865511185266042,0.7545609391545215,1.8643636340894085,1.587516216730047,0.39227796134964266,1.4762123033585592,1.1056741768390752,0.21238218338184606,0.9847832128811597,0,0
1.8333000737060494,2.3279906487908195,2.256013061800431,3.040460283170778,0.723876544082164,-0.15035302829445343,-1.0789164450160582,-1.1543305518441331,-0.794937538503178,1.918467368753971,0,0
0.9113799664552286,0.5479220783190677,0.6924477764939201,-0.6801304636738992,0.06973020874800331,-0.29309683651764296,-0.984282046928109,-0.5265514605432418,0.21238218338184606,0.8377329262462808,0,0
0.6040732640382883,-0.5379313791014584,-0.6979580530383803,-0.4606307157249025,-0.5766706055132325,-0.6069751568972952,-0.511110056488365,-0.5265514605432418,-0.4591642978748364,-0.9268705133722639,0,0
0.9113799664552286,1.807438759195043,1.6267309961351974,2.892344674658937,-0.23075015912448008,-0.4565962771460793,0.3405995263031736,-0.024328187502528874,-0.4591642978748364,0.748511404018377,0,0
-1.6699963338470696,-0.6584879789859119,-0.6979580530383803,0.3620372273831985,0.7413029634335065,1.2055235038597865,-0.8896476488401606,-0.7776630970635985,-0.4591642978748364,-0.7220504712736829,0,0
-0.3178468432125324,0.8810075511463225,1.0070888093265369,0.3840831552748682,0.28696906713465037,0.2513231427588553,0.5298683224790713,-0.2754398240228856,-0.794937538503178,1.1213299076135472,0,0
0.9113799664552286,2.770299914366139,2.5171156078221144,2.9184954876228493,0.35957030125795314,-0.1774909375155152,0.4352339243911229,0.2267834490178273,-0.12339105724649518,1.5094099873792794,0,0
0.29676656162134807,-0.6584879789859119,-0.6979580530383803,-0.9255103052381352,-0.3917439287125079,-0.5292775419686389,0.9084059148308669,1.2312299950992531,1.21970190526687,-0.7220504712736829,0,0
1.0343026474220047,2.0149237384018024,1.873851177045577,2.2531584487218757,0.5945489908131765,0.8265989901856006,1.0030403129188152,0.1012276307576495,-0.6606282422518414,1.1551534008041384,0,0
0.5426119235549003,1.3148018092855656,1.4535715403609875,0.8120888486433655,0.6516262376256907,-0.15035302829445343,0.5298683224790713,0.1012276307576495,-0.4591642978748364,1.724618031613005,1,0
1.0343026474220047,1.5319726315858533,1.403489630617972,1.723193441073948,1.3355354165832578,0.35865848755049773,-0.037938066048621065,-0.024328187502528874,-0.12339105724649518,0.6875933478753753,0,0
1.7718387332226613,-0.9529444116056305,-1.2358404513882222,0.28681892222247096,-0.6275335318484828,0.8038473328064777,-1.3628196392799046,-1.4054421883644899,-1.1307107791315192,-1.3365105975694263,0,0
-0.8709989075630249,-0.6584879789859119,-0.6979580530383803,-0.20310319691612422,-1.213143330011687,-0.9309537130219476,1.0976747110067637,1.1056741768390752,0.5481554240101877,-0.7220504712736829,1,0
-1.9773030362640098,-0.7951637793924539,-0.6979580530383803,0.8120888486433655,-1.0571939748962915,-0.7805748332707322,0.9084059148308669,1.1056741768390752,0.5481554240101877,-0.45871041714693545,1,0
0.9113799664552286,2.024271274409456,1.7842131456029333,2.3998710294882812,1.5698426058943407,2.237421479889374,-0.8896476488401606,-1.2798863701043115,-1.1307107791315192,0.7191378249472428,0,0
-0.9324602480464129,0.05098148613797845,-0.1600756546885384,0.7020932933657891,0.9333698813958862,1.1974505751191022,-0.7950132507522121,-0.5265514605432418,-0.12339105724649518,-0.7220504712736829,0,0
-0.8709989075630249,-0.16154738680482278,0.013083801085671514,-0.5274809670945598,-0.3917439287125079,-0.4565962771460793,0.3405995263031736,0.3523392672780057,0.21238218338184606,0.27053896351174844,0,0
-0.5022308646626966,0.17153808602243215,0.3778067436613035,-1.0237321667811987,0.5549911073096327,0.2131442751336804,-0.7003788526642628,-0.2754398240228856,0.21238218338184606,0.7116898234163852,0,0
1.6489160522558852,0.11303370133807245,0.3778067436613035,-0.3537703314600257,-0.43546661388610264,-0.29309683651764296,-0.22720686222451883,-0.14988400576270725,-0.0226590850579927,0.9044616277444617,0,0
0.7884572854884525,-0.6584879789859119,-0.6979580530383803,-1.2512293170454216,-0.6275335318484828,-0.7346023792693883,0.5298683224790713,1.1056741768390752,1.21970190526687,-0.7220504712736829,1,0
-1.1783056099799651,1.5319726315858533,1.4535715403609875,-1.0968386413051707,-0.08819844570792246,-1.0436645751167262,-2.6877012125111874,-2.7865561892264505,-2.1380305010165435,0.9044616277444617,0,0
0.4811505830715122,-0.7951637793924539,-1.2358404513882222,-0.5502497264552632,-0.8547004799979105,-0.42194219717699644,-1.5520884354558022,-1.5309980066246682,-1.1307107791315192,-1.5120706336539242,1,0
-0.5022308646626966,-0.7951637793924539,-0.6979580530383803,-0.01779705410333955,1.099745813447283,0.13266942393495193,2.8957282746777913,2.23567654118068,0.21238218338184606,-0.45871041714693545,0,0
-1.4241509719135175,1.516808678990306,1.4535715403609875,2.6606260016842396,1.6885961041336648,1.8494513855613528,-0.22720686222451883,-0.400995642283064,-0.4591642978748364,0.9562510677131982,1,0
-0.2563855027291444,-0.24347494648174,0.013083801085671514,0.07750658207845683,-0.1935543022484093,-0.15035302829445343,0.4352339243911229,0.3523392672780057,0.11165021119334358,0.506869781317804,0,0
-0.3178468432125324,-0.5379313791014584,-0.3833170202057637,0.441756616672643,2.1991750892311406,1.8357453088360651,0.3405995263031736,-0.024328187502528874,-0.4591642978748364,-0.10759034497793968,1,0
-0.19492416224575634,-1.1395592908217125,-1.2358404513882222,-0.7927698273580172,1.6966606544421938,0.9132701086624471,1.5708467014465077,1.1056741768390752,-0.12339105724649518,-1.090726547051129,1,0
0.7884572854884525,-0.6584879789859119,-0.6979580530383803,0.47700823176370954,-0.23075015912448008,0.23239549155573805,-0.22720686222451883,-0.024328187502528874,0.21238218338184606,-0.7220504712736829,0,0
-0.7480762265962488,0.17153808602243215,0.3778067436613035,-0.39585905071501215,-0.5766706055132325,-0.8785643257798388,1.4762123033585592,1.1056741768390752,0.21238218338184606,0.7116898234163852,0,0
1.6489160522558852,-0.6584879789859119,-0.6979580530383803,-0.9810688176108983,-0.6805614781426248,-0.35567786559520237,-0.41647565840041656,-0.14988400576270725,0.21238218338184606,-0.7220504712736829,0,0
-0.8709989075630249,-0.33253527425030543,-0.3833170202057637,-0.4606307157249025,-0.5278028255976409,-1.3098782266961335,1.3815779052706108,0.8545625403187186,-0.12339105724649518,-0.5544704368293895,1,0
0.9113799664552286,1.2573915434429581,1.230330174843762,-0.7170043598186326,1.4385667040299928,1.6184054264404597,0.3405995263031736,-0.2754398240228856,-0.794937538503178,0.8377329262462808,0,0
0.9113799664552286,0.3293187182356087,0.5509661994355135,-0.44969462371064955,1.313865849998105,1.844901202657028,-2.3091636201593926,-1.9076654614052027,-1.1307107791315192,0.9457698715290489,0,0
0.23530522113796,-0.9529444116056305,-1.2358404513882222,-0.17423454914505898,0.28696906713465037,0.11161892811310273,-1.3628196392799046,-0.9032189153237768,-0.12339105724649518,-1.3365105975694263,0,0
-0.6866148861128608,1.3866592433879341,1.2620080535595652,0.4203157336541049,0.15569316527030183,1.7791893885580543,-0.7950132507522121,-0.5265514605432418,-0.12339105724649518,0.5589426733767651,0,0
1.5259933712891092,-0.16154738680482278,-0.1600756546885384,0.859171547304737,-0.9186103179317671,-1.3875758416247899,-0.3218412603124681,-0.400995642283064,-0.4591642978748364,-0.29665499922278354,0,0
-0.010540140795592191,0.8521733041434172,0.8656072322681301,-0.4716245182543948,0.5749270313821098,0.6697664037365227,-0.7950132507522121,-0.2754398240228856,0.21238218338184606,0.5946497993600527,1,0
0.7269959450050645,-0.9529444116056305,-1.2358404513882222,-0.2521247703054,0.3116425203856972,0.23239549155573805,-0.511110056488365,-0.5265514605432418,-0.4591642978748364,-1.3365105975694263,0,0
-0.6866148861128608,-0.6584879789859119,-0.6979580530383803,-0.4388156394867202,-1.213143330011687,-1.5611755179982263,2.0440186918862517,1.9845649046603233,0.8839286646385285,-0.7220504712736829,1,0
0.23530522113796,0.9629351108232396,1.126709778289814,-0.4716245182543948,0.6138667215349201,1.4947851340242813,0.4352339243911229,-0.14988400576270725,-0.794937538503178,1.404926888980814,0,0
-1.055382929013189,-0.6584879789859119,-0.6979580530383803,0.5525240054399343,0.40572256537397494,-0.8285041404782032,0.3405995263031736,1.2312299950992531,1.9248257105863869,-0.7220504712736829,1,0
1.7718387332226613,-0.430089825697822,-0.3833170202057637,-0.631959051791938,-0.3495036573638041,-0.4565962771460793,-0.037938066048621065,0.3523392672780057,0.5481554240101877,-0.35337439549623695,0,0
1.6489160522558852,0.9629351108232396,1.0888485977853553,-0.406515446045651,-0.48077955922815263,0.23239549155573805,0.8137715167429176,-0.9032189153237768,-1.8022572603882017,1.2158622347359698,0,0
1.8333000737060494,1.9863577519374516,1.7998904519094072,1.7986843358623879,-0.08819844570792246,-0.5674564095938143,-1.268185241191956,-1.6565538248848461,-1.4664840197598605,0.9126453364187666,0,0
1.2801480093555568,2.445468906267721,2.124809784258778,0.5925891006943707,2.2045341025371177,2.3418279056392466,0.4352339243911229,-1.4054421883644899,-1.8022572603882017,0.810398277439797,0,0
-0.6866148861128608,0.9090517185430385,1.126709778289814,1.513068439233524,1.324747741637819,0.720389251421469,0.05669633203932739,-0.400995642283064,-0.794937538503178,1.619540820826312,0,0
2.75522018095687,-0.33253527425030543,-0.3833170202057637,-0.20310319691612422,0.18307819450525803,1.1561943596333326,0.4352339243911229,-0.14988400576270725,-0.794937538503178,-0.5544704368293895,0,0
-1.6699963338470696,0.17153808602243215,0.2741863471073553,-0.5965476483325806,-0.15743673940142452,-0.3239527046678899,0.3405995263031736,0.6034509037983624,0.5481554240101877,0.30204973921922235,0,0
0.23530522113796,-0.6584879789859119,-0.6979580530383803,-0.3747084046354713,-0.6805614781426248,-0.9858996705714811,0.5298683224790713,1.4823416316196099,1.8912483865235525,-0.7220504712736829,1,0
0.3582279021047361,0.37693419087358504,0.5509661994355135,1.9694272776264747,-1.0571939748962915,-0.6069751568972952,0.8137715167429176,-0.6521072788034201,-1.2985973994456896,0.7861698387249598,0,0
-0.010540140795592191,-0.33253527425030543,-0.1600756546885384,-1.9715288675298634,1.033100587646728,1.5375175296707084,0.7191371186549691,0.8545625403187186,0.5817327480730218,0.1158497009477854,0,0
-2.2846097386809503,-0.5379313791014584,-0.6979580530383803,1.0954793712901862,-0.5766706055132325,0.2131442751336804,1.0030403129188152,0.3523392672780057,-0.4591642978748364,-0.9268705133722639,1,0
0.4196892425881242,-0.9529444116056305,-1.2358404513882222,-0.4172266302819929,-1.7183401526457935,-1.5611755179982263,0.4352339243911229,0.2267834490178273,-0.12339105724649518,-1.3365105975694263,1,1
-0.010540140795592191,-0.16154738680482278,0.15456537814407817,-0.7419546070695145,0.26179712671038347,-0.15035302829445343,-0.7950132507522121,-0.7776630970635985,-0.4591642978748364,0.8377329262462808,0,1
-0.19492416224575634,-0.430089825697822,-0.3833170202057637,-0.8982769665316215,-0.054970645283884234,-0.9309537130219476,0.3405995263031736,0.980118358578897,1.21970190526687,-0.35337439549623695,0,1
-2.346071079164338,-1.1395592908217125,-1.2358404513882222,0.8239596542355945,-0.43546661388610264,0.0682994052249898,1.3815779052706108,1.3567858133594322,0.5481554240101877,-1.090726547051129,0,1
0.4811505830715122,-0.5379313791014584,-0.6979580530383803,-0.2521247703054,-0.15743673940142452,-0.4565962771460793,1.4762123033585592,0.980118358578897,-0.12339105724649518,-0.9268705133722639,1,1
0.29676656162134807,-0.33253527425030543,-0.3833170202057637,-0.631959051791938,-0.8547004799979105,-1.0436645751167262,0.6245027205670198,1.7334532681399666,2.562794867780235,-0.5544704368293895,0,1
-0.3178468432125324,-0.7951637793924539,-0.6979580530383803,-0.6200882461997091,-0.43546661388610264,-0.12385371775042418,-1.0789164450160582,-0.9032189153237768,-0.4591642978748364,-0.45871041714693545,0,1
0.9113799664552286,-1.1395592908217125,-1.2358404513882222,1.5551571584885104,-0.8547004799979105,-0.3883227233778525,-0.511110056488365,-1.9076654614052027,-1.9029892325767042,-1.090726547051129,0,1
0.9113799664552286,-0.9529444116056305,-1.2358404513882222,-0.5049583613047443,-0.8547004799979105,-0.9309537130219476,-0.22720686222451883,0.2267834490178273,0.5481554240101877,-1.3365105975694263,0,1
-1.2397669504633533,-0.9529444116056305,-1.2358404513882222,-0.5388342417575943,1.033100587646728,0.11161892811310273,-0.8896476488401606,-1.0287747335839552,-0.794937538503178,-1.3365105975694263,0,1
-0.19492416224575634,-0.6584879789859119,-0.6979580530383803,-0.844855558888679,-0.48077955922815263,-0.8285041404782032,0.24596512821522515,-0.024328187502528874,-0.4591642978748364,-0.7220504712736829,0,1
-0.5636922051460846,-0.6584879789859119,-0.6979580530383803,-0.5502497264552632,-0.30864856533825014,-0.3883227233778525,-0.037938066048621065,0.8545625403187186,1.555475145895211,-0.7220504712736829,0,1
0.17384388065457196,-0.7951637793924539,-0.6979580530383803,-0.7545426861220094,-0.2690906818347058,-0.5292775419686389,1.4762123033585592,1.1056741768390752,0.21238218338184606,-0.45871041714693545,0,1
-0.44076952417930854,0.5479220783190677,0.6924477764939201,1.1417202010272223,0.4931948723810841,0.19355823821361082,-0.7950132507522121,-0.14988400576270725,-0.4591642978748364,0.8377329262462808,1,1
0.17384388065457196,-0.7951637793924539,-0.6979580530383803,-0.2720610061233507,-1.213143330011687,-0.5292775419686389,-1.7413572316317,-1.2798863701043115,-0.4591642978748364,-0.45871041714693545,0,1
-0.6251535456294727,0.2793796394260684,0.624926924571683,-0.09915180182963408,-0.23075015912448008,1.16456739996454,-0.41647565840041656,-0.5265514605432418,-0.4591642978748364,1.4900059833909935,0,1
1.218686668872169,-0.33253527425030543,-0.3833170202057637,0.17673108457041384,0.2361061407994001,-0.20529898584398648,0.5298683224790713,0.980118358578897,0.8839286646385285,-0.5544704368293895,0,1
-0.07200148127898025,-0.5379313791014584,-0.6979580530383803,-0.5502497264552632,-0.3917439287125079,0.60310974721198,0.6245027205670198,0.7290067220585408,0.21238218338184606,-0.9268705133722639,0,1
1.1572253283887808,-0.5379313791014584,-0.3833170202057637,0.5592552576440231,0.5347310076992674,0.2131442751336804,0.5298683224790713,0.3523392672780057,-0.12339105724649518,-0.10759034497793968,0,1
-0.9939215885298011,-0.6584879789859119,-0.6979580530383803,-0.8713950355588835,-1.491173204496365,-1.3098782266961335,0.3405995263031736,0.7290067220585408,0.5481554240101877,-0.7220504712736829,0,1
-1.055382929013189,-0.430089825697822,-0.3833170202057637,-2.017317979844324,-0.9859763818622591,0.9132701086624471,0.3405995263031736,-0.024328187502528874,-0.4591642978748364,-0.35337439549623695,1,1
-1.1168442694965772,-0.7951637793924539,-0.6979580530383803,0.05194404364175357,-0.793909463899879,-0.8285041404782032,-1.0789164450160582,-1.0287747335839552,-0.794937538503178,-0.45871041714693545,0,1
-0.44076952417930854,0.5865511185266042,0.8120687454571972,-1.6961726707407034,-0.5766706055132325,-0.9309537130219476,1.0030403129188152,1.3567858133594322,0.8839286646385285,1.2578766023459345,0,1
-2.5304551006145024,-0.5379313791014584,-0.6979580530383803,0.800150015140643,-0.3495036573638041,-0.3883227233778525,1.4762123033585592,1.1056741768390752,0.21238218338184606,-0.9268705133722639,0,1
-0.44076952417930854,-0.430089825697822,-0.3833170202057637,-0.19343579792248425,-0.793909463899879,-0.7805748332707322,0.8137715167429176,1.6078974498797889,1.8912483865235525,-0.35337439549623695,0,1
-0.7480762265962488,-0.6584879789859119,-0.6979580530383803,-0.3747084046354713,-0.5278028255976409,-0.8285041404782032,1.4762123033585592,1.1056741768390752,0.21238218338184606,-0.7220504712736829,0,1
-0.9324602480464129,-0.7951637793924539,-0.6979580530383803,-0.4172266302819929,-0.2690906818347058,-0.3239527046678899,1.0030403129188152,0.6034509037983624,-0.056236409120826863,-0.45871041714693545,1,1
-0.1334628217623683,-0.6584879789859119,-0.6979580530383803,-0.4388156394867202,-0.3917439287125079,-0.9858996705714811,-0.41647565840041656,-0.2754398240228856,-0.12339105724649518,-0.7220504712736829,0,1
0.23530522113796,-0.16154738680482278,-0.1600756546885384,-0.29218986555983456,-0.3495036573638041,-0.7346023792693883,-0.41647565840041656,-0.024328187502528874,0.41384612775885105,-0.29665499922278354,0,1
1.2801480093555568,-0.7951637793924539,-0.6979580530383803,-0.7927698273580172,-0.6275335318484828,-0.9858996705714811,-0.037938066048621065,0.1012276307576495,0.21238218338184606,-0.45871041714693545,1,1
0.6040732640382883,-0.6584879789859119,-0.6979580530383803,-0.10839048989578784,-1.2991062865339855,-0.8285041404782032,-0.3218412603124681,0.2267834490178273,0.8839286646385285,-0.7220504712736829,1,1
0.6655346045216763,-0.33253527425030543,0.013083801085671514,-0.5732700794090204,-0.3495036573638041,-0.15035302829445343,0.4352339243911229,0.8545625403187186,0.8839286646385285,0.7861698387249598,0,1
1.218686668872169,-0.430089825697822,-0.3833170202057637,-0.33304060077635445,-0.5278028255976409,-1.4710339230097986,-1.0789164450160582,-0.6521072788034201,-0.12339105724649518,-0.35337439549623695,1,1
1.218686668872169,0.2268784864902951,0.3778067436613035,-0.6923493886995999,-0.12233670921437628,-0.12385371775042418,-2.49843241633529,-2.1587770979255594,-1.1978654272571876,0.5392097879649485,0,1
-0.5022308646626966,-0.6584879789859119,-0.6979580530383803,-0.406515446045651,0.5141360152840782,-0.20529898584398648,1.6654810995344562,2.3612323594408577,1.8912483865235525,-0.7220504712736829,0,1
-0.6251535456294727,-0.6584879789859119,-0.6979580530383803,-0.3747084046354713,-0.12233670921437628,-0.4565962771460793,0.5298683224790713,1.1056741768390752,1.21970190526687,-0.7220504712736829,0,1
0.6040732640382883,-0.33253527425030543,-0.3833170202057637,-0.20310319691612422,-0.793909463899879,-1.3098782266961335,-0.22720686222451883,-0.2754398240228856,-0.4591642978748364,-0.5544704368293895,0,1
-0.5636922051460846,-0.24347494648174,-0.1600756546885384,0.859171547304737,1.7362185379457376,0.7079452713616976,1.7601154976224063,1.6078974498797889,0.5481554240101877,-0.10759034497793926,1,1
-2.0387643767473977,-0.6584879789859119,-0.6979580530383803,0.5047862532250191,0.20987425248233393,0.37559367490583784,0.24596512821522515,0.47789508553818405,0.5481554240101877,-0.7220504712736829,0,1
-1.1168442694965772,-0.430089825697822,-0.3833170202057637,-0.5732700794090204,0.4281730587617797,0.9441259768126935,0.3405995263031736,0.980118358578897,3.0664547287227477,-0.35337439549623695,0,1
0.4196892425881242,-0.9529444116056305,-1.2358404513882222,-0.5965476483325806,-0.5278028255976409,-0.6479312607925423,0.05669633203932739,0.6034509037983624,0.8839286646385285,-1.3365105975694263,0,1
-1.3626896314301293,-0.33253527425030543,0.013083801085671514,-0.44969462371064955,-0.08819844570792246,-0.1774909375155152,1.192309109094713,1.4823416316196099,0.8839286646385285,0.7861698387249598,0,1
-0.9939215885298011,-0.7951637793924539,-1.2358404513882222,-0.7927698273580172,0.33583684705024197,-0.1774909375155152,-1.1735508431040067,-0.7776630970635985,-0.12339105724649518,-1.5120706336539242,1,1
-1.9773030362640098,-0.9529444116056305,-1.2358404513882222,0.6253979794620452,-0.43546661388610264,0.17362552783019894,0.7191371186549691,0.6034509037983624,0.21238218338184606,-1.3365105975694263,0,1
-1.6699963338470696,-0.16154738680482278,0.2741863471073553,0.5991923415466245,-1.7183401526457935,-0.9309537130219476,-0.41647565840041656,-1.2798863701043115,-1.4664840197598605,1.4049268889808133,0,1
2.386452138056542,-0.7951637793924539,-0.6979580530383803,-0.4826766436165722,-1.3914424982455231,-0.9309537130219476,-0.41647565840041656,0.1012276307576495,0.5481554240101877,-0.45871041714693545,1,1
-1.2397669504633533,-0.7951637793924539,-1.2358404513882222,-1.0968386413051707,-0.2690906818347058,-0.7346023792693883,1.0976747110067637,1.4823416316196099,1.21970190526687,-1.5120706336539242,1,1
-0.3793081836959205,0.05098148613797845,0.3778067436613035,-0.0626013775813272,0.9913323635371786,0.4875038482098512,1.4762123033585592,1.1056741768390752,0.21238218338184606,1.1213299076135472,0,1
-2.407532419647726,-0.9529444116056305,-1.2358404513882222,0.41311945449613113,-0.054970645283884234,-0.5292775419686389,-1.5520884354558022,-1.4054421883644899,-0.794937538503178,-1.3365105975694263,0,1
-0.44076952417930854,-0.9529444116056305,-1.2358404513882222,-0.7545426861220094,-0.7359469817585865,-0.3883227233778525,-0.511110056488365,-0.2754398240228856,-0.12339105724649518,-1.3365105975694263,1,1
1.5259933712891092,-0.7951637793924539,-0.6979580530383803,-0.0001416878889102189,-0.9859763818622591,-0.6069751568972952,-0.6057444545763143,-0.7776630970635985,-0.6270509181890073,-0.45871041714693545,1,1
-0.19492416224575634,-0.7951637793924539,-0.6979580530383803,-0.38525688663854984,0.5945489908131765,-0.42194219717699644,-0.6057444545763143,-0.9032189153237768,-0.794937538503178,-0.45871041714693545,0,1
-1.7314576743304577,-0.7951637793924539,-0.6979580530383803,-1.0237321667811987,-0.9859763818622591,-0.3239527046678899,0.7191371186549691,0.980118358578897,0.8167740165128602,-0.45871041714693545,1,1
0.9113799664552286,0.37693419087358504,0.5509661994355135,0.27914554063864444,0.15569316527030183,0.09016744644519024,-0.3218412603124681,-0.2754398240228856,-0.12339105724649518,0.7861698387249598,0,1
-1.7929190148138456,-0.7951637793924539,-0.6979580530383803,1.1819788594839502,-0.43546661388610264,-0.35567786559520237,0.7191371186549691,1.2312299950992531,1.21970190526687,-0.45871041714693545,0,1
0.29676656162134807,-0.7951637793924539,-0.6979580530383803,-0.29218986555983456,-0.9859763818622591,-1.1689234081053468,1.8547498957103548,1.3567858133594322,0.21238218338184606,-0.45871041714693545,0,1
0.9728413069386166,-0.6584879789859119,-0.6979580530383803,-0.4388156394867202,-0.43546661388610264,-0.35567786559520237,0.4352339243911229,0.3523392672780057,-0.12339105724649518,-0.7220504712736829,0,1
-0.010540140795592191,-0.9529444116056305,-1.2358404513882222,0.2714437915907484,-0.6805614781426248,-0.15035302829445343,-1.268185241191956,-1.4054421883644899,-1.4664840197598605,-1.3365105975694263,1,1
1.1572253283887808,-0.33253527425030543,0.013083801085671514,-1.0237321667811987,-0.8547004799979105,-0.7805748332707322,-0.8896476488401606,0.1012276307576495,1.5218978218323769,0.7861698387249598,0,1
-0.2563855027291444,-0.5379313791014584,-0.6979580530383803,-0.343379682764705,-0.30864856533825014,-0.7805748332707322,1.0976747110067637,0.8545625403187186,0.21238218338184606,-0.9268705133722639,1,1
1.218686668872169,-0.7951637793924539,-0.6979580530383803,-0.3642130638250128,-0.9186103179317671,-0.8785643257798388,-0.13257246413657037,0.6034509037983624,1.21970190526687,-0.45871041714693545,0,1
2.4479134785399297,-0.430089825697822,-0.3833170202057637,-0.2720610061233507,-1.0571939748962915,-1.3098782266961335,0.5298683224790713,0.6034509037983624,0.21238218338184606,-0.35337439549623695,1,1
0.23530522113796,-0.6584879789859119,-0.6979580530383803,-0.844855558888679,-0.9186103179317671,-1.3098782266961335,0.15133073012727585,0.6034509037983624,0.8839286646385285,-0.7220504712736829,1,1
1.218686668872169,-0.7951637793924539,-0.6979580530383803,0.23250208312264142,-0.3495036573638041,-0.6069751568972952,-1.1735508431040067,-1.6565538248848461,-1.3993293716341921,-0.45871041714693545,0,1
0.6655346045216763,-0.430089825697822,-0.3833170202057637,-0.406515446045651,-0.7359469817585865,-0.6069751568972952,-0.6057444545763143,-0.6521072788034201,-0.4591642978748364,-0.35337439549623695,0,1
0.6040732640382883,-0.5379313791014584,-0.6979580530383803,-1.4886117562944312,-0.12233670921437628,-1.237196961873574,-0.22720686222451883,0.1012276307576495,0.21238218338184606,-0.9268705133722639,0,1
0.29676656162134807,-0.430089825697822,-0.3833170202057637,-0.44969462371064955,-0.7359469817585865,-0.49235066862113014,1.2869435071826616,1.1056741768390752,0.21238218338184606,-0.35337439549623695,1,1
0.11238254017118392,-0.6584879789859119,-0.6979580530383803,-0.008950668221710586,-1.7183401526457935,-1.4710339230097986,0.24596512821522515,-0.2754398240228856,-0.5934735941261731,-0.7220504712736829,1,1
-1.9158416957806217,-0.5379313791014584,-0.3833170202057637,0.5592552576440231,-0.793909463899879,-1.237196961873574,1.5708467014465077,1.3567858133594322,0.21238218338184606,-0.10759034497793968,0,1
-1.7314576743304577,-1.1395592908217125,-1.2358404513882222,-0.29218986555983456,-0.43546661388610264,-0.9309537130219476,0.6245027205670198,1.7334532681399666,2.562794867780235,-1.090726547051129,1,1
-0.5636922051460846,-0.7951637793924539,-0.6979580530383803,-0.9255103052381352,-0.793909463899879,-0.7346023792693883,-0.511110056488365,-0.024328187502528874,0.5481554240101877,-0.45871041714693545,1,1
1.0343026474220047,-0.7951637793924539,-0.6979580530383803,-0.6559055308977622,0.18307819450525803,-0.02368383978428082,0.8137715167429176,1.2312299950992531,0.8839286646385285,-0.45871041714693545,0,1
0.29676656162134807,-0.7951637793924539,-0.6979580530383803,-0.4388156394867202,-0.9859763818622591,-1.3098782266961335,0.9084059148308669,1.3567858133594322,1.21970190526687,-0.45871041714693545,0,1
0.17384388065457196,-0.6584879789859119,-0.6979580530383803,-0.17423454914505898,-0.2690906818347058,-0.6069751568972952,-1.1735508431040067,-0.7776630970635985,-0.12339105724649518,-0.7220504712736829,1,1
-1.5470736528802935,-0.9529444116056305,-0.6979580530383803,-0.33304060077635445,-1.491173204496365,-1.4710339230097986,-0.3218412603124681,-0.14988400576270725,-0.12339105724649518,-0.10759034497793926,1,1
-1.4241509719135175,-0.33253527425030543,-0.3833170202057637,-1.1268149965300944,-1.2991062865339855,-0.9309537130219476,0.5298683224790713,0.8545625403187186,0.5481554240101877,-0.5544704368293895,1,1
-0.010540140795592191,-0.7951637793924539,-0.6979580530383803,-0.5732700794090204,-0.9859763818622591,0.2131442751336804,0.24596512821522515,0.7290067220585408,0.8839286646385285,-0.45871041714693545,0,1
-0.9939215885298011,-0.24347494648174,-0.1600756546885384,-0.8186499209732583,-0.8547004799979105,-0.8785643257798388,-0.22720686222451883,-0.14988400576270725,-0.12339105724649518,-0.10759034497793926,0,1
-1.1168442694965772,-0.24347494648174,-0.1600756546885384,-0.5848763531305666,0.5749270313821098,-0.23381110967946211,-0.3218412603124681,0.2267834490178273,0.5481554240101877,-0.10759034497793926,0,1
-1.055382929013189,-0.9529444116056305,-1.2358404513882222,-1.1419664869120418,-0.7359469817585865,-1.237196961873574,-1.4574540373678528,-1.5309980066246682,-1.1307107791315192,-1.3365105975694263,1,1
0.7884572854884525,0.11303370133807245,0.3778067436613035,-0.4826766436165722,0.5141360152840782,0.6302476564330413,-0.511110056488365,0.47789508553818405,1.555475145895211,0.9044616277444617,0,1
-1.2397669504633533,-0.5379313791014584,-0.3833170202057637,-0.8317115358261241,-0.6275335318484828,-0.7346023792693883,0.4352339243911229,1.6078974498797889,2.562794867780235,-0.10759034497793968,1,1
1.2801480093555568,-0.9529444116056305,-0.6979580530383803,-1.7978182318953293,-1.0571939748962915,1.268104532937346,-1.3628196392799046,0.2267834490178273,3.2343413490369177,-0.10759034497793926,0,1
-0.8095375670796369,-0.7951637793924539,-0.6979580530383803,-0.4716245182543948,-0.7359469817585865,-0.12385371775042418,0.9084059148308669,-0.024328187502528874,-0.794937538503178,-0.45871041714693545,0,1
-1.4856123123969054,-0.430089825697822,-0.3833170202057637,-1.0672874969695194,-0.48077955922815263,-0.9309537130219476,-0.037938066048621065,0.47789508553818405,0.8839286646385285,-0.35337439549623695,0,1
-1.4241509719135175,0.5865511185266042,0.5509661994355135,-0.8186499209732583,0.9033450870361333,1.0957723510553563,-0.8896476488401606,-0.024328187502528874,0.8839286646385285,0.16550304448683514,0,1
1.218686668872169,-0.08569431426856347,0.15456537814407817,0.19281858338988192,-0.43546661388610264,-0.7805748332707322,-1.1735508431040067,-1.1543305518441331,-0.794937538503178,0.5946497993600531,0,1
-0.44076952417930854,-0.6584879789859119,-0.6979580530383803,0.08595819912500507,0.40572256537397494,0.7326972289767861,0.9084059148308669,1.4823416316196099,1.4883204977695428,-0.7220504712736829,0,1
-0.44076952417930854,-0.7951637793924539,-1.2358404513882222,-0.9255103052381352,1.0193328379181847,-0.9309537130219476,0.6245027205670198,1.3567858133594322,1.555475145895211,-1.5120706336539242,1,1
-1.6699963338470696,-0.6584879789859119,-0.6979580530383803,-0.3642130638250128,-0.1935543022484093,-0.49235066862113014,0.05669633203932739,0.47789508553818405,0.7496193683871919,-0.7220504712736829,1,1
0.9113799664552286,0.17153808602243215,0.013083801085671514,-0.343379682764705,0.15569316527030183,-0.7346023792693883,-2.403798018247341,-1.7821096431450245,-0.794937538503178,-0.5172304291751016,0,1
-0.6251535456294727,0.17153808602243215,0.15456537814407817,0.3096709328267562,0.2361061407994001,1.4759629342690401,0.05669633203932739,0.1012276307576495,-0.12339105724649518,-0.10759034497793968,0,1
-1.1168442694965772,-0.9529444116056305,-0.6979580530383803,-0.8056696874264723,-0.48077955922815263,-0.6069751568972952,-2.5930668144232385,-1.9076654614052027,-0.5934735941261731,-0.10759034497793926,0,1
-1.4241509719135175,-0.5379313791014584,-0.3833170202057637,-0.5848763531305666,-0.9859763818622591,-0.9309537130219476,0.24596512821522515,0.7290067220585408,0.8839286646385285,-0.10759034497793968,0,1
-0.1334628217623683,-0.16154738680482278,0.15456537814407817,-0.8847926427912804,-1.213143330011687,-0.9858996705714811,1.4762123033585592,1.1056741768390752,0.21238218338184606,0.8377329262462808,0,1
-0.010540140795592191,-0.7951637793924539,-0.6979580530383803,-0.9118491366485948,0.03970541438824987,-0.15035302829445343,-1.8359916297196484,-1.1543305518441331,-0.12339105724649518,-0.45871041714693545,1,1
-0.5636922051460846,-0.6584879789859119,-0.6979580530383803,-0.844855558888679,-0.3917439287125079,-0.23381110967946211,-0.41647565840041656,-1.1543305518441331,-1.4664840197598605,-0.7220504712736829,0,1
-0.9324602480464129,-0.6584879789859119,-0.6979580530383803,-0.844855558888679,-0.5766706055132325,-0.8785643257798388,1.3815779052706108,1.7334532681399666,1.21970190526687,-0.7220504712736829,1,1
-1.6085349933636814,-0.08569431426856347,0.3778067436613035,-0.5965476483325806,-1.3914424982455231,-0.6904332382823044,1.4762123033585592,1.8590090864001445,1.21970190526687,1.648010015867042,0,1
0.23530522113796,0.2793796394260684,0.15456537814407817,-0.2620690409513533,0.2361061407994001,-0.4565962771460793,-0.7003788526642628,-0.14988400576270725,0.5481554240101877,-0.35337439549623695,0,1
-1.4241509719135175,-0.6584879789859119,-0.6979580530383803,0.490943539539745,0.45022617735022225,-0.20529898584398648,1.3815779052706108,0.8545625403187186,-0.12339105724649518,-0.7220504712736829,0,1
-0.8095375670796369,-0.7951637793924539,-0.6979580530383803,-0.7545426861220094,-0.30864856533825014,-0.5674564095938143,-0.3218412603124681,-0.14988400576270725,0.07807288713050942,-0.45871041714693545,0,1
1.6489160522558852,-0.7951637793924539,-0.6979580530383803,-0.5161892280976657,-1.1327303544825886,-0.8785643257798388,0.8137715167429176,0.7290067220585408,0.21238218338184606,-0.45871041714693545,0,1
-1.055382929013189,-0.9529444116056305,-0.6979580530383803,-0.8317115358261241,-1.213143330011687,-1.237196961873574,0.5298683224790713,0.47789508553818405,0.21238218338184606,-0.10759034497793926,0,1
1.0343026474220047,-0.7951637793924539,-0.6979580530383803,-0.7927698273580172,-1.491173204496365,-1.1689234081053468,1.6654810995344562,0.1012276307576495,-1.1307107791315192,-0.45871041714693545,0,1
0.23530522113796,-0.9529444116056305,-1.2358404513882222,-0.5161892280976657,-1.0571939748962915,-0.6904332382823044,0.15133073012727585,-0.2754398240228856,-0.794937538503178,-1.3365105975694263,1,1
-1.3012282909467412,-0.5379313791014584,-0.6979580530383803,-0.406515446045651,0.00893919264997227,-0.35567786559520237,0.9084059148308669,1.2312299950992531,0.8839286646385285,-0.9268705133722639,1,1
-0.5636922051460846,-0.6584879789859119,-0.6979580530383803,-0.844855558888679,-0.3917439287125079,-0.23381110967946211,-0.41647565840041656,-1.1543305518441331,-1.4664840197598605,-0.7220504712736829,0,1
1.5259933712891092,-0.08569431426856347,0.15456537814407817,-1.009413754784744,-1.491173204496365,-0.7805748332707322,-0.22720686222451883,0.8545625403187186,2.159866979026226,0.5946497993600531,0,1
-0.44076952417930854,0.5479220783190677,0.6924477764939201,1.1417202010272223,0.4931948723810841,0.19355823821361082,-0.7950132507522121,-0.14988400576270725,-0.4591642978748364,0.8377329262462808,1,1
-0.010540140795592191,-0.6584879789859119,-0.6979580530383803,-1.0968386413051707,-0.6275335318484828,-0.9858996705714811,-0.13257246413657037,0.1012276307576495,0.21238218338184606,-0.7220504712736829,0,1
0.9728413069386166,-0.01507679319364995,0.15456537814407817,-0.39585905071501215,0.5347310076992674,0.6435752526517355,0.24596512821522515,0.8545625403187186,1.21970190526687,0.3839777560586549,0,1
-0.7480762265962488,0.05098148613797845,0.013083801085671514,-0.7545426861220094,-1.213143330011687,-0.8285041404782032,0.8137715167429176,0.47789508553818405,-0.056236409120826863,-0.26120537655187537,0,1
1.0343026474220047,-0.9529444116056305,-1.2358404513882222,-0.8186499209732583,0.06973020874800331,0.933934334977243,-1.4574540373678528,-0.6521072788034201,0.5481554240101877,-1.3365105975694263,0,1
1.218686668872169,-0.6584879789859119,-0.6979580530383803,-0.343379682764705,-0.9859763818622591,-0.8785643257798388,-0.984282046928109,-0.2754398240228856,0.5481554240101877,-0.7220504712736829,0,1
-1.4856123123969054,-0.6584879789859119,-0.6979580530383803,-0.5388342417575943,-0.23075015912448008,0.19355823821361082,0.3405995263031736,0.47789508553818405,0.21238218338184606,-0.7220504712736829,0,1
0.7269959450050645,-0.430089825697822,-0.3833170202057637,-0.4937877139260489,-0.9186103179317671,-0.8285041404782032,-1.1735508431040067,-0.2754398240228856,0.8839286646385285,-0.35337439549623695,0,1
-1.1783056099799651,0.2268784864902951,0.3778067436613035,-0.5732700794090204,-0.7359469817585865,-1.0436645751167262,1.6654810995344562,1.2312299950992531,0.21238218338184606,0.5392097879649485,0,1
0.9113799664552286,-0.08569431426856347,0.2741863471073553,-0.8317115358261241,-1.7183401526457935,-1.5611755179982263,-1.4574540373678528,-0.7776630970635985,0.21238218338184606,1.1213299076135472,1,1
1.218686668872169,-0.6584879789859119,-1.2358404513882222,-1.009413754784744,-1.0571939748962915,-0.5674564095938143,-0.511110056488365,0.1012276307576495,0.8167740165128602,-1.643740660717298,0,1
-1.4856123123969054,-0.7951637793924539,-0.6979580530383803,-0.2422277410282787,-1.2991062865339855,-0.8285041404782032,0.8137715167429176,1.2312299950992531,0.8839286646385285,-0.45871041714693545,0,1
-0.44076952417930854,-0.6584879789859119,-0.6979580530383803,-1.0237321667811987,-0.9186103179317671,-0.8285041404782032,-0.3218412603124681,-0.024328187502528874,0.31311415557034855,-0.7220504712736829,1,1
1.0957639879053926,-0.5379313791014584,-0.6979580530383803,-0.4172266302819929,0.33583684705024197,-0.07265541336579703,-0.41647565840041656,0.980118358578897,3.0664547287227477,-0.9268705133722639,0,1
0.9113799664552286,-0.7951637793924539,-0.6979580530383803,-0.6801304636738992,-0.30864856533825014,-0.6904332382823044,0.5298683224790713,0.47789508553818405,0.21238218338184606,-0.45871041714693545,0,1
-0.6251535456294727,-0.5379313791014584,-0.6979580530383803,-0.4606307157249025,-0.5766706055132325,-0.9858996705714811,-0.037938066048621065,0.6034509037983624,0.8839286646385285,-0.9268705133722639,0,1
-0.010540140795592191,-0.7951637793924539,-0.6979580530383803,-0.7672072889213138,-0.793909463899879,0.11161892811310273,-1.8359916297196484,-2.1587770979255594,-1.6343706400740312,-0.45871041714693545,1,1
-0.4151258610886045,-0.5003029835133707,-0.5881725679632834,-1.0621435452194414,-0.5990852838087956,0.711331823100669,0.5254423735549794,0.4661508646212687,-0.021935812371938312,-0.7267645420598731,0,1
-0.6094734686208082,-0.6584879789859119,-0.6979580530383803,-0.3355331671855358,-0.0774303771712671,-0.35545837151171633,0.5620592821515441,1.1377060994057102,1.2425453175282704,-0.7220504712736829,0,1
-2.26311960889583,-1.0879132501249713,-1.155178841949846,0.8776487234332037,-0.43546661388610264,0.004719170707994325,1.282237342779685,1.3379572842863703,0.6488614894196957,-0.9959485093509091,0,1
-0.8682297012733095,-0.733734748761355,-0.6979580530383803,-0.3511231422824222,-0.6131558929947637,-0.5612189568804177,-0.7811819868950163,-1.0852058807429659,-1.0967645572191325,-0.577068782001793,0,1
0.17384388065457196,-0.7821235253542455,-0.6979580530383803,-0.2627273724672077,-1.1230711568760399,-0.5366906804600091,-1.6871827579582732,-1.2319691891193014,-0.42712813387212345,-0.4838357223877596,0,1
0.2076587408017621,-0.5379313791014584,-0.6979580530383803,-0.28596375744806524,-0.21350884440702667,-0.5767334390779411,1.3358436549713266,0.9335599694983344,0.001119788978254238,-0.9268705133722639,0,1
1.054656107946099,-0.7099790199377543,-0.6979580530383803,-0.5768649251542166,0.23366555852685017,-0.039901204746627714,0.40636440330831536,1.1480721801075804,1.6066912620496863,-0.6137457281658003,0,1
0.050372244167508906,-0.6732007332818181,-0.5928435182782229,-0.3568397202833682,-0.9218111185376465,-1.1330497963862134,0.8767906781347231,1.4406765971140767,1.444050571146915,-0.42352000727058176,0,1
-1.4604929265708961,-0.6900323283202725,-0.5693635668417643,-0.38226898683336064,-1.1711294017597824,-0.8703755074252293,0.5817077895979639,1.0259702323428477,0.8839286646385285,-0.31520686687124433,0,1
-0.6731109650435866,-0.7576159584464165,-1.0880724344957577,-0.6228447066997451,0.16965007168592028,-0.29547961232501585,-1.1735508431040067,-0.7776630970635985,-0.12339105724649518,-1.2950348781465226,1,1
0.4002508814916142,-0.4906151885788167,-0.5599072313850004,-0.33880984234125916,-0.4112619114500691,-0.4722837514605728,1.3931693747544927,1.0352067992636214,0.023931659503611313,-0.6752453214033354,0,1
-0.8134351378653317,0.012618442503516514,0.03408087077217972,-0.03287526370436622,0.3658497655315329,0.8212445030846912,-0.08825588517676977,0.1493063278511742,0.1337621380730309,-0.10759034497793953,0,1
-1.4456242240493118,-0.6550776853881666,-0.6979580530383803,-0.5391571618998091,-0.23530433552153482,0.20514359223340534,0.348630552781238,0.48499850755875795,0.21238218338184606,-0.7278444010869674,0,1
-0.7122675473719282,-0.8190022517184222,-0.6979580530383803,-0.8359963233528012,-0.8992563759445275,-0.8458670049029511,-0.4825141578883867,-0.04329793592460182,0.4466940343295475,-0.4056610282195052,0,1
-1.348789299227616,-0.7571309389681512,-0.6979580530383803,-0.41730642534471135,-1.3525528397637638,-0.9624563379488883,0.68210172039188,1.0914760844280695,0.7904928841888579,-0.5319901801052537,0,1
-0.7729168035284216,-0.734460812052952,-0.6979580530383803,-0.3997998642984204,-0.27842574579872825,-0.431708641041829,1.0253726037570905,0.6627094631906476,0.007153527873993856,-0.569189139884333,0,1
2.133147431095053,-0.5235737007042516,-0.4638866217551025,-0.2956582289780201,-1.021707090295255,-1.1994323995048541,0.3602382213217119,0.6034509037983624,0.4703248550493475,-0.3803476138866818,0,1
-1.9108714905534476,-0.54833220839081,-0.3960390865792658,0.5844342081567122,-0.7794163328294365,-1.2015539805643654,1.536409025769966,1.3517091409397382,0.2531117355505119,-0.12178738985472524,0,1
-1.3027869365404752,0.13643957555590683,0.3778067436613035,-0.5800051439365033,-0.9256061603228392,-0.9414616408446284,1.6107186129762725,1.4128697832919352,0.5038371608745752,0.8600268418218806,0,1
1.2256240214003702,-0.8347372236938562,-0.5786656117318795,-1.6519811016873225,-0.8829479025189435,1.1973720603413127,-1.2683728645508483,0.2546294245069719,3.048170497737291,0.004636928981480895,0,1
-0.9129149575459428,-0.4858519884511424,-0.39638702599472864,-0.7904852726694231,-0.6147999419742293,-0.7418832621799216,-0.2687832076366512,-0.14988400576270725,-0.03488059267182189,-0.2618502092195228,0,1
-1.9271829835564387,-0.6584879789859119,-0.6979580530383803,0.29426795943625506,0.12099184764350412,0.3388736318195063,0.26505470351101645,0.47789508553818405,0.48042351374506753,-0.7220504712736829,0,1
0.29676656162134807,-0.4681438219442025,-0.4161140701218058,-0.43327689405669667,-0.7620091474013003,-0.5628741782502815,1.346129603476393,1.1318491509144954,0.21238218338184606,-0.3643542436391621,0,1
0.9557346485882294,-0.430089825697822,-0.3833170202057637,-0.3679683543702911,-0.626748359565922,-1.0602861145204376,-0.8539845703171931,-0.6521072788034201,-0.2830076575825707,-0.35337439549623695,0,1
-0.5212945304838257,0.3835459945660743,0.4575413937306145,0.7783439602849052,0.38091794312975613,0.7536156955932177,-0.4230508703653441,-0.040217419933280193,-0.312523921415788,0.4248871613234692,0,1
-0.23491563985664746,-0.6584879789859119,-0.6979580530383803,-0.9692671171632653,-0.9186103179317671,-0.9750748061428853,-0.17776800086983593,0.16682044707661592,0.4869179912161767,-0.7220504712736829,0,1
0.45546008919365666,-0.5229056586203408,-0.654118660318045,-0.2796524653271091,-0.23804141285774355,-0.4615779885116952,1.449841206713722,0.9976122333462074,-0.07660728327917432,-0.8469644651724735,0,1
1.3402518595797541,-0.7125545503000338,-0.6979580530383803,-0.20760069722031096,-0.9859763818622591,-0.7711283705935227,-0.8345391541037207,-0.47411062256000314,0.08326421927369987,-0.6178777225211027,0,1
-0.8807936550739125,-0.10797819578824794,-0.08039478848868176,-0.7891504057444403,-1.019641150690968,-0.8555286855422022,0.25180861261969,0.1389941357939382,-0.0924892476509675,-0.17827767026666072,0,1
-0.046099916255586196,-0.2902103074956936,-0.01854907390691976,-0.7644579970654373,-1.1670145313012044,-1.0230646948706428,1.5530786104696657,1.156665213296051,0.21238218338184606,0.5744755531376151,0,1
-0.04215080621170475,-0.7873532454080899,-0.6979580530383803,-0.5719545484332181,-0.947269515586153,0.1787725837415381,0.2297410743558624,0.736181788767781,0.9223051482466996,-0.47375936096934707,0,1
1.2072311601807462,-0.7951637793924539,-0.6979580530383803,-0.6143679726177337,-0.639216229401957,-0.7658991143046323,0.6437516978725139,0.5786246347130777,0.21238218338184606,-0.45871041714693545,0,1
0.11756709920125154,-0.7002034925588466,-0.6979580530383803,-0.3993656348608413,-0.17484146064893855,-0.4676072033402262,-1.3757377521481304,-0.8926276794962034,-0.12339105724649518,-0.6416751190200599,0,1
-1.2671837424451502,-0.3218897008141194,-0.007614322857961708,-0.29324302184935513,0.12987805888546466,-0.07165283405428424,1.2601802337363703,1.4973495899004565,0.843792963585373,0.6793367525648321,0,1
-1.1701862306761088,-0.18846875573760458,-0.23441065637119643,-0.9869724101334173,-1.2668146499059334,-0.8924689458254668,0.6365154081261705,0.7130689357306633,0.32111807855352614,-0.4443066041123422,0,1
1.0888127752928969,-0.8658931711116387,-1.2358404513882222,-0.875046136287481,-0.2634265413224165,0.49007265527707156,-1.1776828782301147,-0.4293961028196602,0.6275681285962917,-1.4273381535379852,0,1
-2.2648884099533584,-0.9529444116056305,-1.2358404513882222,0.24906681413481635,-0.12680973986221228,-0.6039589771909846,-1.5421050496750308,-1.4186876064792313,-0.8303596879940762,-1.3365105975694263,0,1
-1.1154994784457553,-0.6584879789859119,-0.6979580530383803,0.09574350101801643,0.003722126569590589,-0.4898136834376543,1.4247817795546012,0.9692036834408002,0.029901034943419447,-0.7220504712736829,0,1
-0.7847781850880493,-0.7389738214065532,-0.6979580530383803,-0.401095470779188,-0.2777317232025926,-0.423697442082776,1.0237122922128985,0.6583038394701036,0.002440753670027475,-0.5609755132538711,0,1
-0.41009664682141195,-0.6584879789859119,-0.6979580530383803,-0.844855558888679,-0.42882815453718426,-0.4815066729363158,-0.14056248089993129,-0.683673325978821,-1.0469253349087373,-0.7220504712736829,0,1
-0.17030048175650042,-0.5379313791014584,-0.6979580530383803,-0.3327284330100736,-0.2909991601664987,-0.7427601400840238,1.1418575207755404,0.8692173829172762,0.1731908176737335,-0.9268705133722639,0,1
1.218686668872169,0.1254970548624858,0.305399518273373,-0.4052495641990412,-0.2238988347225068,-0.3368579417584654,-2.068713674636089,-1.8329898618381044,-1.0671777727156577,0.5571914796254263,0,1
-1.8154300828721812,-0.8144268940707398,-0.7636270149224054,1.114027038216575,-0.43546661388610264,-0.2910562968757693,0.7191371186549691,1.15458572983848,1.0967203006922763,-0.5658792458105995,0,1
-0.7968347038739049,-0.3913431927367458,-0.3517219903602453,-0.8917202817825982,-0.8774714170855935,-0.8607279899831333,-0.260924893670971,-0.10514873915862012,0.03213480638947608,-0.32652115956161765,0,1
-1.4298774207910419,-0.5618981227214969,-0.4126326155884322,-0.5529512479388121,-1.0151511830791533,-0.9214083266850757,0.29886853433462723,0.7757996470997363,0.8839286646385285,-0.14030474930649234,0,1
1.3023147330518656,-0.7951637793924539,-0.6979580530383803,0.16919221041194388,-0.522708411553536,-0.6069751568972952,-1.0190324133789996,-1.4173793141595508,-1.1891674989468666,-0.45871041714693545,0,1
0.0837311589384789,-0.5780210531324095,-0.5871069086883799,-0.8636764485758748,-0.6143415289654941,-1.1763793769596582,0.21801199689328785,0.7361545693880844,1.0022248945697356,-0.5921622474572474,0,1
-2.4069247413616384,-0.9529444116056305,-1.2358404513882222,0.4126240796919948,-0.054404438045002224,-0.5289440341892292,-1.5517437165096886,-1.405246179286138,-0.794937538503178,-1.3365105975694263,0,1
-1.558102838146513,-0.9274440260477881,-0.9352672402581411,-0.4824084038131209,-0.5031834274917277,-0.861726347841119,0.5577724375595389,1.689186196889875,2.562794867780235,-0.744103340665466,1,1
-0.954131138082915,-0.1285081178751469,-0.10773173996240813,-0.7028315676858183,-1.1439071017427846,-0.8597288500958379,0.6407147712572808,0.55442920605498,0.23030828493578562,-0.21438639395678588,0,1
0.07190266236077958,-0.6584879789859119,-0.6979580530383803,-0.07973045180161688,-1.4999083196178535,-1.391153728785704,0.13689037533834525,-0.2754398240228856,-0.5160717529686514,-0.7220504712736829,0,1
1.0587477734303536,-0.6023193835356236,-0.5513634667430253,0.026196151699937942,0.016558723307302348,-0.09065761173610454,0.47932509175133453,0.3523392672780057,-0.12339105724649518,-0.4357669970605939,0,1
0.08444898081583474,-0.7247525033824818,-0.6979580530383803,-0.5318522084783665,-0.11937707934716438,-0.38559106336490145,-1.4947219907058906,-0.9602827683767062,-0.12339105724649518,-0.5943753203737389,0,1
0.4006834050900039,-0.49784111865307556,-0.47926719960292924,-0.2939960612401816,-0.7921385471981797,-0.5924280634750172,-1.9451001479384966,-1.434352152335546,-0.562436047811779,-0.47670906420162734,0,1
-1.2088912105993208,0.5037953334657851,0.5708921310038799,-0.6248082535311279,0.5978058400181937,1.114306585735763,-0.7621692786076975,-0.15963333158035942,0.5220828550994328,0.522340472380005,0,1
-0.854550412610303,-0.6604824549398608,-0.5666472316333399,-0.7701928983099312,-0.4419537741789368,-0.6434057921081443,-0.29873858845664375,-0.14988400576270725,0.02889039649537664,-0.37299304615700307,0,1
-0.35922041538571126,-0.7721624665022174,-0.6979580530383803,-0.6579145714985448,-0.42810847763163945,-0.14235856183277937,-0.967433594658656,-0.9454787543355377,-0.6286871836722137,-0.5030281893018017,0,1
-1.3223530048758398,-0.2101555594634517,0.09287213097862336,-0.4767285118348902,-0.22990264867664473,-0.3669787373601115,1.2958222103070998,1.4274073904305176,0.737018322759369,0.7321438159547201,0,1
1.115781577360824,-0.5907291691604283,-0.558918810546451,-0.2879650774753183,0.20651113780977137,-0.10393920923139292,0.688315263576842,1.1202642656507587,0.8839286646385285,-0.5010265781313918,0,1
-0.8721777886407788,-0.3544401044328068,-0.27406061874579557,-0.7857062589114725,-1.213143330011687,-0.9935490846094175,0.6991211378202588,0.47789508553818405,0.05224149475045273,-0.19917007038409695,0,1
-0.9580263080811257,-0.27040607474044853,-0.194980052197828,-0.831958168745892,-0.8588477329938093,-0.8753158078649237,-0.23334790097025176,-0.14173640657819736,-0.09506525311202597,-0.14746404333213867,0,1
0.37287129745872666,-0.9529444116056305,-1.2358404513882222,-0.44235475927037754,-1.550464947251419,-1.340080631614023,0.36314652730233554,0.09926121875623325,-0.29390706001093847,-1.3365105975694263,1,1
-0.7966682497106206,-0.3459317299730784,-0.2928659434633315,-0.8251194656859914,-0.7623883552652881,-0.8662056643276002,-0.11039202417925058,-0.11888727968415547,-0.2062854328993783,-0.2592858417291421,0,1
0.30677414954025384,-0.8430810832242325,-0.8613106391319142,-0.883544933073312,0.048823816144171014,0.17894041094497293,-1.721031380352894,-1.0018074897412523,0.08055473970063454,-0.7252945812417088,0,1
-0.5477419013291297,-0.7951637793924539,-0.6979580530383803,-0.42672479189189866,-0.5386011636663682,-0.32660236819138055,-1.0789164450160582,-0.9393450168433319,-0.5557761343199875,-0.45871041714693545,0,1
-0.05604824691061993,-0.7951637793924539,-0.6979580530383803,-0.8686431621015491,-0.030661352478629125,-0.14642882675010638,-1.7238786898729905,-1.1171442005162595,-0.17311468561165044,-0.45871041714693545,0,1
0.6658123501571449,-0.33152850448823584,0.0139078980274151,-0.5730653821863797,-0.3475522506111294,-0.14858924937650542,0.43309564601748185,0.853711454573065,0.8854460339532585,0.7864371207908368,0,1
0.9236511506799859,0.019100654476831305,0.2141219360649632,-0.41902033620622914,0.5292366547337514,0.6400197030146608,0.04399184255735264,0.7540748146878775,1.309279830968198,0.5228329712609218,0,1
1.218686668872169,-0.6531468780835294,-0.6906001585887298,-0.34313790287575757,-0.9752619730127006,-0.8924192534788717,-0.986495076507146,-0.2842482090893306,0.5324512798855736,-0.7134289649581831,0,1
0.7481067583368716,-0.8319119189892803,-1.2358404513882222,-0.7662508996290047,-0.7454021824824641,-0.614853118308588,-0.17669311004410657,0.39701854962880123,0.856325618642517,-1.462793525127299,0,1
0.9215366781953591,0.3616439797179519,0.5378648617694523,0.2762923714324985,0.13615490130785635,0.0613887759330847,-0.34999088624214875,-0.3044878067168742,-0.14558616062881294,0.7798399610588078,0,1
-1.9837958880078062,-0.9140047683361359,-0.8835658035285456,1.058436725511379,-0.43546661388610264,-0.2093754996183317,0.9477263876362061,1.2745556980033046,0.9879705228716992,-0.6768010118659697,0,1
-0.6251535456294727,0.23994752043871276,0.4529398576162422,0.05033368135298616,-0.06004478083961648,1.2784287583489808,-0.243460956371145,-0.2970048799844711,-0.3363892639538181,0.9058470342128546,0,1
-0.23826580943155262,-0.8455422751083636,-0.6979580530383803,-0.44243934906648724,-0.9793035705217101,-0.5540859668425557,-2.0133034582756024,-1.4803328115845884,-0.502048523973404,-0.34659969225367815,0,1
1.3628336152908078,-0.6013333919076549,-0.5309042473769215,-0.17688923348953312,-0.7427161956799735,-1.0657338378447563,-0.8569678281577797,-0.7110011710125885,-0.3596404797859278,-0.40278388038353696,0,1
0.07387073975752484,-0.5379313791014584,-0.6979580530383803,-0.30251726928083694,-0.24093845539938286,-0.6355026901554142,1.2671774720199296,0.9107843219498252,0.062028579114325244,-0.9268705133722639,1,1
0.18034564096783406,-0.8212909056139515,-0.995349513819119,-0.28939936248761916,-1.35279700010217,-1.0394451990996205,0.1936424235239731,-0.2754398240228856,-0.7048616166692695,-1.0617812286124948,0,1
-0.5592035137431567,-0.7394952781204632,-0.6979580530383803,-0.7913274150757375,-0.3787580830715035,-0.6737820056068763,-0.09057185806292872,-0.09874470964933313,-0.14074557837598028,-0.5659696839265376,0,1
-1.9822723900829593,-0.9291366295682612,-1.192350870305819,0.6156461202010508,-0.38328865822177827,0.1899553243345194,0.680879589300444,0.5932992982516011,0.23953056678016268,-1.2868294524595951,0,1
-0.881764622538767,-0.39688636327046367,-0.3589062800755529,0.7230544233877942,1.260845731390681,0.3703604622131291,1.6201873898228096,1.329423843653924,0.2999152747612984,-0.3347282687352143,0,1
-1.4390344463314226,-0.35615907840751804,-0.3833170202057637,-1.112399820910696,-1.100940336758837,-0.9309537130219476,0.39236836247967727,0.7633487727179492,0.629466251235958,-0.5057730318723186,0,1
-0.4238458888210388,-0.14661493246600135,0.19851272774588385,-0.8280486629598652,-1.248243347707462,-0.9277340767294708,1.4762123033585592,1.2539758706627964,0.4106833892354673,0.9972442715088128,0,1
0.6801375070692974,-0.9529444116056305,-1.2358404513882222,-0.548032861102396,-0.7009603057345419,-0.7978480741759847,-0.09368700984097506,0.40393039197628744,0.7060697921076987,-1.3365105975694263,0,1
1.0281896315323615,-0.787494851844683,-0.6861712124046963,-0.6545356946613422,0.17424966018486093,-0.025783617075178525,0.8074965524084965,1.2249860317718582,0.8839286646385285,-0.4380742125425552,0,1
0.0011741165557002942,-0.5756902417311122,-0.5088035546954104,-0.7150325589481042,-0.426278489087435,-1.0820780709166282,0.5670545926241861,1.1303425462187529,1.21970190526687,-0.39538497560040414,0,1
-0.1774091007354161,-0.585151048970158,-0.6979580530383803,-0.4188561050924975,-0.3013869987640987,-0.7344446602413641,1.1671621477508274,0.9006586330475754,0.21238218338184606,-0.8409312414747474,1,1
1.5249762629212895,-0.7951637793924539,-0.6979580530383803,-0.5719630542732098,-1.205012102602298,-0.9371166502357895,0.9855229062102054,0.6024120078649475,-0.05845906010791557,-0.45871041714693545,0,1
-1.897315091207663,-0.5767008147016495,-0.43073894390504175,0.6531106294826429,-0.7398858378938339,-1.1043365687238729,1.4424791249563464,1.3378623488006882,0.36420293785229635,-0.16051029989221507,0,1
-0.21708839973770422,-0.7279464535625751,-0.6979580530383803,-0.3327725840188015,-0.7606460664262648,-1.001504795865289,1.6685846447421184,1.2332888033440805,0.21238218338184606,-0.5882213778996352,1,1
-0.5611187000711313,-0.013667075198389556,0.05612068490186779,-0.7941630548568442,-1.213143330011687,-0.8763818450009386,1.01527752029077,0.6688574452763729,0.025473926576345063,0.07307758128628761,0,1
-0.6174943607389789,-0.677846902708536,-0.6979580530383803,-0.4285085862379465,-0.49115852834585405,-0.7861213274337833,1.4762123033585592,1.1056741768390752,0.21238218338184606,-0.6847506712667507,1,1
0.10694363331209705,-0.5522407922027004,-0.5953980064446703,-0.3619830697639466,-0.5228333662721134,-1.0915033660347602,-0.3547818088100423,-0.2754398240228856,-0.2328393351577983,-0.6674262667125269,0,1
0.38420463127924653,0.30086515603165664,0.2418691102811476,-0.14287137454422227,0.21839590283100868,-0.3361764618914982,-0.6170093367817631,-0.1775365507042785,0.400253323489258,-0.10239997960408004,0,1
0.780255355811903,-0.33061102119523267,-0.19339686513379156,-0.5913971678822176,-1.1496126546121803,-1.0401366104441434,-1.255556413509459,-0.42050725126120453,0.6899521495379319,0.07259463197269134,0,1
-1.4153623860072884,-0.394539886432395,-0.34078977361639085,-0.9753886787376556,-0.2796685581334898,-0.7981487763937687,-0.09202132755347706,0.43005858147891207,0.819964213564552,-0.30655279099695787,0,1
-0.8095375670796369,-0.7951637793924539,-0.6979580530383803,-0.5702684605767239,-0.5869625575291975,-0.27852288826726856,0.47946056889665484,-0.06810523083643491,-0.4905484965336355,-0.45871041714693545,0,1
0.007193278463851141,-0.9246246074695826,-1.1841087774221526,0.22857998588263137,-0.6409876360788886,-0.19426936977549794,-1.2590836311692446,-1.345064560515864,-1.3373099708301661,-1.2774139418391028,0,1
-1.0773160483654582,-0.916044501434915,-0.6792442315478769,-0.8492633263066167,-1.2182561260404554,-1.2189826131597816,0.5298683224790713,0.5002980361215399,0.23235287960616646,-0.13416931400584947,0,1
-0.8102837012727682,-0.6584879789859119,-0.6979580530383803,-0.6579382045636841,-0.3960401601131274,-0.7108016358501571,1.0429620050605681,1.483865866014983,1.21970190526687,-0.7220504712736829,0,1
-1.080658490260836,-0.7243996991475424,-0.9573511132176316,-0.9663740600739548,-0.4283406027144022,-0.809138871499739,1.244665973255936,1.6123550205611903,1.21970190526687,-1.1030366276376151,1,1
