0.17384388065457196,1.1094057044344123,1.1973039026198262,0.3620372273831985,-1.3914424982455231,0.4875038482098512,0.5298683224790713,-0.9032189153237768,-1.3993293716341921,1.2032579244529793,,0
-0.3793081836959205,0.2268784864902951,0.4692064109766948,-0.5732700794090204,0.06973020874800331,0.2882500161063645,0.9084059148308669,1.4823416316196099,1.4883204977695428,0.9272898677306811,0,0
-1.3626896314301293,-0.430089825697822,-0.3833170202057637,-0.2323775063905912,0.03970541438824987,0.5753016988835077,-0.22720686222451883,-0.024328187502528874,0.21238218338184606,-0.35337439549623695,0,0
-0.19492416224575634,-0.7951637793924539,-0.6979580530383803,-0.9255103052381352,-0.15743673940142452,0.5892915525377938,-0.22720686222451883,0.1012276307576495,0.41384612775885105,-0.45871041714693545,0,0
0.5426119235549003,2.7612818112802207,2.4394508170913944,1.78380341013033,-0.3495036573638041,-0.29309683651764296,1.2869435071826616,0.3523392672780057,-0.4591642978748364,1.1539561090097814,1,0
-0.6866148861128608,1.7841753014656625,1.6267309961351974,0.47700823176370954,0.471895743935375,1.1893193575796275,-0.6057444545763143,-0.9032189153237768,-0.794937538503178,0.8246939845742232,1,0
-1.1783056099799651,-0.9529444116056305,-0.6979580530383803,-1.0672874969695194,-1.491173204496365,-0.4565962771460793,-0.7003788526642628,-0.9032189153237768,-0.6270509181890073,-0.10759034497793926,0,0
0.7269959450050645,1.1094057044344123,1.1973039026198262,0.5925891006943707,1.3777756879319611,0.881544947735134,0.5298683224790713,1.1056741768390752,1.21970190526687,1.2032579244529793,0,0
1.7103773927392734,0.17153808602243215,0.4692064109766948,-0.15520865668647646,-0.8547004799979105,-0.12385371775042418,0.05669633203932739,-0.14988400576270725,-0.4591642978748364,1.1213299076135472,1,0
-1.1783056099799651,0.11303370133807245,0.15456537814407817,-0.2521247703054,0.5549911073096327,0.17362552783019894,-0.984282046928109,-1.1543305518441331,-1.1307107791315192,0.0369885082681179,0,0
0.17384388065457196,1.3691622689614906,1.2620080535595652,2.539527271725488,1.5059327679604848,0.6826370436751501,-0.41647565840041656,-0.400995642283064,-0.4591642978748364,0.612811182403277,0,0
0.29676656162134807,-0.7951637793924539,-0.6979580530383803,-0.4826766436165722,-1.491173204496365,-1.3875758416247899,0.5298683224790713,0.3523392672780057,-0.12339105724649518,-0.45871041714693545,1,0
-1.4241509719135175,-0.6584879789859119,-0.6979580530383803,-0.3747084046354713,-0.8547004799979105,-0.6904332382823044,0.3405995263031736,0.980118358578897,1.21970190526687,-0.7220504712736829,0,0
-0.3178468432125324,0.2268784864902951,0.5509661994355135,-0.05356309553185081,-1.1327303544825886,0.15333365024974926,-2.0252604258955462,-1.9076654614052027,-1.1307107791315192,1.3153699474964133,0,0
-0.7480762265962488,1.5761614251645892,1.5662328190079333,-0.39585905071501215,3.4279527847615126,2.632320286034008,0.4352339243911229,0.6034509037983624,0.5145780999473535,1.2771085311814827,0,0
-0.3178468432125324,0.8521733041434172,0.9156891420111454,0.47700823176370954,0.6700853703994741,1.6071996749130952,0.6245027205670198,0.3523392672780057,-0.12339105724649518,0.8053218426614509,1,0
-0.2563855027291444,1.632260290342221,1.682851848952159,-0.967039668671594,1.0735139251302168,0.7326972289767861,-0.13257246413657037,-0.024328187502528874,-0.12339105724649518,1.6620548187538016,0,0
0.17384388065457196,-0.6584879789859119,-0.6979580530383803,-0.9531043608955585,-0.5766706055132325,-0.8285041404782032,1.0030403129188152,0.980118358578897,0.21238218338184606,-0.7220504712736829,0,0
1.5259933712891092,-0.16154738680482278,-0.3833170202057637,2.2261603938537453,1.0601879299437382,-0.20529898584398648,-2.6877012125111874,-0.5265514605432418,-0.794937538503178,-0.8638489619573161,0,0
-0.3178468432125324,-0.5379313791014584,-0.6979580530383803,0.3840831552748682,-0.2690906818347058,-0.6479312607925423,1.192309109094713,0.47789508553818405,-0.4591642978748364,-0.9268705133722639,0,0
0.29676656162134807,-0.9529444116056305,-0.6979580530383803,-1.1419664869120418,-1.213143330011687,-1.237196961873574,-1.5520884354558022,-0.6521072788034201,0.5481554240101877,-0.10759034497793926,0,0
-0.9939215885298011,-0.5379313791014584,-0.3833170202057637,-0.33304060077635445,-1.2991062865339855,-1.659165010507333,0.24596512821522515,0.6034509037983624,0.5481554240101877,-0.10759034497793968,0,0
-1.7929190148138456,0.5479220783190677,0.6924477764939201,-0.008950668221710586,1.4870540935677725,0.7079452713616976,-0.984282046928109,-0.6521072788034201,-0.12339105724649518,0.8377329262462808,0,0
-0.8095375670796369,-0.9529444116056305,-1.2358404513882222,-0.0001416878889102189,0.15569316527030183,-0.49235066862113014,1.0030403129188152,1.4823416316196099,1.3540112015182069,-1.3365105975694263,0,0
0.9113799664552286,-0.5379313791014584,-0.3833170202057637,-0.7170043598186326,-1.1327303544825886,-0.7805748332707322,0.24596512821522515,-0.14988400576270725,-0.4591642978748364,-0.10759034497793968,0,0
1.218686668872169,-0.5379313791014584,-0.6979580530383803,-0.6923493886995999,-0.23075015912448008,0.35865848755049773,0.5298683224790713,-0.14988400576270725,-0.6270509181890073,-0.9268705133722639,1,0
-1.2397669504633533,-0.6584879789859119,-1.2358404513882222,-1.2512293170454216,-0.6805614781426248,-0.15035302829445343,1.4762123033585592,1.1056741768390752,0.21238218338184606,-1.643740660717298,0,0
0.5426119235549003,-0.6584879789859119,-0.6979580530383803,-0.17423454914505898,-0.8547004799979105,-1.0436645751167262,-0.13257246413657037,-0.7776630970635985,-1.1307107791315192,-0.7220504712736829,0,0
0.29676656162134807,0.05098148613797845,0.3778067436613035,-0.17423454914505898,-0.9859763818622591,-0.9858996705714811,-0.511110056488365,-0.2754398240228856,0.07807288713050942,1.1213299076135472,1,0
-0.19492416224575634,-0.6584879789859119,-0.6979580530383803,-1.2998693647959123,-0.3917439287125079,-0.5292775419686389,-1.4574540373678528,-0.5265514605432418,0.8839286646385285,-0.7220504712736829,0,0
-1.055382929013189,-0.5379313791014584,-0.6979580530383803,0.5991923415466245,-0.5766706055132325,-0.8285041404782032,1.9493842937983032,2.9890114507417493,2.898568108408577,-0.9268705133722639,1,0
-0.010540140795592191,-0.7951637793924539,-0.6979580530383803,-0.6923493886995999,-0.793909463899879,-1.3875758416247899,-0.7003788526642628,-0.7776630970635985,-0.794937538503178,-0.45871041714693545,0,0
-0.3178468432125324,-0.5379313791014584,-0.3833170202057637,0.441756616672643,2.1991750892311406,1.8357453088360651,0.3405995263031736,-0.024328187502528874,-0.4591642978748364,-0.10759034497793968,0,0
-0.1334628217623683,2.7567427879702833,2.466212098988395,-1.0526676422718724,-0.7359469817585865,1.2294007672664202,0.15133073012727585,-1.2798863701043115,-1.600793316011197,1.301571544660299,0,0
0.17384388065457196,0.4659945186421504,0.624926924571683,1.7688154264584106,1.5787107477643232,0.4721815882212511,1.0030403129188152,0.6034509037983624,-0.12339105724649518,0.8140998444656758,0,0
-0.010540140795592191,0.6596928038376002,0.8120687454571972,-0.2521247703054,0.7754412269399599,0.39227796134964266,0.7191371186549691,0.6034509037983624,0.21238218338184606,0.9942002263109794,0,0
-1.055382929013189,-0.6584879789859119,-0.3833170202057637,-0.4606307157249025,-0.8547004799979105,-1.3875758416247899,-2.214529222071444,-0.9032189153237768,1.555475145895211,0.19963971816993176,0,0
0.4196892425881242,0.17153808602243215,0.3778067436613035,-1.8612745307172964,0.9481152448841522,0.5467895750480325,-0.037938066048621065,-0.5265514605432418,-0.794937538503178,0.7116898234163852,0,0
-0.010540140795592191,-0.430089825697822,-0.3833170202057637,0.11110925805320697,0.2361061407994001,-0.09796364105234408,2.0440186918862517,1.4823416316196099,0.21238218338184606,-0.35337439549623695,0,0
0.7884572854884525,-0.430089825697822,0.013083801085671514,-0.844855558888679,-0.08819844570792246,-0.12385371775042418,0.7191371186549691,0.6034509037983624,0.21238218338184606,1.1213299076135472,0,0
-0.19492416224575634,1.807438759195043,1.7181306634505886,0.28681892222247096,-0.30864856533825014,0.2699379258569551,-0.6057444545763143,-1.4054421883644899,-1.4664840197598605,1.1627541857907884,1,0
-1.8543803552972338,-0.6584879789859119,-0.6979580530383803,0.9834171847104011,-0.5766706055132325,0.35865848755049773,-0.3218412603124681,0.7290067220585408,1.8912483865235525,-0.7220504712736829,1,0
-0.8095375670796369,2.1713620122861887,2.202474574989498,-0.4606307157249025,-0.43546661388610264,-0.02368383978428082,-0.984282046928109,-0.6521072788034201,-0.12339105724649518,2.3115440105171134,0,0
0.6040732640382883,-0.6584879789859119,-0.6979580530383803,1.4787743192614666,1.2918127314096626,0.81528061615334,-0.7003788526642628,-0.6521072788034201,-0.4591642978748364,-0.7220504712736829,1,0
0.6040732640382883,-0.6584879789859119,-0.6979580530383803,-0.8847926427912804,-0.793909463899879,-1.1689234081053468,0.4352339243911229,0.8545625403187186,1.555475145895211,-0.7220504712736829,0,0
0.6040732640382883,2.5508411024326367,2.2385741196212092,-0.29218986555983456,0.5945489908131765,1.4759629342690401,-0.22720686222451883,-1.6565538248848461,-1.8022572603882017,0.9610359616233538,0,0
0.05092119968779586,1.9469856640900254,1.6645921766396556,-0.0445638558591277,0.471895743935375,1.2055235038597865,0.5298683224790713,-0.5265514605432418,-1.1307107791315192,0.47072506800628977,0,0
0.23530522113796,-0.9529444116056305,-1.2358404513882222,-0.17423454914505898,0.28696906713465037,0.11161892811310273,-1.3628196392799046,-0.9032189153237768,-0.12339105724649518,-1.3365105975694263,0,0
0.29676656162134807,-0.5379313791014584,-0.3833170202057637,-0.4172266302819929,1.9503385744965596,0.4721815882212511,1.0030403129188152,0.980118358578897,0.21238218338184606,-0.10759034497793968,0,0
0.29676656162134807,-0.5379313791014584,-0.6979580530383803,-0.33304060077635445,-0.8547004799979105,-0.6904332382823044,0.7191371186549691,1.7334532681399666,2.4284855715288987,-0.9268705133722639,0,0
0.17384388065457196,1.2172472578380489,1.2924433375043636,1.7725725433374087,2.4511558893779295,1.5494347703678506,0.05669633203932739,0.2267834490178273,0.21238218338184606,1.2688003379245258,1,0
0.11238254017118392,0.8521733041434172,0.9156891420111454,-0.29218986555983456,-0.2690906818347058,-0.49235066862113014,0.3405995263031736,0.3523392672780057,0.21238218338184606,0.8053218426614509,0,0
0.7884572854884525,-1.3679574441098026,-1.2358404513882222,-1.7978182318953293,0.4931948723810841,1.0868697850358835,-2.0252604258955462,-0.7776630970635985,1.555475145895211,-0.7220504712736829,0,0
0.3582279021047361,0.9888491045499589,1.2620080535595652,0.3096709328267562,2.820518780131187,2.17115714830758,1.0030403129188152,1.1056741768390752,0.5481554240101877,2.043020097057162,0,0
0.7269959450050645,-0.16154738680482278,-0.1600756546885384,0.18479036249249292,0.00893919264997227,0.65674696697707,0.05669633203932739,-0.7776630970635985,-1.1307107791315192,-0.29665499922278354,0,0
-1.4241509719135175,-0.9529444116056305,-0.6979580530383803,-0.33304060077635445,0.8410336696843485,-0.1774909375155152,1.4762123033585592,0.980118358578897,-0.12339105724649518,-0.10759034497793926,0,0
0.6040732640382883,2.2783973048533372,2.124809784258778,2.3998710294882812,-0.15743673940142452,0.3062691003083889,-1.3628196392799046,-1.9076654614052027,-1.567215991948363,1.408949541198789,0,0
0.29676656162134807,-0.24347494648174,-0.1600756546885384,0.3620372273831985,-0.12233670921437628,-0.4565962771460793,0.7191371186549691,0.980118358578897,0.5481554240101877,-0.10759034497793926,0,0
0.05092119968779586,0.7919472233777568,0.8656072322681301,-0.6679827864293568,-0.5766706055132325,-0.1774909375155152,-0.7950132507522121,-0.9032189153237768,-0.794937538503178,0.7861698387249603,1,0
0.3582279021047361,-0.6584879789859119,-0.6979580530383803,0.9108980298571218,0.06973020874800331,-1.1045533893953845,-1.1735508431040067,-1.4054421883644899,-1.1307107791315192,-0.7220504712736829,1,0
0.4196892425881242,-0.6584879789859119,-0.6979580530383803,0.06902053879822047,0.2361061407994001,0.023246648078983512,-0.037938066048621065,0.1012276307576495,0.21238218338184606,-0.7220504712736829,0,0
-0.07200148127898025,0.2268784864902951,0.15456537814407817,0.47700823176370954,2.807403199311982,2.848170141408338,0.15133073012727585,0.2267834490178273,0.21238218338184606,-0.23695037156651721,0,0
0.05092119968779586,1.8633842723491656,1.830325735854205,0.2559543466708279,-0.793909463899879,0.3062691003083889,-0.037938066048621065,-0.400995642283064,-0.4591642978748364,1.5135384988661496,0,0
0.3582279021047361,0.6596928038376002,0.6924477764939201,-0.4716245182543948,0.8725788652978546,1.0778962814876933,-0.22720686222451883,-0.024328187502528874,0.21238218338184606,0.48568150110070923,0,0
0.9113799664552286,1.772342243905423,1.6267309961351974,0.47700823176370954,2.9147174266780556,3.2366745981363114,0.9084059148308669,-0.14988400576270725,-1.1307107791315192,0.8641140407920732,0,0
-0.6866148861128608,-0.9529444116056305,-1.2358404513882222,-0.8056696874264723,-1.213143330011687,-1.0436645751167262,0.15133073012727585,0.3523392672780057,0.21238218338184606,-1.3365105975694263,0,0
0.17384388065457196,-0.08569431426856347,0.15456537814407817,0.21671927472342667,-0.054970645283884234,0.35865848755049773,-0.6057444545763143,-1.1543305518441331,-1.097133455068685,0.5946497993600531,0,0
-1.9773030362640098,-0.01507679319364995,0.013083801085671514,1.846326112367209,-0.3917439287125079,-0.7805748332707322,1.3815779052706108,0.980118358578897,-0.12339105724649518,-0.10759034497793968,0,0
0.9113799664552286,0.2268784864902951,0.3778067436613035,1.983043801555839,0.06973020874800331,-0.2630638903892315,-1.8359916297196484,-1.6565538248848461,-1.1307107791315192,0.5392097879649485,0,0
-0.5022308646626966,-0.7951637793924539,-0.6979580530383803,-0.6200882461997091,-0.43546661388610264,-0.3883227233778525,-0.7950132507522121,-0.6521072788034201,-0.4591642978748364,-0.45871041714693545,0,0
0.11238254017118392,0.5865511185266042,0.7545609391545215,0.3096709328267562,1.4085419096702387,0.4721815882212511,-0.22720686222451883,0.2267834490178273,0.5481554240101877,0.9847832128811597,0,0
0.9728413069386166,-0.7951637793924539,-0.6979580530383803,-1.0237321667811987,0.35957030125795314,-0.1774909375155152,-0.6057444545763143,-0.5265514605432418,-0.22412302943499768,-0.45871041714693545,0,0
1.8333000737060494,0.17153808602243215,0.3778067436613035,1.116157662590519,0.856906096725579,0.04599830545810637,-0.3218412603124681,-0.2754398240228856,-0.12339105724649518,0.7116898234163852,0,0
0.9113799664552286,1.3691622689614906,1.3217298421591535,1.9315163420137154,0.09904847137754404,0.35865848755049773,-0.984282046928109,-1.6565538248848461,-1.4664840197598605,0.8670705450084123,0,0
0.05092119968779586,1.153914807225275,1.162809322921525,0.5592552576440231,0.5549911073096327,0.7079452713616976,-0.037938066048621065,-0.7776630970635985,-1.1307107791315192,0.886004752861986,0,0
-0.010540140795592191,0.37693419087358504,0.3778067436613035,-0.2620690409513533,-0.5766706055132325,-0.9858996705714811,1.4762123033585592,1.1056741768390752,0.21238218338184606,0.1158497009477854,0,0
0.05092119968779586,2.2856308902884797,2.144966768686822,0.9502601865092528,-0.054970645283884234,0.5322581639239352,-2.0252604258955462,-1.4054421883644899,-0.4591642978748364,1.4848133626053959,1,0
-0.19492416224575634,1.807438759195043,1.7181306634505886,0.28681892222247096,-0.30864856533825014,0.2699379258569551,-0.6057444545763143,-1.4054421883644899,-1.4664840197598605,1.1627541857907884,0,0
-1.4241509719135175,0.37693419087358504,0.5509661994355135,-0.20310319691612422,1.7284067965399426,0.0682994052249898,-0.8896476488401606,-0.7776630970635985,-0.4591642978748364,0.7861698387249598,0,0
1.403070690322333,-0.7951637793924539,-0.6979580530383803,-0.5049583613047443,-0.9859763818622591,-1.3098782266961335,-0.037938066048621065,0.8545625403187186,1.555475145895211,-0.45871041714693545,0,0
0.17384388065457196,-0.430089825697822,0.8120687454571972,-1.0381496689222531,-0.9859763818622591,-1.3875758416247899,1.7601154976224063,1.3567858133594322,0.21238218338184606,7.757499271607574,0,0
-0.010540140795592191,0.5077777927141583,0.6924477764939201,-0.7799493515464242,-0.43546661388610264,-0.8785643257798388,1.0976747110067637,1.1056741768390752,0.5481554240101877,0.9738594773025687,0,0
1.8333000737060494,-0.6584879789859119,-0.6979580530383803,-0.4826766436165722,-0.8547004799979105,-0.5674564095938143,-1.9306260278075968,-1.6565538248848461,-1.1307107791315192,-0.7220504712736829,0,0
1.464532030805721,-0.5379313791014584,-0.6979580530383803,-0.20310319691612422,-0.2690906818347058,-0.7805748332707322,0.4352339243911229,-0.14988400576270725,-0.794937538503178,-0.9268705133722639,0,0
1.2801480093555568,2.3552868818619666,2.134953723067261,0.847500252102723,2.6037457915098643,2.770739739373751,0.05669633203932739,-1.1543305518441331,-1.8022572603882017,1.1698399175842644,0,0
0.29676656162134807,0.11303370133807245,0.3778067436613035,0.6958087614665829,-0.12233670921437628,0.11161892811310273,0.8137715167429176,0.3523392672780057,-0.12339105724649518,0.9044616277444617,0,0
-0.9939215885298011,-0.6584879789859119,-0.6979580530383803,-0.30232769940808124,-0.3495036573638041,-0.8285041404782032,1.6654810995344562,1.2312299950992531,0.21238218338184606,-0.7220504712736829,1,0
-0.44076952417930854,-0.6584879789859119,-0.6979580530383803,-0.2720610061233507,-0.5766706055132325,0.04599830545810637,0.6245027205670198,0.7290067220585408,0.21238218338184606,-0.7220504712736829,0,0
-0.010540140795592191,-0.6584879789859119,-0.6979580530383803,-0.7545426861220094,-0.7359469817585865,-1.1045533893953845,1.6654810995344562,1.2312299950992531,0.21238218338184606,-0.7220504712736829,0,0
-1.4856123123969054,0.9629351108232396,1.0070888093265369,-0.9531043608955585,-0.12233670921437628,-0.6479312607925423,0.3405995263031736,0.980118358578897,1.3540112015182069,0.8377329262462813,0,0
-0.8709989075630249,-0.5379313791014584,-0.6979580530383803,1.6288382629277964,1.9437635266640991,-1.1689234081053468,-1.0789164450160582,-1.0287747335839552,-0.794937538503178,-0.9268705133722639,0,0
0.9113799664552286,0.4659945186421504,0.5509661994355135,3.2427322362976914,-0.3495036573638041,0.13266942393495193,-1.1735508431040067,-1.5309980066246682,-1.4664840197598605,0.506869781317804,1,0
-0.9324602480464129,0.05098148613797845,-0.1600756546885384,0.7020932933657891,0.9333698813958862,1.1974505751191022,-0.7950132507522121,-0.5265514605432418,-0.12339105724649518,-0.7220504712736829,0,0
-0.9939215885298011,-0.430089825697822,-0.3833170202057637,-2.397152261330862,-0.5766706055132325,-0.6904332382823044,-1.268185241191956,-0.2754398240228856,1.21970190526687,-0.35337439549623695,0,0
-0.9324602480464129,-0.6584879789859119,-0.6979580530383803,-0.3747084046354713,-0.3495036573638041,0.2131442751336804,-1.1735508431040067,-0.400995642283064,0.5481554240101877,-0.7220504712736829,0,0
0.7884572854884525,-0.430089825697822,-0.1600756546885384,-0.5502497264552632,-1.2991062865339855,-0.9858996705714811,0.3405995263031736,0.3523392672780057,0.21238218338184606,0.38397775605865536,0,0
0.4196892425881242,0.5865511185266042,0.8120687454571972,0.119425918777574,-0.8547004799979105,-0.20529898584398648,-0.41647565840041656,-1.7821096431450245,-1.835834584451036,1.2578766023459345,0,0
0.29676656162134807,-0.5379313791014584,-0.3833170202057637,2.7820188267536743,-0.6805614781426248,-1.1689234081053468,-0.22720686222451883,0.47789508553818405,0.8839286646385285,-0.10759034497793968,0,0
0.9113799664552286,1.5319726315858533,1.4535715403609875,0.545770933903682,2.8902858856057794,3.1599229460829066,0.3405995263031736,-0.14988400576270725,-0.794937538503178,0.9044616277444617,0,0
0.6040732640382883,1.723592645856126,1.60708437033698,3.624419181974588,0.33583684705024197,0.3414647377472831,0.24596512821522515,-0.2754398240228856,-0.794937538503178,0.9414879194294274,0,0
-1.3012282909467412,-0.430089825697822,-0.6979580530383803,-0.4716245182543948,0.33583684705024197,-0.49235066862113014,1.4762123033585592,2.110120722920501,1.8912483865235525,-1.090726547051129,0,0
-2.161687057714174,-0.6584879789859119,-1.2358404513882222,1.0640719310598572,-0.5766706055132325,0.5026204340609481,1.0976747110067637,0.6034509037983624,-0.12339105724649518,-1.643740660717298,1,0
1.8333000737060494,-0.5379313791014584,-0.6979580530383803,-0.29218986555983456,0.1276926908892963,-0.42194219717699644,-0.22720686222451883,-0.2754398240228856,-0.4591642978748364,-0.9268705133722639,0,0
-0.010540140795592191,0.4224327070609651,0.7545609391545215,0.3620372273831985,1.496529186171285,2.2938985984317743,0.8137715167429176,1.1056741768390752,0.8839286646385285,1.6022117455841296,1,0
1.1572253283887808,-0.6584879789859119,-0.6979580530383803,-0.5965476483325806,-1.0571939748962915,-1.1045533893953845,-0.13257246413657037,-0.024328187502528874,-0.12339105724649518,-0.7220504712736829,,0
-1.7314576743304577,-0.5379313791014584,-0.6979580530383803,-0.11767033038309975,-0.12233670921437628,-0.07265541336579703,0.4352339243911229,1.3567858133594322,2.059135006837723,-0.9268705133722639,0,0
-0.3178468432125324,-0.24347494648174,0.15456537814407817,-0.3125151072130619,-0.6805614781426248,-0.6479312607925423,1.0976747110067637,1.1056741768390752,0.5481554240101877,1.1213299076135472,1,0
-0.8095375670796369,3.0681177558493147,2.7540918499240115,-0.17423454914505898,-0.022606002963534436,0.5611358676154924,-0.8896476488401606,-0.5265514605432418,-0.12339105724649518,1.5685762946222523,0,0
1.8333000737060494,0.5077777927141583,0.6924477764939201,0.9558231290529776,0.9481152448841522,0.39227796134964266,-0.037938066048621065,-0.2754398240228856,-0.4591642978748364,0.9738594773025687,1,0
0.05092119968779586,-0.9529444116056305,-0.6979580530383803,0.4203157336541049,-0.5278028255976409,-0.9309537130219476,-0.41647565840041656,-0.14988400576270725,0.21238218338184606,-0.10759034497793926,1,0
0.3582279021047361,-0.7951637793924539,-1.2358404513882222,-0.5732700794090204,-0.5766706055132325,-0.6479312607925423,-0.3218412603124681,-0.024328187502528874,0.21238218338184606,-1.5120706336539242,1,0
-0.8095375670796369,0.9090517185430385,0.9156891420111454,1.9762466642220122,0.28696906713465037,0.6826370436751501,-0.22720686222451883,-1.5309980066246682,-1.8022572603882017,0.6231189944007826,0,0
-0.7480762265962488,0.8225031664619629,0.9156891420111454,-0.5049583613047443,3.708384141530603,3.228696982225168,0.8137715167429176,0.1012276307576495,-0.794937538503178,0.9044616277444617,0,0
-0.19492416224575634,0.5865511185266042,0.7545609391545215,-0.16469988378497333,0.5141360152840782,1.4885459560891923,0.5298683224790713,0.1012276307576495,-0.4591642978748364,0.9847832128811597,1,0
-0.44076952417930854,0.7279546320913446,0.9156891420111454,0.135960297192222,0.8725788652978546,2.4045674495649485,0.3405995263031736,0.980118358578897,1.21970190526687,1.2402576739933684,1,0
0.7884572854884525,0.623775150855327,0.7545609391545215,2.164881836619364,0.2361061407994001,0.5611358676154924,-1.6467228335437507,-1.9076654614052027,-1.4664840197598605,0.8579898534868006,1,0
0.9113799664552286,0.2793796394260684,0.624926924571683,2.1461411938010926,0.33583684705024197,0.8707681311726849,-0.41647565840041656,-1.2798863701043115,-1.365752047571358,1.4900059833909935,0,0
1.2801480093555568,0.6596928038376002,0.7545609391545215,-0.7170043598186326,-0.793909463899879,-0.2630638903892315,-0.8896476488401606,-1.6565538248848461,-1.8022572603882017,0.7399408637058446,0,0
1.8333000737060494,0.623775150855327,0.7545609391545215,0.11110925805320697,-0.6805614781426248,-0.5674564095938143,-3.5394107953027265,-2.7865561892264505,-1.4664840197598605,0.8579898534868006,0,0
0.9113799664552286,-0.6584879789859119,-0.6979580530383803,0.3913802581634311,-0.793909463899879,-0.6479312607925423,0.6245027205670198,1.1056741768390752,0.8839286646385285,-0.7220504712736829,1,0
-0.010540140795592191,2.646370830115968,2.459607801519439,-0.4826766436165722,0.20987425248233393,-0.4565962771460793,-0.984282046928109,-1.0287747335839552,-0.794937538503178,1.7053712157758376,0,0
-1.1783056099799651,-0.16154738680482278,-0.1600756546885384,-0.6559055308977622,-0.054970645283884234,0.2882500161063645,1.4762123033585592,1.1056741768390752,0.21238218338184606,-0.29665499922278354,0,0
0.7269959450050645,-0.7951637793924539,-0.6979580530383803,-0.2720610061233507,-0.15743673940142452,0.7922967829695046,-1.268185241191956,-1.2798863701043115,-0.794937538503178,-0.45871041714693545,1,0
0.9113799664552286,2.069769790596836,1.7998904519094072,3.1008506200784396,1.1380863361575086,1.5315112821708725,-0.22720686222451883,-0.400995642283064,-0.4591642978748364,0.6404480696429654,1,0
-0.3178468432125324,-0.7951637793924539,-1.2358404513882222,-0.33304060077635445,-0.08819844570792246,-0.5674564095938143,-1.3628196392799046,-0.6521072788034201,0.21238218338184606,-1.5120706336539242,0,0
0.17384388065457196,-0.7951637793924539,-0.6979580530383803,0.6640985488888794,-0.3917439287125079,-1.1689234081053468,2.1386530899742002,2.9890114507417493,2.562794867780235,-0.45871041714693545,0,0
0.3582279021047361,-0.5379313791014584,-0.6979580530383803,0.3472092591301329,-0.793909463899879,-0.5292775419686389,0.24596512821522515,0.1012276307576495,-0.4591642978748364,-0.9268705133722639,0,0
0.11238254017118392,-0.5379313791014584,-0.6979580530383803,0.23250208312264142,0.00893919264997227,-0.6069751568972952,1.4762123033585592,1.1056741768390752,0.21238218338184606,-0.9268705133722639,0,0
-0.8709989075630249,-0.6584879789859119,-0.6979580530383803,-0.844855558888679,-0.793909463899879,-1.237196961873574,-0.41647565840041656,-0.14988400576270725,0.21238218338184606,-0.7220504712736829,0,0
1.2801480093555568,1.038788183359499,1.126709778289814,-0.8317115358261241,-1.213143330011687,-0.5292775419686389,0.6245027205670198,-1.1543305518441331,-1.8022572603882017,1.1213299076135472,0,0
-0.3793081836959205,-0.9529444116056305,-0.6979580530383803,-0.4826766436165722,-0.43546661388610264,-0.12385371775042418,1.5708467014465077,0.2267834490178273,-1.1307107791315192,-0.10759034497793926,0,0
0.05092119968779586,2.5508411024326367,2.2116581173032634,1.3356574105395158,1.3673491109959601,1.7645952050063736,1.0030403129188152,0.2267834490178273,-0.794937538503178,0.8408155021307082,0,0
-1.6699963338470696,-0.08569431426856347,0.15456537814407817,-0.20310319691612422,2.9966415833176225,3.2366745981363114,-1.3628196392799046,-1.5309980066246682,-1.1307107791315192,0.5946497993600531,1,0
0.9113799664552286,-0.01507679319364995,0.15456537814407817,0.8707778210262831,2.188387414285702,2.05628887417988,-1.8359916297196484,-1.4054421883644899,-0.4591642978748364,0.3839777560586549,0,0
1.5259933712891092,-0.5379313791014584,-0.3833170202057637,-0.15520865668647646,0.35957030125795314,0.768834085640356,-0.3218412603124681,-0.400995642283064,-0.862092186628846,-0.10759034497793968,0,0
0.05092119968779586,2.394913046433794,2.082853606026221,-0.08995390280606984,0.6516262376256907,1.7145350197047375,0.4352339243911229,-0.6521072788034201,-1.1307107791315192,0.7946549037601139,0,0
0.9113799664552286,0.4224327070609651,0.15456537814407817,0.28681892222247096,0.856906096725579,0.0682994052249898,0.15133073012727585,0.47789508553818405,0.5481554240101877,-0.6419034982785861,0,0
1.5259933712891092,-0.9529444116056305,-1.2358404513882222,2.6898319109963533,0.8086690273639986,1.4885459560891923,-0.13257246413657037,-0.5265514605432418,-0.6270509181890073,-1.3365105975694263,1,0
1.2801480093555568,-0.6584879789859119,-0.6979580530383803,-0.7545426861220094,-0.7359469817585865,-0.4565962771460793,-1.9306260278075968,-1.4054421883644899,-0.4591642978748364,-0.7220504712736829,0,0
-0.6251535456294727,-0.5379313791014584,-0.3833170202057637,-0.844855558888679,-0.8547004799979105,-1.237196961873574,1.4762123033585592,1.1056741768390752,0.21238218338184606,-0.10759034497793968,1,0
-0.9939215885298011,-0.7951637793924539,-0.6979580530383803,-0.7545426861220094,0.40572256537397494,0.6697664037365227,1.0030403129188152,1.8590090864001445,2.159866979026226,-0.45871041714693545,0,0
0.05092119968779586,-0.7951637793924539,-0.6979580530383803,-0.11767033038309975,0.00893919264997227,-0.8285041404782032,0.6245027205670198,-0.14988400576270725,-0.794937538503178,-0.45871041714693545,0,0
-0.010540140795592191,0.7604509512618689,0.8120687454571972,1.6045662903841162,0.28696906713465037,0.2131442751336804,-0.41647565840041656,-0.5265514605432418,-0.4591642978748364,0.6604848128917393,0,0
0.6040732640382883,0.8810075511463225,0.9156891420111454,0.8061279840767028,0.00893919264997227,0.4249228191322918,0.7191371186549691,-0.2754398240228856,-1.1307107791315192,0.7116898234163852,1,0
0.9113799664552286,0.2793796394260684,0.3778067436613035,-0.4606307157249025,0.15569316527030183,-0.20529898584398648,-0.41647565840041656,-0.400995642283064,-0.4591642978748364,0.38397775605865536,0,0
-1.1783056099799651,0.2793796394260684,0.4692064109766948,-0.8580830366248604,0.38286011341972964,0.39227796134964266,-0.3218412603124681,-0.5265514605432418,-0.4591642978748364,0.7526538318361012,0,0
-0.7480762265962488,-0.7951637793924539,-0.6979580530383803,0.16051838994881265,-0.793909463899879,-0.5292775419686389,1.9493842937983032,0.980118358578897,-0.4591642978748364,-0.45871041714693545,1,0
1.5259933712891092,0.7279546320913446,0.9156891420111454,-0.3747084046354713,0.00893919264997227,-0.6069751568972952,-0.7950132507522121,-1.4054421883644899,-1.4664840197598605,1.2402576739933684,0,0
0.9113799664552286,1.3691622689614906,1.403489630617972,0.16864050840312653,1.2349092962278752,0.8707681311726849,0.15133073012727585,0.47789508553818405,0.615310072135856,1.2484595889161152,0,0
0.17384388065457196,-0.7951637793924539,-1.2358404513882222,4.017073939272717,0.7754412269399599,1.275688189452385,-1.0789164450160582,-1.4054421883644899,-1.1307107791315192,-1.5120706336539242,0,0
-1.1783056099799651,-0.9529444116056305,-0.6979580530383803,-1.4179839504087912,0.15569316527030183,0.0682994052249898,1.3815779052706108,1.1056741768390752,0.21238218338184606,-0.10759034497793926,0,0
-0.6866148861128608,1.0141231807322355,1.0888485977853553,0.41311945449613113,3.8531817001594626,3.0668225749277807,-1.3628196392799046,-0.5265514605432418,0.5481554240101877,1.0314089135214874,0,0
0.17384388065457196,0.7604509512618689,0.9156891420111454,0.16864050840312653,-0.23075015912448008,0.9937449598611751,-0.7003788526642628,-1.1543305518441331,-1.063556131005851,1.1213299076135472,0,0
-1.1783056099799651,1.5761614251645892,1.4774503557541414,0.17673108457041384,0.8725788652978546,0.9642366672417971,-0.22720686222451883,-0.2754398240228856,-0.4591642978748364,0.8616988683336556,0,0
-0.8709989075630249,-0.9529444116056305,-1.2358404513882222,-0.631959051791938,0.2361061407994001,-0.3883227233778525,-0.41647565840041656,0.7290067220585408,2.227021627151894,-1.3365105975694263,0,0
0.11238254017118392,0.6943926719302403,0.8656072322681301,0.4346341456505595,0.5945489908131765,0.37559367490583784,-0.7950132507522121,-1.6565538248848461,-1.567215991948363,1.1213299076135472,0,0
-0.8095375670796369,2.3417297554661114,2.183774868489598,0.41311945449613113,0.471895743935375,0.5753016988835077,-1.0789164450160582,-1.1543305518441331,-0.794937538503178,1.4654275783391633,0,0
0.17384388065457196,-0.33253527425030543,0.2741863471073553,1.6647241008397524,1.8690509280485335,1.858496966215188,1.4762123033585592,1.3567858133594322,0.5481554240101877,2.126810114279308,0,0
-0.8095375670796369,3.1362713236895043,2.6043985531818987,-0.16469988378497333,1.0866989018486768,1.7888148209728014,-0.6057444545763143,-0.024328187502528874,0.5481554240101877,0.6237302961347854,0,0
0.3582279021047361,-0.6584879789859119,-0.6979580530383803,-0.8186499209732583,-0.1935543022484093,-0.9858996705714811,0.4352339243911229,0.7290067220585408,0.5481554240101877,-0.7220504712736829,1,0
1.5259933712891092,0.5865511185266042,0.6924477764939201,0.8995137351637922,0.5549911073096327,0.15333365024974926,-0.41647565840041656,-0.9032189153237768,-1.1307107791315192,0.7116898234163848,0,0
-0.44076952417930854,-0.7951637793924539,-0.6979580530383803,-0.19343579792248425,2.7079471472390058,0.881544947735134,0.5298683224790713,0.47789508553818405,0.21238218338184606,-0.45871041714693545,1,0
1.218686668872169,-0.7951637793924539,-1.2358404513882222,-0.4937877139260489,-1.1327303544825886,-1.1045533893953845,0.3405995263031736,0.2267834490178273,-0.12339105724649518,-1.5120706336539242,0,0
0.4811505830715122,-0.5379313791014584,-0.1600756546885384,0.00863020189055856,-1.0571939748962915,-1.3875758416247899,0.15133073012727585,-0.2754398240228856,-0.4591642978748364,0.7116898234163852,1,0
0.9728413069386166,-0.6584879789859119,-1.2358404513882222,0.3620372273831985,0.9481152448841522,1.7694809772542712,1.9493842937983032,1.4823416316196099,0.21238218338184606,-1.643740660717298,0,0
0.6040732640382883,-0.6584879789859119,-0.6979580530383803,0.4203157336541049,1.5609108925723774,0.6697664037365227,0.5298683224790713,-0.14988400576270725,-0.794937538503178,-0.7220504712736829,0,0
1.6489160522558852,-0.7951637793924539,-1.2358404513882222,-0.39585905071501215,-0.8547004799979105,-0.35567786559520237,-0.6057444545763143,-1.4054421883644899,-1.4664840197598605,-1.5120706336539242,0,0
-1.4856123123969054,-0.9529444116056305,-1.2358404513882222,-0.5049583613047443,-0.5766706055132325,-0.8785643257798388,0.3405995263031736,0.3523392672780057,0.21238218338184606,-1.3365105975694263,0,0
0.6040732640382883,-0.9529444116056305,-0.6979580530383803,-0.15520865668647646,-0.6275335318484828,-0.4565962771460793,-1.268185241191956,-0.9032189153237768,-0.1905457053721635,-0.10759034497793926,0,0
-0.5022308646626966,-0.16154738680482278,-0.1600756546885384,-0.406515446045651,0.03970541438824987,-0.2630638903892315,-1.0789164450160582,-1.2798863701043115,-1.1307107791315192,-0.29665499922278354,0,0
1.0343026474220047,1.6045951446417435,1.6458924701397561,1.513068439233524,0.5141360152840782,0.39227796134964266,0.5298683224790713,0.2267834490178273,-0.15696838130932933,1.5758620558323158,0,0
-0.7480762265962488,-0.24347494648174,-0.3833170202057637,1.5468071643655597,-0.43546661388610264,-0.7346023792693883,0.5298683224790713,-0.14988400576270725,-0.794937538503178,-0.7220504712736829,0,0
-0.5636922051460846,0.623775150855327,0.8656072322681301,0.525379377191173,-0.43546661388610264,0.5175367943382632,-0.511110056488365,-0.7776630970635985,-0.794937538503178,1.3846699617402942,0,0
-1.6699963338470696,-0.5379313791014584,-0.3833170202057637,0.490943539539745,-0.3495036573638041,2.585145676249522e-05,1.4762123033585592,1.1056741768390752,0.21238218338184606,-0.10759034497793968,1,0
-0.19492416224575634,-0.6584879789859119,-0.6979580530383803,-0.5502497264552632,-0.7359469817585865,-0.9858996705714811,0.7191371186549691,0.980118358578897,0.5481554240101877,-0.7220504712736829,0,0
-1.4856123123969054,2.556388802078909,2.297969240032988,0.9834171847104011,2.8463428894647924,2.639097650942683,1.6654810995344562,1.2312299950992531,0.21238218338184606,1.2209720902561,,0
-0.9324602480464129,-0.6584879789859119,-0.6979580530383803,-0.6438978852946605,-0.793909463899879,-0.02368383978428082,-1.7413572316317,-1.0287747335839552,0.21238218338184606,-0.7220504712736829,1,0
0.05092119968779586,2.6361861880858295,2.337772850259249,0.14417853563939134,1.5698426058943407,2.7257687694195285,-0.984282046928109,-0.14988400576270725,0.8839286646385285,1.1213299076135472,1,0
1.2801480093555568,-0.7951637793924539,-0.6979580530383803,0.017365312149962103,-0.48077955922815263,-0.6904332382823044,-0.13257246413657037,0.7290067220585408,1.555475145895211,-0.45871041714693545,1,0
0.17384388065457196,-0.6584879789859119,-0.6979580530383803,-1.0672874969695194,-0.5278028255976409,-0.7346023792693883,-0.41647565840041656,-0.6521072788034201,-0.794937538503178,-0.7220504712736829,0,0
-0.8095375670796369,-0.7951637793924539,-1.2358404513882222,0.026063950026512406,-1.491173204496365,-1.3098782266961335,0.5298683224790713,-0.14988400576270725,-0.794937538503178,-1.5120706336539242,0,0
-0.07200148127898025,-0.6584879789859119,-0.6979580530383803,0.7208339361840604,1.6390808995878428,0.65674696697707,-0.7950132507522121,-0.14988400576270725,0.5481554240101877,-0.7220504712736829,,0
0.5426119235549003,-0.6584879789859119,-0.6979580530383803,-0.5617281067027671,-0.15743673940142452,-0.9858996705714811,-0.8896476488401606,-0.5265514605432418,0.07807288713050942,-0.7220504712736829,0,0
-0.44076952417930854,0.17153808602243215,0.3778067436613035,0.7639174367614044,1.797009554043769,2.497692274739657,1.0976747110067637,1.6078974498797889,1.21970190526687,0.7116898234163852,0,0
0.7884572854884525,0.4659945186421504,0.624926924571683,2.8141411486262453,0.5141360152840782,1.2214977963302347,-1.6467228335437507,-1.6565538248848461,-1.1307107791315192,0.8140998444656758,1,0
-1.5470736528802935,2.4516163606569563,2.202474574989498,-0.3537703314600257,1.033100587646728,0.8378047417129659,0.4352339243911229,0.47789508553818405,0.2795368315075144,1.143406319336748,1,0
1.8333000737060494,-0.5379313791014584,-0.6979580530383803,0.3620372273831985,-0.5766706055132325,-0.8285041404782032,-1.9306260278075968,-1.1543305518441331,0.21238218338184606,-0.9268705133722639,0,0
-0.010540140795592191,-0.9529444116056305,-0.6979580530383803,0.06902053879822047,-0.7359469817585865,-0.7805748332707322,0.6245027205670198,0.3523392672780057,-0.12339105724649518,-0.10759034497793926,0,0
-0.5022308646626966,-0.6584879789859119,-0.6979580530383803,-0.995193080150545,-0.48077955922815263,-0.04790345575070855,-1.3628196392799046,-0.7776630970635985,0.21238218338184606,-0.7220504712736829,0,0
0.29676656162134807,1.6045951446417435,1.5662328190079333,-1.9715288675298634,0.1276926908892963,1.7935968610107265,0.3405995263031736,-1.9076654614052027,-2.1380305010165435,1.1718334796378551,0,0
-0.6866148861128608,1.0141231807322355,1.0888485977853553,0.41311945449613113,3.8531817001594626,3.0668225749277807,-1.3628196392799046,-0.5265514605432418,0.5481554240101877,1.0314089135214874,1,0
-0.3178468432125324,-0.9529444116056305,-1.2358404513882222,-0.6801304636738992,-0.8547004799979105,-1.1689234081053468,-0.984282046928109,-0.7776630970635985,-0.4591642978748364,-1.3365105975694263,0,0
1.0957639879053926,-1.1395592908217125,-1.2358404513882222,-0.6923493886995999,-0.793909463899879,-0.6069751568972952,-0.8896476488401606,-0.7776630970635985,-0.4591642978748364,-1.090726547051129,0,0
0.4811505830715122,2.62589918612971,2.368208134204047,0.00863020189055856,-0.022606002963534436,1.7196423696684064,1.5708467014465077,-0.7776630970635985,-1.8022572603882017,1.307529945884985,0,0
0.5426119235549003,-0.5379313791014584,-0.6979580530383803,0.4203157336541049,-1.213143330011687,-1.1045533893953845,-0.3218412603124681,-0.400995642283064,-0.4591642978748364,-0.9268705133722639,0,0
0.29676656162134807,-0.7951637793924539,-1.2358404513882222,-0.4388156394867202,-0.8547004799979105,-0.1774909375155152,0.8137715167429176,0.2267834490178273,-0.4591642978748364,-1.5120706336539242,0,0
-1.9773030362640098,-0.7951637793924539,-1.2358404513882222,-0.5502497264552632,-0.6275335318484828,-1.0436645751167262,2.3279218861500985,2.23567654118068,0.8839286646385285,-1.5120706336539242,0,0
1.218686668872169,1.196568815572676,1.3217298421591535,-0.4606307157249025,-0.23075015912448008,0.4408971116027401,0.6245027205670198,-0.2754398240228856,-0.794937538503178,1.4975299849374712,0,0
-1.4241509719135175,0.4659945186421504,0.5509661994355135,0.7516985117357036,-0.5766706055132325,-0.9309537130219476,1.7601154976224063,1.7334532681399666,0.5481554240101877,0.506869781317804,0,0
0.7884572854884525,-0.6584879789859119,-0.6979580530383803,-1.3665413183568467,0.4281730587617797,2.585145676249522e-05,-0.41647565840041656,-0.14988400576270725,0.21238218338184606,-0.7220504712736829,0,0
-0.8095375670796369,-0.9529444116056305,-1.2358404513882222,-0.6200882461997091,-0.022606002963534436,-0.6069751568972952,-0.41647565840041656,-0.14988400576270725,0.21238218338184606,-1.3365105975694263,0,0
-0.44076952417930854,-0.6584879789859119,-0.6979580530383803,-0.5161892280976657,-0.5766706055132325,-0.9309537130219476,0.5298683224790713,-0.14988400576270725,-0.794937538503178,-0.7220504712736829,1,0
-0.8095375670796369,2.765800794686896,2.3531396943616696,0.4203157336541049,2.60762128039751,0.9642366672417971,0.15133073012727585,-0.400995642283064,-0.794937538503178,0.7477814607905843,1,0
-0.010540140795592191,0.37693419087358504,0.9156891420111454,0.6253979794620452,-0.08819844570792246,2.585145676249522e-05,0.3405995263031736,0.3523392672780057,0.21238218338184606,2.797130252056484,,0
-1.3012282909467412,-0.7951637793924539,-0.6979580530383803,-0.17423454914505898,0.20987425248233393,-0.6904332382823044,0.15133073012727585,0.2267834490178273,0.21238218338184606,-0.45871041714693545,0,0
-0.3178468432125324,-0.9529444116056305,-1.2358404513882222,-1.8399069511503157,-0.15743673940142452,-0.49235066862113014,-0.41647565840041656,0.1012276307576495,0.5481554240101877,-1.3365105975694263,0,0
-1.6699963338470696,-0.6584879789859119,-0.6979580530383803,0.3620372273831985,0.7413029634335065,1.2055235038597865,-0.8896476488401606,-0.7776630970635985,-0.4591642978748364,-0.7220504712736829,0,0
-0.19492416224575634,-0.6584879789859119,-0.6979580530383803,-0.406515446045651,-0.9859763818622591,-1.3098782266961335,0.24596512821522515,-0.14988400576270725,-0.4591642978748364,-0.7220504712736829,1,0
0.6040732640382883,2.0149237384018024,1.815257296011828,3.624419181974588,0.2361061407994001,0.19355823821361082,-0.037938066048621065,-1.0287747335839552,-1.4664840197598605,0.8845654552794073,0,0
0.29676656162134807,1.038788183359499,1.1973039026198262,1.3356574105395158,0.6882750171393646,0.04599830545810637,0.5298683224790713,-0.14988400576270725,-0.794937538503178,1.472449979782543,0,0
0.9113799664552286,1.453801215863671,1.4535715403609875,0.5859648638104432,1.3568345450289658,0.9741589229411055,0.15133073012727585,0.7290067220585408,1.1189699330783676,1.1798499196417138,0,0
-0.19492416224575634,1.6185211836669289,1.5449712076763786,0.47700823176370954,0.33583684705024197,0.848900089952484,-1.7413572316317,-1.5309980066246682,-0.794937538503178,1.0216877249709941,0,0
0.5426119235549003,2.7881011992092715,2.5171156078221144,1.8426997916173808,0.09904847137754404,-0.02368383978428082,0.7191371186549691,0.47789508553818405,-0.12339105724649518,1.4391541108699664,0,0
-0.7480762265962488,0.3293187182356087,0.2741863471073553,-0.30232769940808124,0.28696906713465037,-0.2630638903892315,0.3405995263031736,-0.14988400576270725,-0.794937538503178,-0.10759034497793968,1,0
0.4196892425881242,-0.9529444116056305,-1.2358404513882222,-0.6801304636738992,-0.7359469817585865,-1.237196961873574,0.15133073012727585,0.6034509037983624,0.8839286646385285,-1.3365105975694263,0,0
-1.1783056099799651,0.2793796394260684,0.4692064109766948,-0.406515446045651,-0.6275335318484828,0.3414647377472831,1.2869435071826616,1.4823416316196099,0.8839286646385285,0.7526538318361012,1,0
1.0343026474220047,-0.24347494648174,-0.1600756546885384,-0.406515446045651,-0.054970645283884234,0.13266942393495193,-0.13257246413657037,0.8545625403187186,1.8912483865235525,-0.10759034497793926,0,0
-1.2397669504633533,-0.7951637793924539,-0.6979580530383803,-0.5161892280976657,1.9890764720061487,2.3906122680597015,0.05669633203932739,0.980118358578897,1.8912483865235525,-0.45871041714693545,0,0
1.403070690322333,-0.9529444116056305,-1.2358404513882222,4.004253463461126,1.0866989018486768,1.0957723510553563,-1.7413572316317,-1.2798863701043115,-0.4591642978748364,-1.3365105975694263,0,0
0.11238254017118392,-0.5379313791014584,-0.6979580530383803,-0.4388156394867202,-0.054970645283884234,-0.7805748332707322,0.8137715167429176,1.4823416316196099,1.555475145895211,-0.9268705133722639,0,0
-0.19492416224575634,3.0681177558493147,2.6098826768458303,0.3840831552748682,0.6138667215349201,1.1220654224747777,-1.1735508431040067,-1.2798863701043115,-1.1307107791315192,0.8674873636356335,0,0
-0.6251535456294727,-0.6584879789859119,-0.6979580530383803,0.33975550969502644,-0.8547004799979105,-0.7346023792693883,0.7191371186549691,0.1012276307576495,-0.4591642978748364,-0.7220504712736829,1,0
-0.3793081836959205,0.2268784864902951,0.4692064109766948,-0.5732700794090204,0.06973020874800331,0.2882500161063645,0.9084059148308669,1.4823416316196099,1.4883204977695428,0.9272898677306811,1,0
1.341609349838945,0.37693419087358504,0.624926924571683,-0.3747084046354713,0.06973020874800331,-0.23381110967946211,0.7191371186549691,-0.14988400576270725,-0.794937538503178,1.1213299076135472,0,0
-0.010540140795592191,0.623775150855327,0.9627338648293696,0.21671927472342667,0.45022617735022225,0.3414647377472831,-1.268185241191956,-1.0287747335839552,-0.4591642978748364,1.911350069993789,1,0
0.6655346045216763,2.5111417410159964,2.2385741196212092,0.017365312149962103,0.09904847137754404,1.5194018242394387,-0.7950132507522121,-0.9032189153237768,-0.794937538503178,1.1005007507899633,0,0
0.17384388065457196,-0.5379313791014584,-0.6979580530383803,-0.6559055308977622,-0.5278028255976409,-0.6479312607925423,-0.22720686222451883,-0.024328187502528874,0.21238218338184606,-0.9268705133722639,0,0
0.3582279021047361,-0.6584879789859119,-0.6979580530383803,-0.631959051791938,0.2361061407994001,-0.8785643257798388,1.5708467014465077,1.8590090864001445,1.21970190526687,-0.7220504712736829,1,0
0.05092119968779586,-0.6584879789859119,-0.6979580530383803,-0.8186499209732583,-0.30864856533825014,-0.20529898584398648,0.8137715167429176,0.8545625403187186,0.5481554240101877,-0.7220504712736829,0,0
0.6040732640382883,-0.7951637793924539,-0.6979580530383803,0.4203157336541049,0.35957030125795314,0.2131442751336804,0.3405995263031736,0.3523392672780057,0.21238218338184606,-0.45871041714693545,0,0
0.29676656162134807,0.11303370133807245,0.15456537814407817,1.2409447035191794,-0.43546661388610264,-0.4565962771460793,0.3405995263031736,0.47789508553818405,0.21238218338184606,0.0369885082681179,0,0
0.17384388065457196,-0.430089825697822,-0.3833170202057637,0.5592552576440231,-0.08819844570792246,0.17362552783019894,-0.511110056488365,-0.7776630970635985,-0.794937538503178,-0.35337439549623695,1,0
1.6489160522558852,-0.9529444116056305,-1.2358404513882222,-1.7565630076483654,-0.30864856533825014,-0.35567786559520237,-0.13257246413657037,0.1012276307576495,0.21238218338184606,-1.3365105975694263,0,0
1.403070690322333,0.17153808602243215,0.013083801085671514,-0.9392616472102844,-0.9859763818622591,-0.8785643257798388,0.05669633203932739,1.1056741768390752,2.227021627151894,-0.5172304291751016,0,0
-0.44076952417930854,0.11303370133807245,0.5509661994355135,-0.5732700794090204,-0.9859763818622591,-0.3883227233778525,0.7191371186549691,0.6034509037983624,0.21238218338184606,1.7719347472208051,0,0
-1.1783056099799651,-0.5379313791014584,-0.6979580530383803,-0.8982769665316215,-1.1327303544825886,-1.5611755179982263,0.5298683224790713,0.47789508553818405,0.21238218338184606,-0.9268705133722639,0,0
1.5259933712891092,0.11303370133807245,0.013083801085671514,1.090277568975278,0.4281730587617797,-0.09796364105234408,-0.7003788526642628,-0.024328187502528874,0.5481554240101877,-0.396748051470054,1,0
1.218686668872169,-0.33253527425030543,0.013083801085671514,2.2140480298236827,-1.1327303544825886,-0.04790345575070855,-0.7003788526642628,-2.0332212796653812,-1.9701438807023726,0.7861698387249598,0,0
1.1572253283887808,-0.08569431426856347,0.013083801085671514,0.47700823176370954,-0.30864856533825014,0.6167604444906343,0.7191371186549691,-0.6521072788034201,-1.4664840197598605,0.06796969110655864,0,0
-1.9158416957806217,-0.08569431426856347,0.013083801085671514,0.2637134645588525,0.471895743935375,-0.07265541336579703,0.24596512821522515,0.980118358578897,1.555475145895211,0.06796969110655864,0,0
-0.010540140795592191,-0.9529444116056305,-1.2358404513882222,-0.39585905071501215,-0.3917439287125079,-0.5292775419686389,-0.6057444545763143,-0.2754398240228856,0.21238218338184606,-1.3365105975694263,0,0
-0.44076952417930854,0.9090517185430385,1.162809322921525,-0.19343579792248425,1.876031162959443,1.7743456445886698,1.2869435071826616,1.7334532681399666,1.21970190526687,1.8188251861114184,,0
-2.0387643767473977,-0.430089825697822,-0.6979580530383803,2.311930209188999,1.7126348305890982,0.9132701086624471,0.7191371186549691,0.7290067220585408,0.21238218338184606,-1.090726547051129,0,0
1.2801480093555568,2.4877453376988217,2.2116581173032634,1.0268212701533106,1.8335508437007693,2.2908341918150454,1.2869435071826616,-0.6521072788034201,-1.4664840197598605,1.0573976401376894,0,0
-0.8095375670796369,2.1218258258569724,1.9413720289678138,1.6167376243887017,0.2361061407994001,0.7326972289767861,0.15133073012727585,-0.9032189153237768,-1.4664840197598605,1.0908608104418576,0,0
-0.8095375670796369,-0.7951637793924539,-0.6979580530383803,0.31723290390520903,1.1752821930335795,1.5494347703678506,-0.41647565840041656,-0.2754398240228856,-0.0226590850579927,-0.45871041714693545,1,0
1.2801480093555568,-0.430089825697822,-0.3833170202057637,-0.4606307157249025,-0.3495036573638041,0.13266942393495193,-1.0789164450160582,-1.2798863701043115,-1.1307107791315192,-0.35337439549623695,0,0
-0.19492416224575634,2.433062110980016,2.2473425775342344,0.06902053879822047,0.4281730587617797,0.6697664037365227,-0.984282046928109,-1.4054421883644899,-1.4664840197598605,1.4360533869357575,0,0
-1.7929190148138456,1.659197320714824,1.6458924701397561,0.2559543466708279,2.092713039364152,1.410848341160536,0.6245027205670198,1.1056741768390752,0.8839286646385285,1.3607299568196807,0,0
-0.7480762265962488,0.2793796394260684,0.5509661994355135,0.17673108457041384,1.9762971941048117,1.2981374790657578,-0.984282046928109,-0.14988400576270725,1.0518152849526994,1.1213299076135472,,0
0.6040732640382883,0.7919472233777568,0.8656072322681301,-0.2128156655318231,0.38286011341972964,1.2981374790657578,-1.268185241191956,-1.6565538248848461,-1.4664840197598605,0.7861698387249603,0,0
0.7884572854884525,-0.7951637793924539,-1.2358404513882222,-0.6679827864293568,-0.48077955922815263,-0.8785643257798388,0.24596512821522515,0.1012276307576495,-0.12339105724649518,-1.5120706336539242,1,0
0.23530522113796,-0.33253527425030543,0.013083801085671514,-0.8317115358261241,-0.3495036573638041,-0.49235066862113014,0.5298683224790713,1.4823416316196099,1.8912483865235525,0.7861698387249598,0,0
-1.6699963338470696,-0.6584879789859119,-0.6979580530383803,-0.08079643423836629,0.40572256537397494,0.13266942393495193,0.4352339243911229,1.1056741768390752,1.21970190526687,-0.7220504712736829,1,0
1.2801480093555568,-0.33253527425030543,0.013083801085671514,-0.7294421325513228,-1.3914424982455231,0.17362552783019894,0.6245027205670198,1.2312299950992531,1.421165849643875,0.7861698387249598,1,0
-0.5636922051460846,0.11303370133807245,0.013083801085671514,-0.30232769940808124,-0.12233670921437628,-0.3883227233778525,0.6245027205670198,0.980118358578897,0.8839286646385285,-0.396748051470054,1,0
-0.010540140795592191,0.11303370133807245,0.3778067436613035,0.5925891006943707,-1.491173204496365,-0.2630638903892315,-0.13257246413657037,-1.2798863701043115,-1.4664840197598605,0.9044616277444617,0,0
-0.5636922051460846,-0.6584879789859119,-0.6979580530383803,2.101746073338418,0.7062029332464578,1.1893193575796275,0.15133073012727585,-0.024328187502528874,-0.4591642978748364,-0.7220504712736829,0,0
-0.44076952417930854,0.11303370133807245,0.2741863471073553,2.6825687284689996,1.0054112554006507,2.585145676249522e-05,-0.41647565840041656,-0.14988400576270725,0.21238218338184606,0.4707250680062894,0,0
1.0343026474220047,1.2172472578380489,1.126709778289814,-1.736237765995138,-0.9859763818622591,-0.20529898584398648,-1.3628196392799046,-1.2798863701043115,2.6299495159059036,0.5314481863696339,1,0
1.218686668872169,-0.7951637793924539,-1.2358404513882222,1.0481888497202914,-0.8547004799979105,-0.5292775419686389,-1.0789164450160582,-0.400995642283064,0.5481554240101877,-1.5120706336539242,1,0
1.8333000737060494,1.6983185696738492,1.7351863009696682,1.0160547307139052,-0.3495036573638041,-0.7346023792693883,-0.8896476488401606,-1.6565538248848461,-1.533638667885529,1.674344021279716,0,0
1.8333000737060494,-0.08569431426856347,-0.1600756546885384,-0.20310319691612422,0.28696906713465037,-0.5292775419686389,-0.511110056488365,-0.6521072788034201,-0.794937538503178,-0.45871041714693545,0,0
0.6040732640382883,1.0864036559974755,1.377182017408948,-0.0626013775813272,-1.2991062865339855,-0.7346023792693883,0.6245027205670198,-1.2798863701043115,-1.8022572603882017,2.2943901487236027,0,0
1.8333000737060494,-0.6584879789859119,-0.6979580530383803,-0.30232769940808124,-0.48077955922815263,-0.7805748332707322,-1.9306260278075968,-1.4054421883644899,-0.4591642978748364,-0.7220504712736829,0,0
-0.3178468432125324,3.0781362509626047,2.8067222029055174,0.3840831552748682,1.2693622380218568,1.5254728294367006,1.3815779052706108,-0.5265514605432418,-1.4664840197598605,1.8155900503113356,0,0
0.05092119968779586,-0.08569431426856347,-0.1600756546885384,0.47700823176370954,3.17814593867698,2.8867854239728135,-2.6877012125111874,-2.6610003709662724,-2.1380305010165435,-0.45871041714693545,0,0
2.0176840951562136,-0.430089825697822,-0.3833170202057637,-0.9255103052381352,-0.43546661388610264,0.4249228191322918,-0.13257246413657037,-0.024328187502528874,-0.12339105724649518,-0.35337439549623695,0,0
-0.010540140795592191,0.4659945186421504,0.624926924571683,-0.7170043598186326,-0.23075015912448008,0.04599830545810637,-1.268185241191956,-0.6521072788034201,0.21238218338184606,0.8140998444656758,1,0
-0.1334628217623683,-0.5379313791014584,-0.3833170202057637,-1.0968386413051707,-1.491173204496365,-0.5674564095938143,0.9084059148308669,0.47789508553818405,2.898568108408577,-0.10759034497793968,0,0
-0.2563855027291444,0.5865511185266042,0.7545609391545215,1.8643636340894085,1.587516216730047,0.39227796134964266,1.4762123033585592,1.1056741768390752,0.21238218338184606,0.9847832128811597,0,0
1.8333000737060494,2.3279906487908195,2.256013061800431,3.040460283170778,0.723876544082164,-0.15035302829445343,-1.0789164450160582,-1.1543305518441331,-0.794937538503178,1.918467368753971,0,0
0.9113799664552286,0.5479220783190677,0.6924477764939201,-0.6801304636738992,0.06973020874800331,-0.29309683651764296,-0.984282046928109,-0.5265514605432418,0.21238218338184606,0.8377329262462808,1,0
0.6040732640382883,-0.5379313791014584,-0.6979580530383803,-0.4606307157249025,-0.5766706055132325,-0.6069751568972952,-0.511110056488365,-0.5265514605432418,-0.4591642978748364,-0.9268705133722639,1,0
0.9113799664552286,1.807438759195043,1.6267309961351974,2.892344674658937,-0.23075015912448008,-0.4565962771460793,0.3405995263031736,-0.024328187502528874,-0.4591642978748364,0.748511404018377,1,0
-1.6699963338470696,-0.6584879789859119,-0.6979580530383803,0.3620372273831985,0.7413029634335065,1.2055235038597865,-0.8896476488401606,-0.7776630970635985,-0.4591642978748364,-0.7220504712736829,0,0
-0.3178468432125324,0.8810075511463225,1.0070888093265369,0.3840831552748682,0.28696906713465037,0.2513231427588553,0.5298683224790713,-0.2754398240228856,-0.794937538503178,1.1213299076135472,0,0
0.9113799664552286,2.770299914366139,2.5171156078221144,2.9184954876228493,0.35957030125795314,-0.1774909375155152,0.4352339243911229,0.2267834490178273,-0.12339105724649518,1.5094099873792794,1,0
0.29676656162134807,-0.6584879789859119,-0.6979580530383803,-0.9255103052381352,-0.3917439287125079,-0.5292775419686389,0.9084059148308669,1.2312299950992531,1.21970190526687,-0.7220504712736829,0,0
1.0343026474220047,2.0149237384018024,1.873851177045577,2.2531584487218757,0.5945489908131765,0.8265989901856006,1.0030403129188152,0.1012276307576495,-0.6606282422518414,1.1551534008041384,0,0
0.5426119235549003,1.3148018092855656,1.4535715403609875,0.8120888486433655,0.6516262376256907,-0.15035302829445343,0.5298683224790713,0.1012276307576495,-0.4591642978748364,1.724618031613005,0,0
1.0343026474220047,1.5319726315858533,1.403489630617972,1.723193441073948,1.3355354165832578,0.35865848755049773,-0.037938066048621065,-0.024328187502528874,-0.12339105724649518,0.6875933478753753,1,0
1.7718387332226613,-0.9529444116056305,-1.2358404513882222,0.28681892222247096,-0.6275335318484828,0.8038473328064777,-1.3628196392799046,-1.4054421883644899,-1.1307107791315192,-1.3365105975694263,1,0
-0.8709989075630249,-0.6584879789859119,-0.6979580530383803,-0.20310319691612422,-1.213143330011687,-0.9309537130219476,1.0976747110067637,1.1056741768390752,0.5481554240101877,-0.7220504712736829,1,0
-1.9773030362640098,-0.7951637793924539,-0.6979580530383803,0.8120888486433655,-1.0571939748962915,-0.7805748332707322,0.9084059148308669,1.1056741768390752,0.5481554240101877,-0.45871041714693545,0,0
0.9113799664552286,2.024271274409456,1.7842131456029333,2.3998710294882812,1.5698426058943407,2.237421479889374,-0.8896476488401606,-1.2798863701043115,-1.1307107791315192,0.7191378249472428,0,0
-0.9324602480464129,0.05098148613797845,-0.1600756546885384,0.7020932933657891,0.9333698813958862,1.1974505751191022,-0.7950132507522121,-0.5265514605432418,-0.12339105724649518,-0.7220504712736829,0,0
-0.8709989075630249,-0.16154738680482278,0.013083801085671514,-0.5274809670945598,-0.3917439287125079,-0.4565962771460793,0.3405995263031736,0.3523392672780057,0.21238218338184606,0.27053896351174844,1,0
-0.5022308646626966,0.17153808602243215,0.3778067436613035,-1.0237321667811987,0.5549911073096327,0.2131442751336804,-0.7003788526642628,-0.2754398240228856,0.21238218338184606,0.7116898234163852,0,0
1.6489160522558852,0.11303370133807245,0.3778067436613035,-0.3537703314600257,-0.43546661388610264,-0.29309683651764296,-0.22720686222451883,-0.14988400576270725,-0.0226590850579927,0.9044616277444617,0,0
0.7884572854884525,-0.6584879789859119,-0.6979580530383803,-1.2512293170454216,-0.6275335318484828,-0.7346023792693883,0.5298683224790713,1.1056741768390752,1.21970190526687,-0.7220504712736829,1,0
-1.1783056099799651,1.5319726315858533,1.4535715403609875,-1.0968386413051707,-0.08819844570792246,-1.0436645751167262,-2.6877012125111874,-2.7865561892264505,-2.1380305010165435,0.9044616277444617,1,0
0.4811505830715122,-0.7951637793924539,-1.2358404513882222,-0.5502497264552632,-0.8547004799979105,-0.42194219717699644,-1.5520884354558022,-1.5309980066246682,-1.1307107791315192,-1.5120706336539242,,0
-0.5022308646626966,-0.7951637793924539,-0.6979580530383803,-0.01779705410333955,1.099745813447283,0.13266942393495193,2.8957282746777913,2.23567654118068,0.21238218338184606,-0.45871041714693545,0,0
-1.4241509719135175,1.516808678990306,1.4535715403609875,2.6606260016842396,1.6885961041336648,1.8494513855613528,-0.22720686222451883,-0.400995642283064,-0.4591642978748364,0.9562510677131982,0,0
-0.2563855027291444,-0.24347494648174,0.013083801085671514,0.07750658207845683,-0.1935543022484093,-0.15035302829445343,0.4352339243911229,0.3523392672780057,0.11165021119334358,0.506869781317804,1,0
-0.3178468432125324,-0.5379313791014584,-0.3833170202057637,0.441756616672643,2.1991750892311406,1.8357453088360651,0.3405995263031736,-0.024328187502528874,-0.4591642978748364,-0.10759034497793968,1,0
-0.19492416224575634,-1.1395592908217125,-1.2358404513882222,-0.7927698273580172,1.6966606544421938,0.9132701086624471,1.5708467014465077,1.1056741768390752,-0.12339105724649518,-1.090726547051129,0,0
0.7884572854884525,-0.6584879789859119,-0.6979580530383803,0.47700823176370954,-0.23075015912448008,0.23239549155573805,-0.22720686222451883,-0.024328187502528874,0.21238218338184606,-0.7220504712736829,0,0
-0.7480762265962488,0.17153808602243215,0.3778067436613035,-0.39585905071501215,-0.5766706055132325,-0.8785643257798388,1.4762123033585592,1.1056741768390752,0.21238218338184606,0.7116898234163852,0,0
1.6489160522558852,-0.6584879789859119,-0.6979580530383803,-0.9810688176108983,-0.6805614781426248,-0.35567786559520237,-0.41647565840041656,-0.14988400576270725,0.21238218338184606,-0.7220504712736829,0,0
-0.8709989075630249,-0.33253527425030543,-0.3833170202057637,-0.4606307157249025,-0.5278028255976409,-1.3098782266961335,1.3815779052706108,0.8545625403187186,-0.12339105724649518,-0.5544704368293895,0,0
0.9113799664552286,1.2573915434429581,1.230330174843762,-0.7170043598186326,1.4385667040299928,1.6184054264404597,0.3405995263031736,-0.2754398240228856,-0.794937538503178,0.8377329262462808,0,0
0.9113799664552286,0.3293187182356087,0.5509661994355135,-0.44969462371064955,1.313865849998105,1.844901202657028,-2.3091636201593926,-1.9076654614052027,-1.1307107791315192,0.9457698715290489,0,0
0.23530522113796,-0.9529444116056305,-1.2358404513882222,-0.17423454914505898,0.28696906713465037,0.11161892811310273,-1.3628196392799046,-0.9032189153237768,-0.12339105724649518,-1.3365105975694263,1,0
-0.6866148861128608,1.3866592433879341,1.2620080535595652,0.4203157336541049,0.15569316527030183,1.7791893885580543,-0.7950132507522121,-0.5265514605432418,-0.12339105724649518,0.5589426733767651,0,0
1.5259933712891092,-0.16154738680482278,-0.1600756546885384,0.859171547304737,-0.9186103179317671,-1.3875758416247899,-0.3218412603124681,-0.400995642283064,-0.4591642978748364,-0.29665499922278354,1,0
-0.010540140795592191,0.8521733041434172,0.8656072322681301,-0.4716245182543948,0.5749270313821098,0.6697664037365227,-0.7950132507522121,-0.2754398240228856,0.21238218338184606,0.5946497993600527,0,0
0.7269959450050645,-0.9529444116056305,-1.2358404513882222,-0.2521247703054,0.3116425203856972,0.23239549155573805,-0.511110056488365,-0.5265514605432418,-0.4591642978748364,-1.3365105975694263,1,0
-0.6866148861128608,-0.6584879789859119,-0.6979580530383803,-0.4388156394867202,-1.213143330011687,-1.5611755179982263,2.0440186918862517,1.9845649046603233,0.8839286646385285,-0.7220504712736829,0,0
0.23530522113796,0.9629351108232396,1.126709778289814,-0.4716245182543948,0.6138667215349201,1.4947851340242813,0.4352339243911229,-0.14988400576270725,-0.794937538503178,1.404926888980814,0,0
-1.055382929013189,-0.6584879789859119,-0.6979580530383803,0.5525240054399343,0.40572256537397494,-0.8285041404782032,0.3405995263031736,1.2312299950992531,1.9248257105863869,-0.7220504712736829,0,0
1.7718387332226613,-0.430089825697822,-0.3833170202057637,-0.631959051791938,-0.3495036573638041,-0.4565962771460793,-0.037938066048621065,0.3523392672780057,0.5481554240101877,-0.35337439549623695,0,0
1.6489160522558852,0.9629351108232396,1.0888485977853553,-0.406515446045651,-0.48077955922815263,0.23239549155573805,0.8137715167429176,-0.9032189153237768,-1.8022572603882017,1.2158622347359698,0,0
1.8333000737060494,1.9863577519374516,1.7998904519094072,1.7986843358623879,-0.08819844570792246,-0.5674564095938143,-1.268185241191956,-1.6565538248848461,-1.4664840197598605,0.9126453364187666,0,0
1.2801480093555568,2.445468906267721,2.124809784258778,0.5925891006943707,2.2045341025371177,2.3418279056392466,0.4352339243911229,-1.4054421883644899,-1.8022572603882017,0.810398277439797,0,0
-0.6866148861128608,0.9090517185430385,1.126709778289814,1.513068439233524,1.324747741637819,0.720389251421469,0.05669633203932739,-0.400995642283064,-0.794937538503178,1.619540820826312,0,0
2.75522018095687,-0.33253527425030543,-0.3833170202057637,-0.20310319691612422,0.18307819450525803,1.1561943596333326,0.4352339243911229,-0.14988400576270725,-0.794937538503178,-0.5544704368293895,0,0
-1.6699963338470696,0.17153808602243215,0.2741863471073553,-0.5965476483325806,-0.15743673940142452,-0.3239527046678899,0.3405995263031736,0.6034509037983624,0.5481554240101877,0.30204973921922235,0,0
0.23530522113796,-0.6584879789859119,-0.6979580530383803,-0.3747084046354713,-0.6805614781426248,-0.9858996705714811,0.5298683224790713,1.4823416316196099,1.8912483865235525,-0.7220504712736829,0,0
0.3582279021047361,0.37693419087358504,0.5509661994355135,1.9694272776264747,-1.0571939748962915,-0.6069751568972952,0.8137715167429176,-0.6521072788034201,-1.2985973994456896,0.7861698387249598,0,0
-0.010540140795592191,-0.33253527425030543,-0.1600756546885384,-1.9715288675298634,1.033100587646728,1.5375175296707084,0.7191371186549691,0.8545625403187186,0.5817327480730218,0.1158497009477854,1,0
-2.2846097386809503,-0.5379313791014584,-0.6979580530383803,1.0954793712901862,-0.5766706055132325,0.2131442751336804,1.0030403129188152,0.3523392672780057,-0.4591642978748364,-0.9268705133722639,0,0
0.4196892425881242,-0.9529444116056305,-1.2358404513882222,-0.4172266302819929,-1.7183401526457935,-1.5611755179982263,0.4352339243911229,0.2267834490178273,-0.12339105724649518,-1.3365105975694263,0,1
-0.010540140795592191,-0.16154738680482278,0.15456537814407817,-0.7419546070695145,0.26179712671038347,-0.15035302829445343,-0.7950132507522121,-0.7776630970635985,-0.4591642978748364,0.8377329262462808,0,1
-0.19492416224575634,-0.430089825697822,-0.3833170202057637,-0.8982769665316215,-0.054970645283884234,-0.9309537130219476,0.3405995263031736,0.980118358578897,1.21970190526687,-0.35337439549623695,0,1
-2.346071079164338,-1.1395592908217125,-1.2358404513882222,0.8239596542355945,-0.43546661388610264,0.0682994052249898,1.3815779052706108,1.3567858133594322,0.5481554240101877,-1.090726547051129,1,1
0.4811505830715122,-0.5379313791014584,-0.6979580530383803,-0.2521247703054,-0.15743673940142452,-0.4565962771460793,1.4762123033585592,0.980118358578897,-0.12339105724649518,-0.9268705133722639,,1
0.29676656162134807,-0.33253527425030543,-0.3833170202057637,-0.631959051791938,-0.8547004799979105,-1.0436645751167262,0.6245027205670198,1.7334532681399666,2.562794867780235,-0.5544704368293895,1,1
-0.3178468432125324,-0.7951637793924539,-0.6979580530383803,-0.6200882461997091,-0.43546661388610264,-0.12385371775042418,-1.0789164450160582,-0.9032189153237768,-0.4591642978748364,-0.45871041714693545,0,1
0.9113799664552286,-1.1395592908217125,-1.2358404513882222,1.5551571584885104,-0.8547004799979105,-0.3883227233778525,-0.511110056488365,-1.9076654614052027,-1.9029892325767042,-1.090726547051129,0,1
0.9113799664552286,-0.9529444116056305,-1.2358404513882222,-0.5049583613047443,-0.8547004799979105,-0.9309537130219476,-0.22720686222451883,0.2267834490178273,0.5481554240101877,-1.3365105975694263,1,1
-1.2397669504633533,-0.9529444116056305,-1.2358404513882222,-0.5388342417575943,1.033100587646728,0.11161892811310273,-0.8896476488401606,-1.0287747335839552,-0.794937538503178,-1.3365105975694263,0,1
-0.19492416224575634,-0.6584879789859119,-0.6979580530383803,-0.844855558888679,-0.48077955922815263,-0.8285041404782032,0.24596512821522515,-0.024328187502528874,-0.4591642978748364,-0.7220504712736829,1,1
-0.5636922051460846,-0.6584879789859119,-0.6979580530383803,-0.5502497264552632,-0.30864856533825014,-0.3883227233778525,-0.037938066048621065,0.8545625403187186,1.555475145895211,-0.7220504712736829,1,1
0.17384388065457196,-0.7951637793924539,-0.6979580530383803,-0.7545426861220094,-0.2690906818347058,-0.5292775419686389,1.4762123033585592,1.1056741768390752,0.21238218338184606,-0.45871041714693545,0,1
-0.44076952417930854,0.5479220783190677,0.6924477764939201,1.1417202010272223,0.4931948723810841,0.19355823821361082,-0.7950132507522121,-0.14988400576270725,-0.4591642978748364,0.8377329262462808,0,1
0.17384388065457196,-0.7951637793924539,-0.6979580530383803,-0.2720610061233507,-1.213143330011687,-0.5292775419686389,-1.7413572316317,-1.2798863701043115,-0.4591642978748364,-0.45871041714693545,0,1
-0.6251535456294727,0.2793796394260684,0.624926924571683,-0.09915180182963408,-0.23075015912448008,1.16456739996454,-0.41647565840041656,-0.5265514605432418,-0.4591642978748364,1.4900059833909935,,1
1.218686668872169,-0.33253527425030543,-0.3833170202057637,0.17673108457041384,0.2361061407994001,-0.20529898584398648,0.5298683224790713,0.980118358578897,0.8839286646385285,-0.5544704368293895,0,1
-0.07200148127898025,-0.5379313791014584,-0.6979580530383803,-0.5502497264552632,-0.3917439287125079,0.60310974721198,0.6245027205670198,0.7290067220585408,0.21238218338184606,-0.9268705133722639,0,1
1.1572253283887808,-0.5379313791014584,-0.3833170202057637,0.5592552576440231,0.5347310076992674,0.2131442751336804,0.5298683224790713,0.3523392672780057,-0.12339105724649518,-0.10759034497793968,0,1
-0.9939215885298011,-0.6584879789859119,-0.6979580530383803,-0.8713950355588835,-1.491173204496365,-1.3098782266961335,0.3405995263031736,0.7290067220585408,0.5481554240101877,-0.7220504712736829,0,1
-1.055382929013189,-0.430089825697822,-0.3833170202057637,-2.017317979844324,-0.9859763818622591,0.9132701086624471,0.3405995263031736,-0.024328187502528874,-0.4591642978748364,-0.35337439549623695,0,1
-1.1168442694965772,-0.7951637793924539,-0.6979580530383803,0.05194404364175357,-0.793909463899879,-0.8285041404782032,-1.0789164450160582,-1.0287747335839552,-0.794937538503178,-0.45871041714693545,0,1
-0.44076952417930854,0.5865511185266042,0.8120687454571972,-1.6961726707407034,-0.5766706055132325,-0.9309537130219476,1.0030403129188152,1.3567858133594322,0.8839286646385285,1.2578766023459345,0,1
-2.5304551006145024,-0.5379313791014584,-0.6979580530383803,0.800150015140643,-0.3495036573638041,-0.3883227233778525,1.4762123033585592,1.1056741768390752,0.21238218338184606,-0.9268705133722639,0,1
-0.44076952417930854,-0.430089825697822,-0.3833170202057637,-0.19343579792248425,-0.793909463899879,-0.7805748332707322,0.8137715167429176,1.6078974498797889,1.8912483865235525,-0.35337439549623695,1,1
-0.7480762265962488,-0.6584879789859119,-0.6979580530383803,-0.3747084046354713,-0.5278028255976409,-0.8285041404782032,1.4762123033585592,1.1056741768390752,0.21238218338184606,-0.7220504712736829,0,1
-0.9324602480464129,-0.7951637793924539,-0.6979580530383803,-0.4172266302819929,-0.2690906818347058,-0.3239527046678899,1.0030403129188152,0.6034509037983624,-0.056236409120826863,-0.45871041714693545,0,1
-0.1334628217623683,-0.6584879789859119,-0.6979580530383803,-0.4388156394867202,-0.3917439287125079,-0.9858996705714811,-0.41647565840041656,-0.2754398240228856,-0.12339105724649518,-0.7220504712736829,0,1
0.23530522113796,-0.16154738680482278,-0.1600756546885384,-0.29218986555983456,-0.3495036573638041,-0.7346023792693883,-0.41647565840041656,-0.024328187502528874,0.41384612775885105,-0.29665499922278354,0,1
1.2801480093555568,-0.7951637793924539,-0.6979580530383803,-0.7927698273580172,-0.6275335318484828,-0.9858996705714811,-0.037938066048621065,0.1012276307576495,0.21238218338184606,-0.45871041714693545,1,1
0.6040732640382883,-0.6584879789859119,-0.6979580530383803,-0.10839048989578784,-1.2991062865339855,-0.8285041404782032,-0.3218412603124681,0.2267834490178273,0.8839286646385285,-0.7220504712736829,0,1
0.6655346045216763,-0.33253527425030543,0.013083801085671514,-0.5732700794090204,-0.3495036573638041,-0.15035302829445343,0.4352339243911229,0.8545625403187186,0.8839286646385285,0.7861698387249598,0,1
1.218686668872169,-0.430089825697822,-0.3833170202057637,-0.33304060077635445,-0.5278028255976409,-1.4710339230097986,-1.0789164450160582,-0.6521072788034201,-0.12339105724649518,-0.35337439549623695,0,1
1.218686668872169,0.2268784864902951,0.3778067436613035,-0.6923493886995999,-0.12233670921437628,-0.12385371775042418,-2.49843241633529,-2.1587770979255594,-1.1978654272571876,0.5392097879649485,0,1
-0.5022308646626966,-0.6584879789859119,-0.6979580530383803,-0.406515446045651,0.5141360152840782,-0.20529898584398648,1.6654810995344562,2.3612323594408577,1.8912483865235525,-0.7220504712736829,0,1
-0.6251535456294727,-0.6584879789859119,-0.6979580530383803,-0.3747084046354713,-0.12233670921437628,-0.4565962771460793,0.5298683224790713,1.1056741768390752,1.21970190526687,-0.7220504712736829,0,1
0.6040732640382883,-0.33253527425030543,-0.3833170202057637,-0.20310319691612422,-0.793909463899879,-1.3098782266961335,-0.22720686222451883,-0.2754398240228856,-0.4591642978748364,-0.5544704368293895,0,1
-0.5636922051460846,-0.24347494648174,-0.1600756546885384,0.859171547304737,1.7362185379457376,0.7079452713616976,1.7601154976224063,1.6078974498797889,0.5481554240101877,-0.10759034497793926,0,1
-2.0387643767473977,-0.6584879789859119,-0.6979580530383803,0.5047862532250191,0.20987425248233393,0.37559367490583784,0.24596512821522515,0.47789508553818405,0.5481554240101877,-0.7220504712736829,0,1
-1.1168442694965772,-0.430089825697822,-0.3833170202057637,-0.5732700794090204,0.4281730587617797,0.9441259768126935,0.3405995263031736,0.980118358578897,3.0664547287227477,-0.35337439549623695,0,1
0.4196892425881242,-0.9529444116056305,-1.2358404513882222,-0.5965476483325806,-0.5278028255976409,-0.6479312607925423,0.05669633203932739,0.6034509037983624,0.8839286646385285,-1.3365105975694263,1,1
-1.3626896314301293,-0.33253527425030543,0.013083801085671514,-0.44969462371064955,-0.08819844570792246,-0.1774909375155152,1.192309109094713,1.4823416316196099,0.8839286646385285,0.7861698387249598,0,1
-0.9939215885298011,-0.7951637793924539,-1.2358404513882222,-0.7927698273580172,0.33583684705024197,-0.1774909375155152,-1.1735508431040067,-0.7776630970635985,-0.12339105724649518,-1.5120706336539242,0,1
-1.9773030362640098,-0.9529444116056305,-1.2358404513882222,0.6253979794620452,-0.43546661388610264,0.17362552783019894,0.7191371186549691,0.6034509037983624,0.21238218338184606,-1.3365105975694263,0,1
-1.6699963338470696,-0.16154738680482278,0.2741863471073553,0.5991923415466245,-1.7183401526457935,-0.9309537130219476,-0.41647565840041656,-1.2798863701043115,-1.4664840197598605,1.4049268889808133,0,1
2.386452138056542,-0.7951637793924539,-0.6979580530383803,-0.4826766436165722,-1.3914424982455231,-0.9309537130219476,-0.41647565840041656,0.1012276307576495,0.5481554240101877,-0.45871041714693545,0,1
-1.2397669504633533,-0.7951637793924539,-1.2358404513882222,-1.0968386413051707,-0.2690906818347058,-0.7346023792693883,1.0976747110067637,1.4823416316196099,1.21970190526687,-1.5120706336539242,0,1
-0.3793081836959205,0.05098148613797845,0.3778067436613035,-0.0626013775813272,0.9913323635371786,0.4875038482098512,1.4762123033585592,1.1056741768390752,0.21238218338184606,1.1213299076135472,0,1
-2.407532419647726,-0.9529444116056305,-1.2358404513882222,0.41311945449613113,-0.054970645283884234,-0.5292775419686389,-1.5520884354558022,-1.4054421883644899,-0.794937538503178,-1.3365105975694263,1,1
-0.44076952417930854,-0.9529444116056305,-1.2358404513882222,-0.7545426861220094,-0.7359469817585865,-0.3883227233778525,-0.511110056488365,-0.2754398240228856,-0.12339105724649518,-1.3365105975694263,0,1
1.5259933712891092,-0.7951637793924539,-0.6979580530383803,-0.0001416878889102189,-0.9859763818622591,-0.6069751568972952,-0.6057444545763143,-0.7776630970635985,-0.6270509181890073,-0.45871041714693545,0,1
-0.19492416224575634,-0.7951637793924539,-0.6979580530383803,-0.38525688663854984,0.5945489908131765,-0.42194219717699644,-0.6057444545763143,-0.9032189153237768,-0.794937538503178,-0.45871041714693545,0,1
-1.7314576743304577,-0.7951637793924539,-0.6979580530383803,-1.0237321667811987,-0.9859763818622591,-0.3239527046678899,0.7191371186549691,0.980118358578897,0.8167740165128602,-0.45871041714693545,0,1
0.9113799664552286,0.37693419087358504,0.5509661994355135,0.27914554063864444,0.15569316527030183,0.09016744644519024,-0.3218412603124681,-0.2754398240228856,-0.12339105724649518,0.7861698387249598,0,1
-1.7929190148138456,-0.7951637793924539,-0.6979580530383803,1.1819788594839502,-0.43546661388610264,-0.35567786559520237,0.7191371186549691,1.2312299950992531,1.21970190526687,-0.45871041714693545,0,1
0.29676656162134807,-0.7951637793924539,-0.6979580530383803,-0.29218986555983456,-0.9859763818622591,-1.1689234081053468,1.8547498957103548,1.3567858133594322,0.21238218338184606,-0.45871041714693545,0,1
0.9728413069386166,-0.6584879789859119,-0.6979580530383803,-0.4388156394867202,-0.43546661388610264,-0.35567786559520237,0.4352339243911229,0.3523392672780057,-0.12339105724649518,-0.7220504712736829,1,1
-0.010540140795592191,-0.9529444116056305,-1.2358404513882222,0.2714437915907484,-0.6805614781426248,-0.15035302829445343,-1.268185241191956,-1.4054421883644899,-1.4664840197598605,-1.3365105975694263,0,1
1.1572253283887808,-0.33253527425030543,0.013083801085671514,-1.0237321667811987,-0.8547004799979105,-0.7805748332707322,-0.8896476488401606,0.1012276307576495,1.5218978218323769,0.7861698387249598,1,1
-0.2563855027291444,-0.5379313791014584,-0.6979580530383803,-0.343379682764705,-0.30864856533825014,-0.7805748332707322,1.0976747110067637,0.8545625403187186,0.21238218338184606,-0.9268705133722639,0,1
1.218686668872169,-0.7951637793924539,-0.6979580530383803,-0.3642130638250128,-0.9186103179317671,-0.8785643257798388,-0.13257246413657037,0.6034509037983624,1.21970190526687,-0.45871041714693545,,1
2.4479134785399297,-0.430089825697822,-0.3833170202057637,-0.2720610061233507,-1.0571939748962915,-1.3098782266961335,0.5298683224790713,0.6034509037983624,0.21238218338184606,-0.35337439549623695,0,1
0.23530522113796,-0.6584879789859119,-0.6979580530383803,-0.844855558888679,-0.9186103179317671,-1.3098782266961335,0.15133073012727585,0.6034509037983624,0.8839286646385285,-0.7220504712736829,1,1
1.218686668872169,-0.7951637793924539,-0.6979580530383803,0.23250208312264142,-0.3495036573638041,-0.6069751568972952,-1.1735508431040067,-1.6565538248848461,-1.3993293716341921,-0.45871041714693545,1,1
0.6655346045216763,-0.430089825697822,-0.3833170202057637,-0.406515446045651,-0.7359469817585865,-0.6069751568972952,-0.6057444545763143,-0.6521072788034201,-0.4591642978748364,-0.35337439549623695,0,1
0.6040732640382883,-0.5379313791014584,-0.6979580530383803,-1.4886117562944312,-0.12233670921437628,-1.237196961873574,-0.22720686222451883,0.1012276307576495,0.21238218338184606,-0.9268705133722639,0,1
0.29676656162134807,-0.430089825697822,-0.3833170202057637,-0.44969462371064955,-0.7359469817585865,-0.49235066862113014,1.2869435071826616,1.1056741768390752,0.21238218338184606,-0.35337439549623695,0,1
0.11238254017118392,-0.6584879789859119,-0.6979580530383803,-0.008950668221710586,-1.7183401526457935,-1.4710339230097986,0.24596512821522515,-0.2754398240228856,-0.5934735941261731,-0.7220504712736829,1,1
-1.9158416957806217,-0.5379313791014584,-0.3833170202057637,0.5592552576440231,-0.793909463899879,-1.237196961873574,1.5708467014465077,1.3567858133594322,0.21238218338184606,-0.10759034497793968,0,1
-1.7314576743304577,-1.1395592908217125,-1.2358404513882222,-0.29218986555983456,-0.43546661388610264,-0.9309537130219476,0.6245027205670198,1.7334532681399666,2.562794867780235,-1.090726547051129,0,1
-0.5636922051460846,-0.7951637793924539,-0.6979580530383803,-0.9255103052381352,-0.793909463899879,-0.7346023792693883,-0.511110056488365,-0.024328187502528874,0.5481554240101877,-0.45871041714693545,0,1
1.0343026474220047,-0.7951637793924539,-0.6979580530383803,-0.6559055308977622,0.18307819450525803,-0.02368383978428082,0.8137715167429176,1.2312299950992531,0.8839286646385285,-0.45871041714693545,0,1
0.29676656162134807,-0.7951637793924539,-0.6979580530383803,-0.4388156394867202,-0.9859763818622591,-1.3098782266961335,0.9084059148308669,1.3567858133594322,1.21970190526687,-0.45871041714693545,0,1
0.17384388065457196,-0.6584879789859119,-0.6979580530383803,-0.17423454914505898,-0.2690906818347058,-0.6069751568972952,-1.1735508431040067,-0.7776630970635985,-0.12339105724649518,-0.7220504712736829,0,1
-1.5470736528802935,-0.9529444116056305,-0.6979580530383803,-0.33304060077635445,-1.491173204496365,-1.4710339230097986,-0.3218412603124681,-0.14988400576270725,-0.12339105724649518,-0.10759034497793926,1,1
-1.4241509719135175,-0.33253527425030543,-0.3833170202057637,-1.1268149965300944,-1.2991062865339855,-0.9309537130219476,0.5298683224790713,0.8545625403187186,0.5481554240101877,-0.5544704368293895,0,1
-0.010540140795592191,-0.7951637793924539,-0.6979580530383803,-0.5732700794090204,-0.9859763818622591,0.2131442751336804,0.24596512821522515,0.7290067220585408,0.8839286646385285,-0.45871041714693545,0,1
-0.9939215885298011,-0.24347494648174,-0.1600756546885384,-0.8186499209732583,-0.8547004799979105,-0.8785643257798388,-0.22720686222451883,-0.14988400576270725,-0.12339105724649518,-0.10759034497793926,0,1
-1.1168442694965772,-0.24347494648174,-0.1600756546885384,-0.5848763531305666,0.5749270313821098,-0.23381110967946211,-0.3218412603124681,0.2267834490178273,0.5481554240101877,-0.10759034497793926,0,1
-1.055382929013189,-0.9529444116056305,-1.2358404513882222,-1.1419664869120418,-0.7359469817585865,-1.237196961873574,-1.4574540373678528,-1.5309980066246682,-1.1307107791315192,-1.3365105975694263,1,1
0.7884572854884525,0.11303370133807245,0.3778067436613035,-0.4826766436165722,0.5141360152840782,0.6302476564330413,-0.511110056488365,0.47789508553818405,1.555475145895211,0.9044616277444617,0,1
-1.2397669504633533,-0.5379313791014584,-0.3833170202057637,-0.8317115358261241,-0.6275335318484828,-0.7346023792693883,0.4352339243911229,1.6078974498797889,2.562794867780235,-0.10759034497793968,0,1
1.2801480093555568,-0.9529444116056305,-0.6979580530383803,-1.7978182318953293,-1.0571939748962915,1.268104532937346,-1.3628196392799046,0.2267834490178273,3.2343413490369177,-0.10759034497793926,0,1
-0.8095375670796369,-0.7951637793924539,-0.6979580530383803,-0.4716245182543948,-0.7359469817585865,-0.12385371775042418,0.9084059148308669,-0.024328187502528874,-0.794937538503178,-0.45871041714693545,1,1
-1.4856123123969054,-0.430089825697822,-0.3833170202057637,-1.0672874969695194,-0.48077955922815263,-0.9309537130219476,-0.037938066048621065,0.47789508553818405,0.8839286646385285,-0.35337439549623695,1,1
-1.4241509719135175,0.5865511185266042,0.5509661994355135,-0.8186499209732583,0.9033450870361333,1.0957723510553563,-0.8896476488401606,-0.024328187502528874,0.8839286646385285,0.16550304448683514,0,1
1.218686668872169,-0.08569431426856347,0.15456537814407817,0.19281858338988192,-0.43546661388610264,-0.7805748332707322,-1.1735508431040067,-1.1543305518441331,-0.794937538503178,0.5946497993600531,0,1
-0.44076952417930854,-0.6584879789859119,-0.6979580530383803,0.08595819912500507,0.40572256537397494,0.7326972289767861,0.9084059148308669,1.4823416316196099,1.4883204977695428,-0.7220504712736829,0,1
-0.44076952417930854,-0.7951637793924539,-1.2358404513882222,-0.9255103052381352,1.0193328379181847,-0.9309537130219476,0.6245027205670198,1.3567858133594322,1.555475145895211,-1.5120706336539242,0,1
-1.6699963338470696,-0.6584879789859119,-0.6979580530383803,-0.3642130638250128,-0.1935543022484093,-0.49235066862113014,0.05669633203932739,0.47789508553818405,0.7496193683871919,-0.7220504712736829,0,1
0.9113799664552286,0.17153808602243215,0.013083801085671514,-0.343379682764705,0.15569316527030183,-0.7346023792693883,-2.403798018247341,-1.7821096431450245,-0.794937538503178,-0.5172304291751016,0,1
-0.6251535456294727,0.17153808602243215,0.15456537814407817,0.3096709328267562,0.2361061407994001,1.4759629342690401,0.05669633203932739,0.1012276307576495,-0.12339105724649518,-0.10759034497793968,0,1
-1.1168442694965772,-0.9529444116056305,-0.6979580530383803,-0.8056696874264723,-0.48077955922815263,-0.6069751568972952,-2.5930668144232385,-1.9076654614052027,-0.5934735941261731,-0.10759034497793926,1,1
-1.4241509719135175,-0.5379313791014584,-0.3833170202057637,-0.5848763531305666,-0.9859763818622591,-0.9309537130219476,0.24596512821522515,0.7290067220585408,0.8839286646385285,-0.10759034497793968,0,1
-0.1334628217623683,-0.16154738680482278,0.15456537814407817,-0.8847926427912804,-1.213143330011687,-0.9858996705714811,1.4762123033585592,1.1056741768390752,0.21238218338184606,0.8377329262462808,1,1
-0.010540140795592191,-0.7951637793924539,-0.6979580530383803,-0.9118491366485948,0.03970541438824987,-0.15035302829445343,-1.8359916297196484,-1.1543305518441331,-0.12339105724649518,-0.45871041714693545,0,1
-0.5636922051460846,-0.6584879789859119,-0.6979580530383803,-0.844855558888679,-0.3917439287125079,-0.23381110967946211,-0.41647565840041656,-1.1543305518441331,-1.4664840197598605,-0.7220504712736829,1,1
-0.9324602480464129,-0.6584879789859119,-0.6979580530383803,-0.844855558888679,-0.5766706055132325,-0.8785643257798388,1.3815779052706108,1.7334532681399666,1.21970190526687,-0.7220504712736829,0,1
-1.6085349933636814,-0.08569431426856347,0.3778067436613035,-0.5965476483325806,-1.3914424982455231,-0.6904332382823044,1.4762123033585592,1.8590090864001445,1.21970190526687,1.648010015867042,0,1
0.23530522113796,0.2793796394260684,0.15456537814407817,-0.2620690409513533,0.2361061407994001,-0.4565962771460793,-0.7003788526642628,-0.14988400576270725,0.5481554240101877,-0.35337439549623695,0,1
-1.4241509719135175,-0.6584879789859119,-0.6979580530383803,0.490943539539745,0.45022617735022225,-0.20529898584398648,1.3815779052706108,0.8545625403187186,-0.12339105724649518,-0.7220504712736829,1,1
-0.8095375670796369,-0.7951637793924539,-0.6979580530383803,-0.7545426861220094,-0.30864856533825014,-0.5674564095938143,-0.3218412603124681,-0.14988400576270725,0.07807288713050942,-0.45871041714693545,1,1
1.6489160522558852,-0.7951637793924539,-0.6979580530383803,-0.5161892280976657,-1.1327303544825886,-0.8785643257798388,0.8137715167429176,0.7290067220585408,0.21238218338184606,-0.45871041714693545,0,1
-1.055382929013189,-0.9529444116056305,-0.6979580530383803,-0.8317115358261241,-1.213143330011687,-1.237196961873574,0.5298683224790713,0.47789508553818405,0.21238218338184606,-0.10759034497793926,0,1
1.0343026474220047,-0.7951637793924539,-0.6979580530383803,-0.7927698273580172,-1.491173204496365,-1.1689234081053468,1.6654810995344562,0.1012276307576495,-1.1307107791315192,-0.45871041714693545,,1
0.23530522113796,-0.9529444116056305,-1.2358404513882222,-0.5161892280976657,-1.0571939748962915,-0.6904332382823044,0.15133073012727585,-0.2754398240228856,-0.794937538503178,-1.3365105975694263,0,1
-1.3012282909467412,-0.5379313791014584,-0.6979580530383803,-0.406515446045651,0.00893919264997227,-0.35567786559520237,0.9084059148308669,1.2312299950992531,0.8839286646385285,-0.9268705133722639,0,1
-0.5636922051460846,-0.6584879789859119,-0.6979580530383803,-0.844855558888679,-0.3917439287125079,-0.23381110967946211,-0.41647565840041656,-1.1543305518441331,-1.4664840197598605,-0.7220504712736829,0,1
1.5259933712891092,-0.08569431426856347,0.15456537814407817,-1.009413754784744,-1.491173204496365,-0.7805748332707322,-0.22720686222451883,0.8545625403187186,2.159866979026226,0.5946497993600531,1,1
-0.44076952417930854,0.5479220783190677,0.6924477764939201,1.1417202010272223,0.4931948723810841,0.19355823821361082,-0.7950132507522121,-0.14988400576270725,-0.4591642978748364,0.8377329262462808,0,1
-0.010540140795592191,-0.6584879789859119,-0.6979580530383803,-1.0968386413051707,-0.6275335318484828,-0.9858996705714811,-0.13257246413657037,0.1012276307576495,0.21238218338184606,-0.7220504712736829,0,1
0.9728413069386166,-0.01507679319364995,0.15456537814407817,-0.39585905071501215,0.5347310076992674,0.6435752526517355,0.24596512821522515,0.8545625403187186,1.21970190526687,0.3839777560586549,1,1
-0.7480762265962488,0.05098148613797845,0.013083801085671514,-0.7545426861220094,-1.213143330011687,-0.8285041404782032,0.8137715167429176,0.47789508553818405,-0.056236409120826863,-0.26120537655187537,0,1
1.0343026474220047,-0.9529444116056305,-1.2358404513882222,-0.8186499209732583,0.06973020874800331,0.933934334977243,-1.4574540373678528,-0.6521072788034201,0.5481554240101877,-1.3365105975694263,0,1
1.218686668872169,-0.6584879789859119,-0.6979580530383803,-0.343379682764705,-0.9859763818622591,-0.8785643257798388,-0.984282046928109,-0.2754398240228856,0.5481554240101877,-0.7220504712736829,0,1
-1.4856123123969054,-0.6584879789859119,-0.6979580530383803,-0.5388342417575943,-0.23075015912448008,0.19355823821361082,0.3405995263031736,0.47789508553818405,0.21238218338184606,-0.7220504712736829,,1
0.7269959450050645,-0.430089825697822,-0.3833170202057637,-0.4937877139260489,-0.9186103179317671,-0.8285041404782032,-1.1735508431040067,-0.2754398240228856,0.8839286646385285,-0.35337439549623695,0,1
-1.1783056099799651,0.2268784864902951,0.3778067436613035,-0.5732700794090204,-0.7359469817585865,-1.0436645751167262,1.6654810995344562,1.2312299950992531,0.21238218338184606,0.5392097879649485,0,1
0.9113799664552286,-0.08569431426856347,0.2741863471073553,-0.8317115358261241,-1.7183401526457935,-1.5611755179982263,-1.4574540373678528,-0.7776630970635985,0.21238218338184606,1.1213299076135472,1,1
1.218686668872169,-0.6584879789859119,-1.2358404513882222,-1.009413754784744,-1.0571939748962915,-0.5674564095938143,-0.511110056488365,0.1012276307576495,0.8167740165128602,-1.643740660717298,,1
-1.4856123123969054,-0.7951637793924539,-0.6979580530383803,-0.2422277410282787,-1.2991062865339855,-0.8285041404782032,0.8137715167429176,1.2312299950992531,0.8839286646385285,-0.45871041714693545,1,1
-0.44076952417930854,-0.6584879789859119,-0.6979580530383803,-1.0237321667811987,-0.9186103179317671,-0.8285041404782032,-0.3218412603124681,-0.024328187502528874,0.31311415557034855,-0.7220504712736829,0,1
1.0957639879053926,-0.5379313791014584,-0.6979580530383803,-0.4172266302819929,0.33583684705024197,-0.07265541336579703,-0.41647565840041656,0.980118358578897,3.0664547287227477,-0.9268705133722639,0,1
0.9113799664552286,-0.7951637793924539,-0.6979580530383803,-0.6801304636738992,-0.30864856533825014,-0.6904332382823044,0.5298683224790713,0.47789508553818405,0.21238218338184606,-0.45871041714693545,1,1
-0.6251535456294727,-0.5379313791014584,-0.6979580530383803,-0.4606307157249025,-0.5766706055132325,-0.9858996705714811,-0.037938066048621065,0.6034509037983624,0.8839286646385285,-0.9268705133722639,0,1
-0.010540140795592191,-0.7951637793924539,-0.6979580530383803,-0.7672072889213138,-0.793909463899879,0.11161892811310273,-1.8359916297196484,-2.1587770979255594,-1.6343706400740312,-0.45871041714693545,0,1
-0.6631863714102758,-0.4730996731063818,-0.5088035546954104,-1.4322153016583274,-0.7489819550523507,0.7895705754385635,0.4538270594636797,0.27612018777718256,-0.1913351469120385,-0.582098664952259,0,1
-0.5913065162035891,-0.6584879789859119,-0.6979580530383803,-0.29014469911277235,-0.025401857349061696,-0.23827989603475386,0.5993557592231349,1.1748183159323604,1.2690117171110313,-0.7220504712736829,0,1
-2.3817273534129875,-0.589803546632063,-0.6979580530383803,0.8771476630239858,-0.3668385066172667,-0.38173972866179506,1.3235444016098588,1.1309931196777938,0.4155131159991673,-0.8324637476807248,0,1
-1.0334745489182637,-0.7745643384356706,-0.6979580530383803,-0.08321938988080657,-0.733296062168896,-0.7388734674628594,-0.9790749966348216,-1.0476981981426992,-0.8961513748168115,-0.4984003833326421,0,1
-0.07603274374944899,-0.7951637793924539,-0.6979580530383803,-0.4489280238026045,-0.8179289741769259,-0.323241650439398,-1.4047056342104716,-1.0884644303468038,-0.4591642978748364,-0.45871041714693545,0,1
0.26732264391713073,-0.7169169775454916,-0.6979580530383803,-0.6017135904917799,-0.23512698247519354,-0.5071688320233758,1.4762123033585592,1.0674817048914373,0.1102442637603811,-0.6011187227902288,0,1
1.0430081051458227,-0.7587290747746016,-0.6979580530383803,-0.6220987661487972,0.20471511262677525,-0.030620231996519635,0.6395178364810707,1.1956622427773271,1.1930642648806253,-0.5250211727148149,0,1
-0.2003630691048432,-0.5490889319618477,-0.4858770667994737,-0.27341954243737454,-0.8565153862043966,-0.9531059879113185,0.8446184415381048,1.5260453757561598,1.6723518307009462,-0.3877096097918207,0,1
-1.4376872819263617,-0.5141802424087455,-0.3833170202057637,-0.691123088806952,-0.874711304418537,-0.9309537130219476,0.1834379913033503,0.6737016321753982,0.8839286646385285,-0.1617220817389931,0,1
-0.4257149424087231,-0.7951637793924539,-0.8533256352950924,-0.5029671901029262,0.5198198671232901,-0.35133233652766205,-0.7697555953872188,-0.8669520585141971,-0.6009610234025813,-0.7629740081961699,0,1
0.19726052278444434,-0.7256175731319885,-0.6380192654422474,-0.6964694491463106,-0.3580263185732883,-0.5222430112266072,1.4401567956886554,1.1056741768390752,0.21238218338184606,-0.4386440152186731,0,1
-0.9037367721083499,0.3162390147394339,0.29277686186290885,-0.08373617164527292,0.4687496667485238,1.3434034092138227,-0.2732616263716048,0.05745058742374347,0.22782706810297682,-0.01237196871735921,0,1
-0.08973490053842358,-0.5379313791014584,-0.6979580530383803,-0.5303536791289738,-0.38375210325148346,0.4700317364627733,0.6700107706805771,0.7410822476282659,0.21238218338184606,-0.9268705133722639,0,1
-0.8534038057841753,-0.8045480563232601,-0.6979580530383803,-0.7294731180748255,-0.37898127053598385,-0.6211982503723981,-0.3218412603124681,-0.14988400576270725,0.06609046939591717,-0.43782694148214896,0,1
-0.7740038043372406,-0.6584879789859119,-0.6979580530383803,-0.9319600167056145,-1.263538220485172,-1.1184973583393116,0.07723160391758482,0.42950183950856047,0.454709591877586,-0.7220504712736829,0,1
-0.8369951719249026,-0.7243996991475424,-0.6979580530383803,-0.3952127615314742,-0.40303924366582505,-0.5851848919692588,1.2480257500007685,0.8634776816815228,0.08284122992422291,-0.5950550858190387,0,1
1.4181777576290229,-0.735915966111359,-0.6468949931427661,-0.34925771614018825,-0.9411010449435149,-0.9485622130802415,-0.02506501903405145,0.6034509037983624,1.0562240942846897,-0.4416154453491002,1,1
-1.8327840550913985,-0.7117407697603763,-0.5959168565057946,0.9800234410543659,-0.5517131726221771,-0.6415632205368802,0.9953549537666161,1.2719489878242491,0.8930181641583137,-0.34483870763664914,0,1
-1.2922234157289552,0.1441142472855836,0.3778067436613035,-0.5794336044432411,-0.909511628434272,-0.9501346109439379,1.6153657731763749,1.3974557791534048,0.47910420850786883,0.8328022152955811,0,1
1.1773494328149616,-0.7300786398615609,-0.47304616345980033,-1.5228594485343185,-0.728673467135506,1.1347467619678953,-1.1847513364078355,0.27928376585123793,2.8833380709443093,0.1040010012299335,0,1
-0.6944185240686915,-0.46818291204315765,-0.451310989432572,-0.9296912874339744,-0.8893043322548453,-0.8514593398788357,-0.27844646532363027,-0.08190206236347158,0.11295380579835526,-0.4402885353585999,0,1
-1.7821813255203314,-0.6584879789859119,-0.6979580530383803,-0.09984991461992387,-0.07082504214965085,-0.22830845882003525,0.11427485255321135,0.47789508553818405,0.6883308935382326,-0.7220504712736829,0,1
0.2686725802070089,-0.7951637793924539,-0.6979580530383803,-0.3978606127773626,-0.8221321394947894,-1.0227323314572496,1.7682351207272546,1.299394243359149,0.21238218338184606,-0.45871041714693545,0,1
1.1219099897807618,-0.430089825697822,-0.3833170202057637,-0.34589538697382943,-0.5642186712642243,-1.319862584577981,-0.9961326739248338,-0.6521072788034201,-0.18213624008139287,-0.35337439549623695,0,1
-0.08186509897709215,-0.5252803631811201,-0.6827561479099233,-0.5349159164950208,-0.38054832183238163,0.6186741655673894,0.614377791991441,0.7178123808375044,0.20639479023579865,-0.9122613906924542,0,1
0.4258240276540387,-0.6584879789859119,-0.6979580530383803,-0.46437127157956765,-1.1151881917956021,-1.061183096628163,-0.09312690287804115,0.4088509775850362,0.8839286646385285,-0.7220504712736829,0,1
0.2887796544044772,-0.5379313791014584,-0.6979580530383803,-0.27592671382138173,-0.1968771951851262,-0.5410993366028198,1.3774786555031506,0.9473697381069378,-0.03581159996327257,-0.9268705133722639,0,1
1.219837932045825,-0.6590000075700608,-0.6979580530383803,-0.3420938101814122,-0.9859763818622591,-0.877546871210709,-0.9828639314542467,-0.277321303192254,0.543752748205918,-0.7210639203651596,0,1
-1.4007718686431827,-0.3192730158844583,-0.3696092226558509,-1.1139415785389633,-1.296133631732311,-0.9274109403431992,0.5396858791078988,0.8415371353840086,0.527255162344762,-0.544329140800662,0,1
0.10673142653017875,-0.5152912708846419,-0.3213928725317494,-0.553946391673579,-1.0863175099839584,-1.088080625091342,1.6875473631127589,1.2458681596329555,0.21238218338184606,0.11393709465734969,0,1
-0.07546008984013164,-0.7791230076592182,-0.6979580530383803,-0.5705683266052953,-0.9064827124554214,0.14255390873743484,0.21264521115619286,0.74374241202341,0.9627438153971443,-0.4896169688839678,0,1
1.7996925461421518,-0.7262717292599853,-0.6385830535669922,-0.4701204972643703,-1.1184761027162817,-0.959956324809193,0.7601969659045062,0.7053134466592268,0.21238218338184606,-0.4388327610970472,1,1
-0.09623917655924745,-0.7951637793924539,-0.6979580530383803,-0.8304853824956147,-0.0928064518505893,-0.14296312972027972,-1.6248650489473824,-1.084302710116065,-0.21702859502478086,-0.45871041714693545,0,1
-1.1232763087722075,-0.30584904437439625,-0.03880207400324669,-0.05750312395236934,0.45847381830859124,0.08782308953313545,1.362447847508475,1.5199634494626342,0.7833168421795776,0.5183615977962885,0,1
-1.0082608702820626,-0.7990035611682422,-0.5889277073062411,-0.8198785525577114,-1.213143330011687,-1.1745284714654038,0.5734017140023859,0.47789508553818405,0.17119251523393225,-0.1311454984545132,0,1
0.29747090327958614,-0.7007942154536008,-0.7752386875076038,-0.26682138401711786,-0.22041035045373972,-0.38558389450045205,-1.2143408355779364,-0.7596237759662419,-0.026906141015165974,-0.8103334650319006,0,1
-1.860576961601926,-0.9529444116056305,-1.2358404513882222,-0.2159254471769368,-0.33043110776579643,-0.8156367006678115,-1.5138080523239101,-1.4562305372582087,-0.9307605432074968,-1.3365105975694263,0,1
-1.9697863750227012,-0.6584879789859119,-0.6979580530383803,0.5032326868352405,0.23684892527287024,0.31040014895940177,0.37341483802994313,0.520168436788164,0.47278782874132524,-0.7220504712736829,0,1
-0.775562638696309,-0.678862452568457,-0.6979580530383803,-0.3810466624882512,-0.48923620500421794,-0.7532898752653812,1.405675820743943,1.030806974461839,0.17233879310758526,-0.6827939609033615,0,1
-0.21865991945816587,-0.6584879789859119,-0.6979580530383803,-0.844855558888679,-0.4750487803554716,-0.79022672011408,0.2033271231564293,-0.09706079621371932,-0.5240004375953196,-0.7220504712736829,0,1
0.23981013730371345,-0.7399464398335913,-0.6979580530383803,-0.6466939834441264,-0.24512311925141642,-0.5136758289856131,1.4762123033585592,1.0787224466424894,0.1403053181752052,-0.559205358577098,0,1
1.218686668872169,0.017770954039488,0.22846089216391374,-0.10018241192252442,-0.3318169376395473,-0.5631924306563363,-1.6121022049562523,-1.486814156108811,-0.9283114021839538,0.5762985044294965,0,1
-1.8999883492766083,-0.8867848816404312,-1.0102991656662872,0.8587797887079015,-0.43546661388610264,-0.04831846635215553,0.7191371186549691,0.8666870755632913,0.6347648192591463,-0.9684372382127819,0,1
-0.9252785949145541,-0.4488591914789598,-0.36032000203108316,-0.794783902226212,-0.6514147625220753,-0.7627442100428466,-0.2624376177566059,-0.14988400576270725,-0.048389502671382784,-0.23830629684037205,0,1
-1.4278304507901882,-0.5533309973952031,-0.4021534957029816,-0.5643631602773826,-1.0047223913184795,-0.9248204097920816,0.2799577420468592,0.7590731005330755,0.8839286646385285,-0.12861069498267386,0,1
1.5179000918080714,-0.7951637793924539,-0.6979580530383803,0.005985256442308573,-0.9692141322890797,-0.6069751568972952,-0.6206982963159533,-0.8008097067457368,-0.6473897696092907,-0.45871041714693545,0,1
-0.07277301635475276,-0.4949368520076136,-0.47265020894000315,-0.8831095084017898,-0.3001760629640169,-1.0385383302962425,0.286862145205526,0.8731745676657273,1.1243688394969138,-0.4580492662933532,0,1
-2.0509390480007044,-0.9529444116056305,-1.2358404513882222,0.12242719893897941,0.2772869867334913,-0.3335709217833832,-1.3498029596052732,-1.2904215603066085,-0.794937538503178,-1.3365105975694263,0,1
-1.4926858963098242,-0.8474005023489969,-0.8218433479514993,-0.5541890089989578,-0.5287369508575519,-0.8356028048167053,0.5325911900192961,1.6724816359500516,2.562794867780235,-0.6133020856758604,0,1
-1.0512444648597905,-0.2131012607505914,-0.16467189748098493,-0.6784602061567024,-1.1112761859729785,-0.8744450022454392,0.5591534235852709,0.5904996059386991,0.3653563083453141,-0.19232068766852795,0,1
-0.13210021465189525,-0.6584879789859119,-0.6979580530383803,-0.4364330968111854,-0.3990966378840022,-0.988588545304392,-0.41280405557248195,-0.2754398240228856,-0.12599650728315104,-0.7220504712736829,0,1
1.1247875228254955,-0.5591403293980525,-0.4386703234095027,0.3836693828763923,0.36404874597490167,0.11307409629748319,0.5132197420834805,0.3523392672780057,-0.12339105724649518,-0.21568939795667186,0,1
0.16828920026689909,-0.6584879789859119,-0.6979580530383803,-0.17901694855877548,-0.2713076838706463,-0.6138243552647905,-1.1598664338562017,-0.7685852287872106,-0.12339105724649518,-0.7220504712736829,0,1
0.547115528957294,-0.3059098897620825,-0.3380953018985742,-0.3081558365963405,-0.5203665768631915,-0.6331937325554869,-2.0766226770567053,-1.5340647249713624,-0.629101245230065,-0.48832776302193137,0,1
-1.1274025196379398,0.5316218824383236,0.4800807306346192,-0.7191206201069499,0.7840276109720961,0.8181735872501779,-0.8558020899369271,-0.046780419082314756,0.8238847840653434,0.07271597491523475,0,1
-0.5617772768760508,-0.7450763649355789,-0.6979580530383803,-0.638838579081639,-0.33910042215848546,-0.7208028028611883,-0.3565218131594891,-0.19589629387782126,0.0042426402973996385,-0.5552163267147492,0,1
-0.5007977147936539,-0.6934536775147433,-0.6979580530383803,-0.7873534548494777,-0.40292948039103127,-0.20568076761619175,-0.5859475383462955,-1.0900887932187198,-1.2087819421952055,-0.6546803229681806,0,1
-1.2297598289725449,0.07076844004362193,0.2760271316791613,-0.5387851033812554,-0.5551862262227159,-0.8019500941969235,1.5334376880405707,1.3013052274077956,0.3997839953095519,0.6081264784367353,0,1
1.1618851812193034,-0.4750529778778828,-0.48024558592943317,-0.07977161051600576,0.21977030967372072,-0.14935048013644622,0.6173277653134145,1.0574760081687071,0.8839286646385285,-0.5249705293382123,1,1
-0.8814572259405309,-0.10877297470389677,-0.08086216997282922,-0.789323440098443,-1.0186736635244575,-0.8556638049533736,0.2489988670152592,0.1372996726062533,-0.09267050739776009,-0.17786304190505392,0,1
-0.9001044028718177,-0.5241819907014578,-0.4337577906527314,-0.7860312574537345,-0.5768615791343181,-0.7202682386084164,-0.2753581761248305,-0.14988400576270725,-0.020883366372014295,-0.2862451803581659,0,1
0.3023596754670969,-0.9529444116056305,-1.2358404513882222,-0.48019975925251773,-1.2976312743548555,-1.0070938033814385,0.25457706147387027,-0.09279760123005934,-0.5507179878980855,-1.3365105975694263,1,1
-0.7784095209701116,-0.3474198653477533,-0.29479465837517305,-0.7235159360633946,-0.7387475402275993,-0.905447731437011,-0.2746114691200238,-0.1813309443406637,-0.12339105724649518,-0.2614891456705881,0,1
0.41798034636856896,-0.8598742163534056,-0.9185593051857028,-0.8736254213156469,0.05201945785118452,0.29434482900498005,-1.680742327801934,-0.9483541465365759,0.15202973193500724,-0.8187218611548133,0,1
-0.33471139512701276,-0.7951637793924539,-0.6979580530383803,-0.6059035654142552,-0.4430323179216531,-0.13872687408951423,-1.0789164450160582,-0.9058690397741916,-0.46625151125223835,-0.45871041714693545,0,1
0.07920733477638305,-0.7286379060451169,-0.6979580530383803,-0.5528210242728233,-0.11059866231278664,-0.37261026625952987,-1.5135537750341959,-0.9709906239544975,-0.12339105724649518,-0.586889122053048,0,1
0.6770771932813421,-0.29069580728755473,0.047331727540379565,-0.5647632459633682,-0.2684068451278169,-0.07705367769081484,0.34637107735128947,0.8191930096878597,0.9469876933318703,0.7972775811168321,0,1
0.8927459269305114,0.040573683793684846,0.25154016947361496,-0.43357212389862804,0.5257846590363792,0.6377858199485367,-0.08290406628778146,0.6909403202909002,1.3655599090849986,0.6100730172580223,0,1
1.218686668872169,-0.510047087521321,-0.4934660519752143,-0.3366600901358609,-0.6881994946225654,-1.2636231098040285,-1.0457869856202848,-0.5202441360034443,0.11170286560480674,-0.4824399290595268,0,1
0.3007424904459075,-0.7629895769511236,-0.8888507078356757,-0.7567319162511045,-0.77991405280912,-1.0749554739828806,0.1177453004096018,0.6034509037983624,0.8839286646385285,-0.9401203042623167,1,1
1.1169448133976485,0.06747085309802792,0.2858041528034597,0.22139936193743937,-0.23974783411254172,-0.4922930142226869,-0.891570292087349,-0.8633509776773308,-0.5726046557411852,0.6580574764861498,0,1
-2.4302737782328614,-0.5728718823753832,-0.6979580530383803,0.8520147567935757,-0.36118021506184605,-0.3838884928573537,1.3733769375966318,1.1227287293527448,0.3492088739565822,-0.8632791875658054,0,1
-0.6251535456294727,0.19636162292023418,0.26283567687902915,0.2155659619866288,0.12864269817116175,1.4042842696759363,-0.052220889504435694,-0.04327786776988597,-0.20068111070886618,0.26015279440938704,0,1
-1.086163175208427,-0.9529444116056305,-0.9664653854511547,-0.9735468234060985,-0.6081574473176006,-0.9215777098004732,-2.026176434004651,-1.7196355615607206,-0.8616588403087617,-0.7210591994779073,0,1
1.3502126470614926,-0.5863399448572255,-0.5179820610146092,-0.19056126397270037,-0.7238991837122926,-1.1012203994771526,-0.8764008200560153,-0.7058446417836315,-0.3389553627567772,-0.3984577704347465,0,1
-0.6342763823543824,-0.6305856378937746,-0.6979580530383803,-0.36745749772156827,-0.4770804518129345,-0.8174110947279544,1.3886012971745814,1.0475553966054654,0.21238218338184606,-0.7694552478070122,0,1
0.1177424326955023,-0.6713273900654869,-0.7214117543667542,-0.03106818261158941,-1.689511685614888,-1.4369967889215862,0.24183871152088,-0.2754398240228856,-0.602258181973536,-0.748843250372883,0,1
-0.13379775467371346,-0.6584879789859119,-0.6979580530383803,-0.4410283496433497,-0.3922291274196549,-0.985041945329691,-0.41286569448635363,-0.2740713938710059,-0.12522084989584115,-0.7220504712736829,0,1
-2.150603554960196,-1.0406430503223107,-1.2358404513882222,0.7187109492107285,-0.43546661388610264,0.12412809433194347,1.030447532168835,0.9574765117444504,0.370176975760096,-1.2210057314018796,1,1
-0.8042423520856056,-0.3594961316987156,-0.3104462418176805,0.7562295995948164,1.3767060740696349,0.45263839467334965,1.6542913989216161,1.3972948850754658,0.36041766017765886,-0.2793690279056568,0,1
-0.8268429758205272,0.006299490991664547,-0.03309926417334508,-0.7979146356293021,-1.2231585283102004,-0.840440128095816,0.7806950975134759,0.5217790956378698,0.014178852332390024,-0.29537250913465163,0,1
-0.7353748285454039,0.4169562164991757,0.7025125951943657,-1.4187579218344986,-0.7822222576056594,-0.8702749127518543,1.122412722824355,1.483487316459397,0.9686379494766852,1.3562999382526266,0,1
0.4427633800946628,-0.9529444116056305,-1.2358404513882222,-0.5922495322599712,-0.5431435287308477,-0.6612129817264196,0.04337327950852529,0.5857745958593232,0.8681714466370587,-1.3365105975694263,1,1
0.787504747063709,-0.4855497932753353,-0.2220935087993456,-0.6006017801655072,-0.1733520475961254,-0.10845715560234712,0.5604353483907217,0.9791454157468473,0.8839286646385285,0.37442531481702346,0,1
0.07686524442596168,-0.6318899176043363,-0.5572395602845693,-0.6443028413254565,-0.5695980003872805,-1.1404099092562132,0.6544630058266633,1.188326931728668,1.21970190526687,-0.41160045801056777,0,1
0.24419160526214745,-0.7951637793924539,-0.6979580530383803,-0.4899416488143808,-0.6793589692167392,-0.895342054094935,1.6928465167595526,1.2493834753408404,0.21238218338184606,-0.45871041714693545,0,1
1.6368275799559138,-0.7951637793924539,-0.6979580530383803,-0.5216291304599838,-1.1397803576706667,-0.8842752290828438,0.8305232953702947,0.7166593015564723,0.18596567188708368,-0.45871041714693545,0,1
-1.9065799319915393,-0.5573128773868545,-0.4070240440156026,0.6061751495693125,-0.7669021371591749,-1.1707777983710932,1.5066735731786238,1.3473256525337418,0.2882799530270169,-0.13404592782447505,0,1
-0.4286709006144212,-0.588667344315046,-0.6017732271560091,-0.3976314682943689,-0.5914318737180877,-0.7257430261084584,1.4183533965235142,1.1056741768390752,0.21238218338184606,-0.6093472938260225,0,1
-0.25079930063802947,-0.12097328052209172,0.1275549843790806,-0.859926489256262,-1.213143330011687,-0.9558511276229181,1.3497450497097208,0.9858242231841948,0.16109993090100616,0.6279334816884736,0,1
0.256348003607346,-0.7261033475368173,-0.6979580530383803,-0.6196561080740943,-0.2391144056187088,-0.5097644497968066,1.4762123033585592,1.0719655964999473,0.12223551065660795,-0.5843996319827125,0,1
0.22444859722922028,-0.5003096914117917,-0.545269092183198,-0.3244291349906981,-0.5869067690665026,-1.1431199435558748,-0.3246273207877473,-0.2754398240228856,-0.2863350532439677,-0.6407272532273356,0,1
0.21239938670580547,-0.07015130502884981,-0.16315890854758164,-0.22933427937726752,0.047825919706027065,-0.5126405107176727,-0.8767238393779064,-0.38384902852678554,0.2978788698026018,-0.4907751271502616,0,1
0.8386051665728341,-0.22162428383717586,0.01467537863037316,-0.6983358868905206,-1.4026936111312176,-1.2719963773155318,-1.3453998691919609,-0.5794398567613055,0.4774358490997858,0.539276703108906,0,1
-0.8574119130829261,-0.709217908816927,-0.6141630435408594,-0.7281109009807887,-0.17099909819431003,-0.5154788562087295,-0.3218412603124681,-0.09120416599183365,0.15130556915040239,-0.40401052387577663,0,1
-1.4382984618151422,-0.6680529841031247,-0.6979580530383803,-0.5341306925753516,-0.2661054318159256,0.17134474486636275,0.3803364145869721,0.44274791125913115,0.14188676088685948,-0.7036211007648063,1,1
-0.032179489763925304,-0.9418341099621836,-1.1979648540443533,0.208665554961135,-0.6633028461105863,-0.14848704937576238,-1.2548576648746983,-1.3700775686543687,-1.3955524624162785,-1.2746993052050428,0,1
-1.3471084252932548,-0.4621503556234318,-0.4490514212943264,-1.065162359955966,-1.2811470158949219,-0.9949336598503911,0.5298683224790713,0.7758696586985276,0.4780061091685608,-0.4611088211119501,0,1
-0.6024652064404814,-0.5052000391520246,-0.4867887637259464,-0.4076594095851446,-0.7224690569216883,-0.812799313165473,1.0004983287989715,1.6491872947151096,1.6704059724082962,-0.47461591320751767,0,1
-1.1295523907707796,-0.7461454434955707,-1.0429306605041904,-1.00646571985541,-0.3794032314533291,-0.7862338680144919,1.199495677829192,1.5724020118036481,1.21970190526687,-1.228732445257178,0,1
0.786410057863424,-0.9529444116056305,-1.2358404513882222,-0.5282370287114349,-0.7716149792831997,-0.8590196937946561,-0.15504899038786474,0.3225186238106589,0.6334967761082583,-1.3365105975694263,1,1
-0.1569573232875619,-0.3931868109107604,-0.3833170202057637,-0.6909440803405374,-0.7876202182095315,-0.9524014174469165,0.5686134263748951,1.6963778166864973,2.562794867780235,-0.4225109515538654,0,1
-1.0514066621106868,-0.7121932720916637,-0.6979580530383803,-0.4137717296206604,-0.1794119333385107,-0.3341856795705871,0.9725159154922876,0.8059415294704789,0.2470145539306934,-0.609715813970432,0,1
0.8369723083787843,-0.9529444116056305,-1.2358404513882222,-0.5188185868933696,-0.8052309909188748,-0.8881238672851501,-0.18424373361503102,0.28378461219496665,0.5989680573732812,-1.3365105975694263,1,1
-0.3010529828744277,-0.7951637793924539,-0.6979580530383803,-0.5880052731921217,-0.2947445105660207,-0.16457896269721228,-1.0142710576811054,-0.9032189153237768,-0.5050380850720851,-0.45871041714693545,0,1
-0.7604901287747339,-0.7442010084105887,-0.8545297041536303,-0.7557761187607391,0.023012641112586163,-0.1332602243411244,-0.5542108213875765,-1.1177826338746437,-1.2710042240023351,-0.9009130568755934,0,1
-1.3561968582600061,-0.5918418822216924,-0.6979580530383803,-0.005189716147367962,0.20627391665846984,-0.2884314346754907,1.1199989764422429,1.062791833972454,0.43347540814486357,-0.8352790822168972,0,1
-1.3855582376274784,-0.7163201576281559,-0.6360988652487884,-0.6717378878743665,-0.5705837424134675,-0.7928225414457966,0.491354042333284,1.645126023587931,2.562794867780235,-0.3991002014800121,0,1
1.2444869630186217,-0.7158618635360504,-0.6979580530383803,-0.5320250625406016,-0.8355089352964319,-0.9236216487434308,-0.5870249601417388,-0.11732203725967344,0.40720424548748074,-0.6115053578157481,0,1
-0.8994406553629979,-0.6276005409993761,-0.6979580530383803,-0.7661543646365628,-1.2568712887017082,-1.2268726710412907,0.2436155667311154,0.6968384496115992,0.6341828597323814,-0.7745267882466486,0,1
0.38608842848375696,0.4433606407541973,0.6059298522878052,0.6142439695542989,0.2868079510422676,0.1303333514699631,-0.5056620910007039,-0.22666311010776585,-0.2538343574888044,0.806201391252426,0,1
1.105793763311477,-0.5211722522687268,-0.6722851758441178,-0.36876313734621113,0.3276994018129674,-0.08347835694751478,-0.33925949690385404,0.980118358578897,2.8883733033216332,-0.8964848343457613,1,1
-1.1165256008802655,-0.9529444116056305,-0.7007468994623671,-0.8074133401831359,-0.4821025672983648,-0.6102427704732715,-2.58717881800982,-1.9057124923407387,-0.5962590952075087,-0.11396212784779929,0,1
0.3039155453137966,-0.7680568621180098,-0.898107097565179,-0.6857324462246002,-1.2161942559610606,-1.4033873522979219,0.2569726943267757,0.4632908401674432,0.5090993701927244,-0.9506945160596955,1,1
-2.0847660746987278,-0.8723181890220233,-1.1313439113362591,0.6593477483176039,-0.4187662504669319,0.06445361939883251,0.8662171078931952,0.7010198045977396,0.21238218338184606,-1.2569281988954377,0,1
-1.4154307242056448,-0.6499355832397155,-0.6979580530383803,0.42727697613249216,0.41892087399545347,-0.2159670014709596,1.3480106503701343,0.8812836749648785,-0.05193087246385951,-0.73658059288012,0,1
-0.8602880017916322,-0.8361088613230301,-1.0224174147799867,-1.0240776757838619,-0.5993727770322584,-0.8390696832677254,-1.044410652114244,-1.3815424523299333,-1.2639401706240423,-1.0927027569874719,0,1
-1.048197626111393,-0.2169303872079884,-0.14410179164690778,-0.568487900082452,0.5577255924817653,-0.2451215853691083,-0.3410590578193588,0.20766059564827108,0.5481554240101877,-0.12006844017566616,1,1
-1.5806603453103985,-0.11368184606704945,0.3364534165889736,-0.5798970337157271,-1.243676971955714,-0.6322743777975578,1.4440225497709096,1.8163014564796292,1.1816309779383527,1.5502921194338044,0,1
-0.18134525169230178,-0.4401719897940381,-0.3920063898316089,-0.8855881278778328,-0.08068201832407962,-0.9414183848734421,0.356280505803575,0.99052069774982,1.21970190526687,-0.35628343637624793,0,1
0.34523798357111696,-0.5887019953910512,-0.6979580530383803,-1.3236223445760997,-0.33509282590364003,-1.1313668508423997,-0.18735299509717138,0.1012276307576495,0.21238218338184606,-0.8406136035409317,0,1
-0.631758536873124,-0.8837616872667186,-0.6979580530383803,-0.8522266283066859,-0.2525603668776084,-0.406758169507512,-2.2611089367515755,-1.5773475975965028,-0.3873545660217388,-0.2615474106962873,0,1
0.846954024836146,-0.5049984507231563,-0.486511055738587,-0.3858085657613117,-0.8179500904004109,-0.6960493062276678,-0.7298948916759828,-0.5285701979505275,-0.12878975569484008,-0.4742905128931658,0,1
-1.9839896602975993,-0.901168276269027,-1.0593329075820153,0.2945987799979849,-0.29745538971335006,-0.627469548448943,-1.396815784618672,-1.2818377583273395,-0.794937538503178,-1.048458126853985,0,1
-0.7861924889754441,-0.05901580675379745,-0.09715727753881433,-0.7726596632971376,-1.2562495312504032,-0.9031371570562716,0.740410166354855,0.5168278396434498,0.03746947782485062,-0.33265554509859485,0,1
-1.4163383884885612,-0.3384542858210838,-0.38903062186306103,-1.1221767969310985,-1.3025940511491165,-0.9378346455876349,0.5264313692699819,0.8522825581916693,0.5481554240101877,-0.5575135413917884,0,1
-0.25432033946444704,-0.6584879789859119,-0.6979580530383803,-0.844855558888679,-0.46643890202995164,-0.7327190166636937,0.13926811062862754,-0.20633371098037045,-0.6214097577753201,-0.7220504712736829,0,1
-1.6628199200596205,-1.0555748128507738,-1.1168321176140668,-0.3675045990497798,-0.46227826860876126,-0.9035439736417474,0.5980816707231558,1.7159262557667472,2.562794867780235,-0.9534852736711121,0,1
-1.1628630300878702,-0.760960474391122,-1.1012346494036382,-1.0337795321034626,-0.3460629762026227,-0.7706290522461406,1.168721871626091,1.5451826603001944,1.21970190526687,-1.314367013183305,0,1
-0.4998440298273479,-0.6584879789859119,-0.6979580530383803,-0.38739036282195854,0.5099258077482417,-0.16887215194561758,1.6360802857933858,2.327100871433437,1.8756007889695825,-0.7220504712736829,0,1
1.414158740963904,-0.16055266503985885,0.11165889486068123,-1.013756035368152,-1.298152976125873,-0.7805748332707322,-0.42810230831804597,0.6261020412493752,1.966392934224191,0.6527312226682874,1,1
0.41623287757155686,-1.0393317185413284,-1.2358404513882222,0.8656972675702697,-0.7611734822118708,-0.2605133819432125,-0.917721834259326,-1.6379301669258481,-1.6685499533930412,-1.2227328414697214,0,1
0.8536148386998728,-0.7111384964072239,-0.6979580530383803,-0.6161674481008884,-1.0555065319444408,-0.936240866212491,1.6036562122303577,0.38831837840348615,-0.8016685410921336,-0.611635493938293,0,1
1.123472052978567,-0.33253527425030543,-0.31508415193745093,0.04763263705416576,0.13530454284981863,-0.1958410834331405,0.5135788092602309,0.958506310501508,0.8839286646385285,-0.3237046906357375,0,1
-2.023676412731596,-0.9101001986745823,-1.2358404513882222,0.08566876274568119,0.05115036070872582,-0.43375238164911145,-1.4492992338812107,-1.234973223421978,-0.6125838488742508,-1.38418268166923,0,1
-0.012675809879119607,-0.786225424318153,-0.6979580530383803,-0.5724701642801189,-0.9653278917929025,0.22669486149920065,0.25911861667773495,0.7290067220585408,0.8605936536073395,-0.4749781235748467,0,1
-1.7385494804991009,-0.6584879789859119,-0.6979580530383803,-0.061622947455970245,-0.02926796634013623,0.2767967015921077,0.2973265129672699,0.47789508553818405,0.36591958852333006,-0.7220504712736829,0,1
0.7140819723977126,-0.28238415960160784,0.035434625571813996,-0.5452432306369799,-0.2098149840093294,-0.02493067980955077,0.4053338219750705,0.8545625403187186,0.936973088686256,0.72263277025081,0,1
1.2306335263247004,-0.685055025715212,-0.6979580530383803,-0.4307321543477139,-0.9163022484913621,-0.8994281737492896,-0.8003316717539106,-0.20222319135788286,0.482887810082282,-0.670862422600314,0,1
-0.335292498825147,-0.4170257640642582,-0.3833170202057637,-0.7141280161441723,-0.7612544687768354,-0.9165306339495317,0.546646262154688,1.6818053919960558,2.562794867780235,-0.37064456595420836,0,1
0.5674363011892285,-0.9055332582481386,-1.0742133586408387,-0.6216632637323473,-0.4619496464313455,-0.6607025860464634,0.19887873737345252,0.5657229135440455,0.6821371471186379,-1.0727423619661136,1,1
0.9473312073785561,0.0026476898959876764,0.18545151141895902,-0.40787053316921273,0.5318816268103048,0.6417313385003834,0.1412214352187053,0.8024494331366893,1.2661571714589475,0.4559883092599764,0,1
0.07974769379483879,-0.6584879789859119,-0.6979580530383803,-0.06601327533974637,-1.5422405767538403,-1.4066345718253466,0.15802914628496673,-0.2754398240228856,-0.5310722892790338,-0.7220504712736829,0,1
0.17758849061954668,-0.7840424830278949,-0.6883731014438621,-0.7452560590867809,-0.283312587337879,-0.5281526337187951,1.4704465828695097,1.1056741768390752,0.21238218338184606,-0.45550155192172437,0,1
-0.6338576750565721,-0.7951637793924539,-0.6979580530383803,-0.8767153097156957,-0.6554136277003545,-0.6868981012073903,-0.4570918154337973,-0.06016243273267595,0.4139915665452193,-0.45871041714693545,0,1
-1.698644834129048,-1.1198028866563516,-1.2137509569748448,-0.31488647318764657,-0.4412655111799408,-0.9288022109829236,0.6555939184093772,1.7334532681399666,2.5076373750214014,-1.075585936127224,0,1
0.038121648746763576,-0.26864772436031237,-0.05995336483709382,-0.7112664586046988,-1.0228274522352214,-0.7890620127064635,1.4007279514523168,1.1056741768390752,0.21238218338184606,0.362694430471435,0,1
-1.1065431221680557,-0.7359119855907715,-1.0026572773239002,-0.9875987495581043,-0.402432957212849,-0.7970128685041581,1.2207526331855554,1.591203733499022,1.21970190526687,-1.1695805101551844,0,1
-1.1581803619479563,-0.30973962814103095,-0.031237635554006826,-0.11468069790968338,0.3787745034955945,0.049142974301579434,1.337643331590479,1.5144785670175687,0.7979850334156763,0.5574053443117406,0,1
-1.2537042781494931,-0.16154738680482278,0.244178167751509,0.26275151076741426,-1.22160187052772,-0.7351318136040437,-0.5114357984383234,-1.153898374983552,-1.2137872631210913,1.262640312381386,0,1
0.10275380641075083,-0.769969826911335,-0.6979580530383803,-0.4875771165523872,-1.0436967677334301,0.021133395322491866,0.14129929030908997,0.6364300608042192,0.8839286646385285,-0.5072528569227407,0,1
-1.4241509719135175,-0.34914626658123515,-0.3833170202057637,-1.082986810713875,-1.2737825422066227,-0.9309537130219476,0.5069082289268555,0.8444084688199683,0.5753104020904718,-0.5183299180791969,0,1
0.4726704531517233,-0.6584879789859119,-0.6979580530383803,-0.6127284143700938,-0.4548748042782726,-0.558196203259602,0.354167359334497,0.19100714415665423,-0.2672075965051616,-0.7220504712736829,1,1
-0.3913852822090638,-0.7010625043755228,-0.6979580530383803,-0.8206681150884472,-0.5170185328321235,-0.12620961862845495,-0.8586550243315046,-1.4672157506243824,-1.5187807186478919,-0.6400200182807473,0,1
-0.19134750585825933,-0.7872101231478028,-0.6979580530383803,-0.38837366303773296,0.5371530596014569,-0.45476091026767895,-0.5947302228092841,-0.8666861928159545,-0.755857834207808,-0.47403512173795903,0,1
0.359299497077342,-0.46104308537225275,-0.40999426051539545,-0.4671784778538066,-0.6580262628457585,-0.45261415521893533,1.246825017921717,1.1163195866441629,0.2693201062531537,-0.362305444118656,0,1
-0.6251535456294727,0.21924203762819663,0.36263085698609954,0.1288272845867343,0.029591215564058443,1.338216425341136,-0.1526123529779982,-0.1764718500578663,-0.2719210989224806,0.5991099530862836,0,1
1.2359350517812,-0.8534295325255495,-0.6979580530383803,-1.4667698176695776,-0.7231627928768655,0.9466072461492935,-1.1358983152503082,0.4074236375425574,3.194084259713921,-0.304043372967247,0,1
1.218686668872169,-0.72856354648906,-0.6179288736818912,0.22877686244078724,-0.3575732829176673,-0.6232715296755172,-1.1735508431040067,-1.6094084738891195,-1.3425931217599207,-0.35982802798268265,0,1
-1.366538222448815,-0.16154738680482278,0.2523117393429434,0.35394216752051155,-1.3562403746469756,-0.7882083904666075,-0.4856973126684271,-1.1880468105092261,-1.2822794944115001,1.3012063994321181,0,1
-0.49301277201988225,-0.7951637793924539,-1.2358404513882222,-0.9367127802759975,0.9350879742280418,-0.9181150841908512,0.6554415455926877,1.364995406426207,1.533520275890232,-1.5120706336539242,0,1
-1.1940129562816295,-0.7650015294964483,-0.6979580530383803,-0.6766564055632005,-1.491173204496365,-1.368172981022437,0.10097521394675363,0.41108610100717513,0.3052373141386202,-0.49978217468178365,0,1
-0.28198530115837583,-0.6584879789859119,-0.6979580530383803,-0.7215079862211975,-0.646380426458327,-0.9098298218130705,-0.37073849962832695,-0.15407663028885757,0.0875735457606984,-0.7220504712736829,0,1
-0.5373322527267703,-0.0218922567607355,0.06159623108492984,-0.7992039207272466,-1.213143330011687,-0.8824732846918992,1.0409149580128594,0.693153424149719,0.035869863202569685,0.11560811815486571,0,1
-0.9719965468130884,-0.7356178372502149,-1.0014996677513306,-0.7822260678723313,-0.205153953190711,-0.6134826549071845,0.8502968558290791,1.3182378297577508,1.21970190526687,-1.1678802594957465,0,1
-1.2932842292071594,0.09578552220701614,0.49504041045735575,-0.8934031709076029,-1.1714861212372933,-0.7553643100238944,1.3484744694356412,1.7234285483715133,1.12905633174659,1.5426893329208133,0,1
0.17078588338464457,0.2544310432407273,0.13955192644440478,-0.2774721558790946,0.25227336167904285,-0.44596583164743686,-0.6823165045715153,-0.1319108933931109,0.5481554240101877,-0.3416465323571352,0,1
-0.5451377413406394,-0.7178001905882897,-0.9313789990524142,-0.6137359338861679,0.37310539215323446,-0.6624497532416485,0.5709361298565315,1.214647283100847,1.3654149974113887,-1.0648898247061354,0,1
-0.7870787199363893,-0.06157332421474495,-0.09972046319623962,-0.7730808962588485,-1.2572517819371687,-0.904872429243828,0.7387044613357254,0.517733054633831,0.0396482081895418,-0.3343168137429574,0,1
0.748899399132551,0.39748089014750226,0.5679672833137237,0.3827965209103093,0.19624893903907198,0.102591364524389,-0.3786998058951546,-0.26035245334170204,-0.16373913044915894,0.7923658989767308,0,1
-0.8725747148808488,-0.6065525850657785,-0.5140669979579175,-0.7764596462070644,-0.4953326119319478,-0.6738178802923265,-0.2894876838342527,-0.14988400576270725,0.009196460971527418,-0.33866960389636014,0,1
-0.943142745769649,-0.2815727551660266,-0.20945275637454752,-0.8374762795533499,-0.8605673434165271,-0.8739688475347008,-0.23589421156280996,-0.13835809893898057,-0.08332028648721129,-0.16399721055149805,0,1
-0.9534124855257506,-0.29542030545000975,-0.21072104135982944,-0.8287115729208602,-0.8489765810083344,-0.8650093024711352,-0.25393833195622656,-0.13806204805573416,-0.06016026308901687,-0.1406507534940114,0,1
-0.8044272335308915,0.3772049435766782,0.6768337783350498,-1.3537348034231138,-0.8304014170280036,-0.8560524360069102,1.1503923683729218,1.5131848248703679,0.9884929207076397,1.379369339754665,0,1
1.2161680481187327,-0.33674373186190676,-0.3897638486424866,0.1645612049719113,0.23814957025068345,-0.20258118916215376,0.5104782345686334,0.980118358578897,0.928647469961394,-0.5621007175390627,0,1
-0.549721311726482,-0.5190234904379133,-0.6427919558335774,-0.5373633509949016,-0.4852008106849637,-0.9762659810049933,0.028431032181679493,0.6694921103035638,0.9427998775395134,-0.8263192842445721,0,1
1.215522435903915,-0.34047448913732026,-0.3887166070106513,0.1624421228235206,0.23519612281311775,-0.20218226982826767,0.5347404141061923,0.9844277109443602,0.8839286646385285,-0.5528270893802084,1,1
-1.3322001377671286,0.07338287160390666,0.4805685830237515,-0.856758049989464,-1.198638481288622,-0.7473489396016931,1.3642429763824624,1.7401651924032913,1.1402460107309358,1.555690570453021,0,1
0.27090738291917743,-0.9529444116056305,-1.2358404513882222,-0.4970808347021164,-1.1848527220921992,-0.8585622728286693,0.20614875271345634,-0.17846702737564082,-0.6652706276653007,-1.3365105975694263,1,1
-1.785744086159912,-0.850972876616852,-1.0495694526017416,0.5788358259272974,-0.12874737312323076,0.042402331378128794,0.9485432255258275,0.6904119486011927,0.09610245924606034,-1.1237204006960715,0,1
0.548791565098479,-0.8796278836271112,-0.9859005864338982,-0.8619571558840982,0.05577847307012894,0.43009439156354623,-1.633350543746942,-0.8854772820342598,0.23610535999846555,-0.9286198407334285,0,1
-0.5917253721036708,-0.16154738680482278,0.19645978958279103,-0.2722496502207892,-0.43169906050030815,-0.42373993143310107,-0.6624394238015678,-0.9535549044717453,-0.8119541744719443,1.0363791790420538,0,1
0.018997518237800076,-0.7885952874611469,-0.6979580530383803,-0.5509284664558558,-1.001025068214702,0.1630837728878286,0.21867696403038125,0.704870411849491,0.8839286646385285,-0.47136625684625555,0,1
0.9051288234438377,0.36351372454558145,0.5421603019940823,0.24040363080089305,0.17392151417405105,0.11763283040609307,-0.3314663864745725,-0.23712952833048795,-0.03801354472977603,0.7921854811142928,0,1
-1.2385453132492579,-0.551592806309029,-0.6979580530383803,-0.40291108443185447,-0.0518842049787116,-0.40925835594025095,0.9727495148685193,1.217002058401533,0.8078292774711624,-0.9036603855280552,0,1
-0.17888929043160645,-0.6584879789859119,-0.6979580530383803,-0.7389223330945245,-0.457550730976412,-0.8695676306220282,0.07313855114573523,-0.08984161221759221,-0.3715632005061193,-0.7220504712736829,0,1
-0.811418842203095,-0.7951637793924539,-0.6979580530383803,-0.47079198358620933,-0.7288019607065815,-0.12691614075776772,0.9098542507892602,-0.014720317106253258,-0.7836320573059932,-0.45871041714693545,0,1
-0.1539182904271595,-0.6780880862508254,-0.7337614912916081,-0.4598315973499263,-0.41465535469356846,-0.9461227427596812,-0.4227748733198263,-0.2754398240228856,-0.12339105724649518,-0.7629512058178748,0,1
-0.25600202677287076,-0.598084314174587,-0.6979580530383803,-0.23280734605370035,0.006160045750574827,0.6677687321564769,0.7661590913337377,1.1048907959838195,0.8490245128456997,-0.8246734813902744,0,1
0.6848961306295427,-0.8678410967955386,-0.9457188158269785,-0.6416303340014746,-0.4095959598929275,-0.670855868962927,0.31191463289709526,0.5357289269134055,0.5217116370962587,-0.8630449760480285,1,1
0.3518492833826044,-0.21558575423166804,-0.2306280143610141,-0.26403525060479954,-0.4899519933190442,-0.916410389646427,-0.3566598614864343,-0.1036885625686865,0.13794320356545603,-0.37813401831494403,0,1
-0.554322638484287,-0.5707490943447981,-0.5770890666405757,-0.3050727438386722,-0.38032060095427017,-0.5810522622440016,0.638929403981512,1.2986026623939517,1.477675704099675,-0.5804239860464812,0,1
0.962495815350413,-0.007888718906547118,0.1670910929589152,-0.4007302465486161,0.5335754557207677,0.6428274626128425,0.2034868543746382,0.8334283338167993,1.238541603029961,0.4131812709509503,0,1
0.6929455770856378,-0.33253527425030543,0.013083801085671514,-0.5983826213356827,-0.3776675733630957,-0.18548688737877517,0.3613738926851833,0.8125653222808326,0.9194944262354886,0.7861698387249598,0,1
-0.18292631867714781,-0.5720921161843088,-0.6979580530383803,-0.33658162044877377,-0.3985984217054993,-0.8321479381611634,1.198215102914443,0.9212583265720219,0.21238218338184606,-0.8646983533265482,0,1
-0.44076952417930854,-0.8458811119962198,-1.0402683463511082,-0.8524190128950672,-0.8023627136696648,-0.5483711031066568,-0.4422926030830848,-0.18413653634463908,0.035320667829772445,-1.1130951061354244,0,1
-0.6737975137029368,-0.6130251654806802,-0.6353285335311898,-0.5548319439473687,-0.16198370136787943,-0.1230978698054046,0.037410108698229916,0.8795545145001356,1.8562366975775255,-0.6486652383564573,0,1
