0.17384388065457196,1.1094057044344123,1.1973039026198262,0.3620372273831985,-1.3914424982455231,0.4875038482098512,0.5298683224790713,-0.9032189153237768,-1.3993293716341921,1.2032579244529793,0,0
-0.3793081836959205,0.2268784864902951,0.4692064109766948,-0.5732700794090204,0.06973020874800331,0.2882500161063645,0.9084059148308669,1.4823416316196099,1.4883204977695428,0.9272898677306811,0,0
-1.3626896314301293,-0.430089825697822,-0.3833170202057637,-0.2323775063905912,0.03970541438824987,0.5753016988835077,-0.22720686222451883,-0.024328187502528874,0.21238218338184606,-0.35337439549623695,0,0
-0.19492416224575634,-0.7951637793924539,-0.6979580530383803,-0.9255103052381352,-0.15743673940142452,0.5892915525377938,-0.22720686222451883,0.1012276307576495,0.41384612775885105,-0.45871041714693545,1,0
0.5426119235549003,2.7612818112802207,2.4394508170913944,1.78380341013033,-0.3495036573638041,-0.29309683651764296,1.2869435071826616,0.3523392672780057,-0.4591642978748364,1.1539561090097814,1,0
-0.6866148861128608,1.7841753014656625,1.6267309961351974,0.47700823176370954,0.471895743935375,1.1893193575796275,-0.6057444545763143,-0.9032189153237768,-0.794937538503178,0.8246939845742232,0,0
-1.1783056099799651,-0.9529444116056305,-0.6979580530383803,-1.0672874969695194,-1.491173204496365,-0.4565962771460793,-0.7003788526642628,-0.9032189153237768,-0.6270509181890073,-0.10759034497793926,1,0
0.7269959450050645,1.1094057044344123,1.1973039026198262,0.5925891006943707,1.3777756879319611,0.881544947735134,0.5298683224790713,1.1056741768390752,1.21970190526687,1.2032579244529793,0,0
1.7103773927392734,0.17153808602243215,0.4692064109766948,-0.15520865668647646,-0.8547004799979105,-0.12385371775042418,0.05669633203932739,-0.14988400576270725,-0.4591642978748364,1.1213299076135472,0,0
-1.1783056099799651,0.11303370133807245,0.15456537814407817,-0.2521247703054,0.5549911073096327,0.17362552783019894,-0.984282046928109,-1.1543305518441331,-1.1307107791315192,0.0369885082681179,0,0
0.17384388065457196,1.3691622689614906,1.2620080535595652,2.539527271725488,1.5059327679604848,0.6826370436751501,-0.41647565840041656,-0.400995642283064,-0.4591642978748364,0.612811182403277,0,0
0.29676656162134807,-0.7951637793924539,-0.6979580530383803,-0.4826766436165722,-1.491173204496365,-1.3875758416247899,0.5298683224790713,0.3523392672780057,-0.12339105724649518,-0.45871041714693545,0,0
-1.4241509719135175,-0.6584879789859119,-0.6979580530383803,-0.3747084046354713,-0.8547004799979105,-0.6904332382823044,0.3405995263031736,0.980118358578897,1.21970190526687,-0.7220504712736829,0,0
-0.3178468432125324,0.2268784864902951,0.5509661994355135,-0.05356309553185081,-1.1327303544825886,0.15333365024974926,-2.0252604258955462,-1.9076654614052027,-1.1307107791315192,1.3153699474964133,0,0
-0.7480762265962488,1.5761614251645892,1.5662328190079333,-0.39585905071501215,3.4279527847615126,2.632320286034008,0.4352339243911229,0.6034509037983624,0.5145780999473535,1.2771085311814827,0,0
-0.3178468432125324,0.8521733041434172,0.9156891420111454,0.47700823176370954,0.6700853703994741,1.6071996749130952,0.6245027205670198,0.3523392672780057,-0.12339105724649518,0.8053218426614509,0,0
-0.2563855027291444,1.632260290342221,1.682851848952159,-0.967039668671594,1.0735139251302168,0.7326972289767861,-0.13257246413657037,-0.024328187502528874,-0.12339105724649518,1.6620548187538016,0,0
0.17384388065457196,-0.6584879789859119,-0.6979580530383803,-0.9531043608955585,-0.5766706055132325,-0.8285041404782032,1.0030403129188152,0.980118358578897,0.21238218338184606,-0.7220504712736829,1,0
1.5259933712891092,-0.16154738680482278,-0.3833170202057637,2.2261603938537453,1.0601879299437382,-0.20529898584398648,-2.6877012125111874,-0.5265514605432418,-0.794937538503178,-0.8638489619573161,0,0
-0.3178468432125324,-0.5379313791014584,-0.6979580530383803,0.3840831552748682,-0.2690906818347058,-0.6479312607925423,1.192309109094713,0.47789508553818405,-0.4591642978748364,-0.9268705133722639,1,0
0.29676656162134807,-0.9529444116056305,-0.6979580530383803,-1.1419664869120418,-1.213143330011687,-1.237196961873574,-1.5520884354558022,-0.6521072788034201,0.5481554240101877,-0.10759034497793926,0,0
-0.9939215885298011,-0.5379313791014584,-0.3833170202057637,-0.33304060077635445,-1.2991062865339855,-1.659165010507333,0.24596512821522515,0.6034509037983624,0.5481554240101877,-0.10759034497793968,1,0
-1.7929190148138456,0.5479220783190677,0.6924477764939201,-0.008950668221710586,1.4870540935677725,0.7079452713616976,-0.984282046928109,-0.6521072788034201,-0.12339105724649518,0.8377329262462808,0,0
-0.8095375670796369,-0.9529444116056305,-1.2358404513882222,-0.0001416878889102189,0.15569316527030183,-0.49235066862113014,1.0030403129188152,1.4823416316196099,1.3540112015182069,-1.3365105975694263,0,0
0.9113799664552286,-0.5379313791014584,-0.3833170202057637,-0.7170043598186326,-1.1327303544825886,-0.7805748332707322,0.24596512821522515,-0.14988400576270725,-0.4591642978748364,-0.10759034497793968,0,0
1.218686668872169,-0.5379313791014584,-0.6979580530383803,-0.6923493886995999,-0.23075015912448008,0.35865848755049773,0.5298683224790713,-0.14988400576270725,-0.6270509181890073,-0.9268705133722639,0,0
-1.2397669504633533,-0.6584879789859119,-1.2358404513882222,-1.2512293170454216,-0.6805614781426248,-0.15035302829445343,1.4762123033585592,1.1056741768390752,0.21238218338184606,-1.643740660717298,0,0
0.5426119235549003,-0.6584879789859119,-0.6979580530383803,-0.17423454914505898,-0.8547004799979105,-1.0436645751167262,-0.13257246413657037,-0.7776630970635985,-1.1307107791315192,-0.7220504712736829,0,0
0.29676656162134807,0.05098148613797845,0.3778067436613035,-0.17423454914505898,-0.9859763818622591,-0.9858996705714811,-0.511110056488365,-0.2754398240228856,0.07807288713050942,1.1213299076135472,0,0
-0.19492416224575634,-0.6584879789859119,-0.6979580530383803,-1.2998693647959123,-0.3917439287125079,-0.5292775419686389,-1.4574540373678528,-0.5265514605432418,0.8839286646385285,-0.7220504712736829,0,0
-1.055382929013189,-0.5379313791014584,-0.6979580530383803,0.5991923415466245,-0.5766706055132325,-0.8285041404782032,1.9493842937983032,2.9890114507417493,2.898568108408577,-0.9268705133722639,1,0
-0.010540140795592191,-0.7951637793924539,-0.6979580530383803,-0.6923493886995999,-0.793909463899879,-1.3875758416247899,-0.7003788526642628,-0.7776630970635985,-0.794937538503178,-0.45871041714693545,1,0
-0.3178468432125324,-0.5379313791014584,-0.3833170202057637,0.441756616672643,2.1991750892311406,1.8357453088360651,0.3405995263031736,-0.024328187502528874,-0.4591642978748364,-0.10759034497793968,1,0
-0.1334628217623683,2.7567427879702833,2.466212098988395,-1.0526676422718724,-0.7359469817585865,1.2294007672664202,0.15133073012727585,-1.2798863701043115,-1.600793316011197,1.301571544660299,0,0
0.17384388065457196,0.4659945186421504,0.624926924571683,1.7688154264584106,1.5787107477643232,0.4721815882212511,1.0030403129188152,0.6034509037983624,-0.12339105724649518,0.8140998444656758,0,0
-0.010540140795592191,0.6596928038376002,0.8120687454571972,-0.2521247703054,0.7754412269399599,0.39227796134964266,0.7191371186549691,0.6034509037983624,0.21238218338184606,0.9942002263109794,0,0
-1.055382929013189,-0.6584879789859119,-0.3833170202057637,-0.4606307157249025,-0.8547004799979105,-1.3875758416247899,-2.214529222071444,-0.9032189153237768,1.555475145895211,0.19963971816993176,0,0
0.4196892425881242,0.17153808602243215,0.3778067436613035,-1.8612745307172964,0.9481152448841522,0.5467895750480325,-0.037938066048621065,-0.5265514605432418,-0.794937538503178,0.7116898234163852,0,0
-0.010540140795592191,-0.430089825697822,-0.3833170202057637,0.11110925805320697,0.2361061407994001,-0.09796364105234408,2.0440186918862517,1.4823416316196099,0.21238218338184606,-0.35337439549623695,1,0
0.7884572854884525,-0.430089825697822,0.013083801085671514,-0.844855558888679,-0.08819844570792246,-0.12385371775042418,0.7191371186549691,0.6034509037983624,0.21238218338184606,1.1213299076135472,0,0
-0.19492416224575634,1.807438759195043,1.7181306634505886,0.28681892222247096,-0.30864856533825014,0.2699379258569551,-0.6057444545763143,-1.4054421883644899,-1.4664840197598605,1.1627541857907884,0,0
-1.8543803552972338,-0.6584879789859119,-0.6979580530383803,0.9834171847104011,-0.5766706055132325,0.35865848755049773,-0.3218412603124681,0.7290067220585408,1.8912483865235525,-0.7220504712736829,0,0
-0.8095375670796369,2.1713620122861887,2.202474574989498,-0.4606307157249025,-0.43546661388610264,-0.02368383978428082,-0.984282046928109,-0.6521072788034201,-0.12339105724649518,2.3115440105171134,0,0
0.6040732640382883,-0.6584879789859119,-0.6979580530383803,1.4787743192614666,1.2918127314096626,0.81528061615334,-0.7003788526642628,-0.6521072788034201,-0.4591642978748364,-0.7220504712736829,0,0
0.6040732640382883,-0.6584879789859119,-0.6979580530383803,-0.8847926427912804,-0.793909463899879,-1.1689234081053468,0.4352339243911229,0.8545625403187186,1.555475145895211,-0.7220504712736829,1,0
0.6040732640382883,2.5508411024326367,2.2385741196212092,-0.29218986555983456,0.5945489908131765,1.4759629342690401,-0.22720686222451883,-1.6565538248848461,-1.8022572603882017,0.9610359616233538,0,0
0.05092119968779586,1.9469856640900254,1.6645921766396556,-0.0445638558591277,0.471895743935375,1.2055235038597865,0.5298683224790713,-0.5265514605432418,-1.1307107791315192,0.47072506800628977,0,0
0.23530522113796,-0.9529444116056305,-1.2358404513882222,-0.17423454914505898,0.28696906713465037,0.11161892811310273,-1.3628196392799046,-0.9032189153237768,-0.12339105724649518,-1.3365105975694263,0,0
0.29676656162134807,-0.5379313791014584,-0.3833170202057637,-0.4172266302819929,1.9503385744965596,0.4721815882212511,1.0030403129188152,0.980118358578897,0.21238218338184606,-0.10759034497793968,0,0
0.29676656162134807,-0.5379313791014584,-0.6979580530383803,-0.33304060077635445,-0.8547004799979105,-0.6904332382823044,0.7191371186549691,1.7334532681399666,2.4284855715288987,-0.9268705133722639,0,0
0.17384388065457196,1.2172472578380489,1.2924433375043636,1.7725725433374087,2.4511558893779295,1.5494347703678506,0.05669633203932739,0.2267834490178273,0.21238218338184606,1.2688003379245258,0,0
0.11238254017118392,0.8521733041434172,0.9156891420111454,-0.29218986555983456,-0.2690906818347058,-0.49235066862113014,0.3405995263031736,0.3523392672780057,0.21238218338184606,0.8053218426614509,0,0
0.7884572854884525,-1.3679574441098026,-1.2358404513882222,-1.7978182318953293,0.4931948723810841,1.0868697850358835,-2.0252604258955462,-0.7776630970635985,1.555475145895211,-0.7220504712736829,0,0
0.3582279021047361,0.9888491045499589,1.2620080535595652,0.3096709328267562,2.820518780131187,2.17115714830758,1.0030403129188152,1.1056741768390752,0.5481554240101877,2.043020097057162,0,0
0.7269959450050645,-0.16154738680482278,-0.1600756546885384,0.18479036249249292,0.00893919264997227,0.65674696697707,0.05669633203932739,-0.7776630970635985,-1.1307107791315192,-0.29665499922278354,0,0
-1.4241509719135175,-0.9529444116056305,-0.6979580530383803,-0.33304060077635445,0.8410336696843485,-0.1774909375155152,1.4762123033585592,0.980118358578897,-0.12339105724649518,-0.10759034497793926,0,0
0.6040732640382883,2.2783973048533372,2.124809784258778,2.3998710294882812,-0.15743673940142452,0.3062691003083889,-1.3628196392799046,-1.9076654614052027,-1.567215991948363,1.408949541198789,0,0
0.29676656162134807,-0.24347494648174,-0.1600756546885384,0.3620372273831985,-0.12233670921437628,-0.4565962771460793,0.7191371186549691,0.980118358578897,0.5481554240101877,-0.10759034497793926,0,0
0.05092119968779586,0.7919472233777568,0.8656072322681301,-0.6679827864293568,-0.5766706055132325,-0.1774909375155152,-0.7950132507522121,-0.9032189153237768,-0.794937538503178,0.7861698387249603,0,0
0.3582279021047361,-0.6584879789859119,-0.6979580530383803,0.9108980298571218,0.06973020874800331,-1.1045533893953845,-1.1735508431040067,-1.4054421883644899,-1.1307107791315192,-0.7220504712736829,0,0
0.4196892425881242,-0.6584879789859119,-0.6979580530383803,0.06902053879822047,0.2361061407994001,0.023246648078983512,-0.037938066048621065,0.1012276307576495,0.21238218338184606,-0.7220504712736829,0,0
-0.07200148127898025,0.2268784864902951,0.15456537814407817,0.47700823176370954,2.807403199311982,2.848170141408338,0.15133073012727585,0.2267834490178273,0.21238218338184606,-0.23695037156651721,1,0
0.05092119968779586,1.8633842723491656,1.830325735854205,0.2559543466708279,-0.793909463899879,0.3062691003083889,-0.037938066048621065,-0.400995642283064,-0.4591642978748364,1.5135384988661496,0,0
0.3582279021047361,0.6596928038376002,0.6924477764939201,-0.4716245182543948,0.8725788652978546,1.0778962814876933,-0.22720686222451883,-0.024328187502528874,0.21238218338184606,0.48568150110070923,0,0
0.9113799664552286,1.772342243905423,1.6267309961351974,0.47700823176370954,2.9147174266780556,3.2366745981363114,0.9084059148308669,-0.14988400576270725,-1.1307107791315192,0.8641140407920732,0,0
-0.6866148861128608,-0.9529444116056305,-1.2358404513882222,-0.8056696874264723,-1.213143330011687,-1.0436645751167262,0.15133073012727585,0.3523392672780057,0.21238218338184606,-1.3365105975694263,1,0
0.17384388065457196,-0.08569431426856347,0.15456537814407817,0.21671927472342667,-0.054970645283884234,0.35865848755049773,-0.6057444545763143,-1.1543305518441331,-1.097133455068685,0.5946497993600531,0,0
-1.9773030362640098,-0.01507679319364995,0.013083801085671514,1.846326112367209,-0.3917439287125079,-0.7805748332707322,1.3815779052706108,0.980118358578897,-0.12339105724649518,-0.10759034497793968,0,0
0.9113799664552286,0.2268784864902951,0.3778067436613035,1.983043801555839,0.06973020874800331,-0.2630638903892315,-1.8359916297196484,-1.6565538248848461,-1.1307107791315192,0.5392097879649485,0,0
-0.5022308646626966,-0.7951637793924539,-0.6979580530383803,-0.6200882461997091,-0.43546661388610264,-0.3883227233778525,-0.7950132507522121,-0.6521072788034201,-0.4591642978748364,-0.45871041714693545,0,0
0.11238254017118392,0.5865511185266042,0.7545609391545215,0.3096709328267562,1.4085419096702387,0.4721815882212511,-0.22720686222451883,0.2267834490178273,0.5481554240101877,0.9847832128811597,0,0
0.9728413069386166,-0.7951637793924539,-0.6979580530383803,-1.0237321667811987,0.35957030125795314,-0.1774909375155152,-0.6057444545763143,-0.5265514605432418,-0.22412302943499768,-0.45871041714693545,0,0
1.8333000737060494,0.17153808602243215,0.3778067436613035,1.116157662590519,0.856906096725579,0.04599830545810637,-0.3218412603124681,-0.2754398240228856,-0.12339105724649518,0.7116898234163852,0,0
0.9113799664552286,1.3691622689614906,1.3217298421591535,1.9315163420137154,0.09904847137754404,0.35865848755049773,-0.984282046928109,-1.6565538248848461,-1.4664840197598605,0.8670705450084123,0,0
0.05092119968779586,1.153914807225275,1.162809322921525,0.5592552576440231,0.5549911073096327,0.7079452713616976,-0.037938066048621065,-0.7776630970635985,-1.1307107791315192,0.886004752861986,1,0
-0.010540140795592191,0.37693419087358504,0.3778067436613035,-0.2620690409513533,-0.5766706055132325,-0.9858996705714811,1.4762123033585592,1.1056741768390752,0.21238218338184606,0.1158497009477854,0,0
0.05092119968779586,2.2856308902884797,2.144966768686822,0.9502601865092528,-0.054970645283884234,0.5322581639239352,-2.0252604258955462,-1.4054421883644899,-0.4591642978748364,1.4848133626053959,1,0
-0.19492416224575634,1.807438759195043,1.7181306634505886,0.28681892222247096,-0.30864856533825014,0.2699379258569551,-0.6057444545763143,-1.4054421883644899,-1.4664840197598605,1.1627541857907884,0,0
-1.4241509719135175,0.37693419087358504,0.5509661994355135,-0.20310319691612422,1.7284067965399426,0.0682994052249898,-0.8896476488401606,-0.7776630970635985,-0.4591642978748364,0.7861698387249598,1,0
1.403070690322333,-0.7951637793924539,-0.6979580530383803,-0.5049583613047443,-0.9859763818622591,-1.3098782266961335,-0.037938066048621065,0.8545625403187186,1.555475145895211,-0.45871041714693545,1,0
0.17384388065457196,-0.430089825697822,0.8120687454571972,-1.0381496689222531,-0.9859763818622591,-1.3875758416247899,1.7601154976224063,1.3567858133594322,0.21238218338184606,7.757499271607574,1,0
-0.010540140795592191,0.5077777927141583,0.6924477764939201,-0.7799493515464242,-0.43546661388610264,-0.8785643257798388,1.0976747110067637,1.1056741768390752,0.5481554240101877,0.9738594773025687,0,0
1.8333000737060494,-0.6584879789859119,-0.6979580530383803,-0.4826766436165722,-0.8547004799979105,-0.5674564095938143,-1.9306260278075968,-1.6565538248848461,-1.1307107791315192,-0.7220504712736829,1,0
1.464532030805721,-0.5379313791014584,-0.6979580530383803,-0.20310319691612422,-0.2690906818347058,-0.7805748332707322,0.4352339243911229,-0.14988400576270725,-0.794937538503178,-0.9268705133722639,0,0
1.2801480093555568,2.3552868818619666,2.134953723067261,0.847500252102723,2.6037457915098643,2.770739739373751,0.05669633203932739,-1.1543305518441331,-1.8022572603882017,1.1698399175842644,0,0
0.29676656162134807,0.11303370133807245,0.3778067436613035,0.6958087614665829,-0.12233670921437628,0.11161892811310273,0.8137715167429176,0.3523392672780057,-0.12339105724649518,0.9044616277444617,0,0
-0.9939215885298011,-0.6584879789859119,-0.6979580530383803,-0.30232769940808124,-0.3495036573638041,-0.8285041404782032,1.6654810995344562,1.2312299950992531,0.21238218338184606,-0.7220504712736829,1,0
-0.44076952417930854,-0.6584879789859119,-0.6979580530383803,-0.2720610061233507,-0.5766706055132325,0.04599830545810637,0.6245027205670198,0.7290067220585408,0.21238218338184606,-0.7220504712736829,0,0
-0.010540140795592191,-0.6584879789859119,-0.6979580530383803,-0.7545426861220094,-0.7359469817585865,-1.1045533893953845,1.6654810995344562,1.2312299950992531,0.21238218338184606,-0.7220504712736829,1,0
-1.4856123123969054,0.9629351108232396,1.0070888093265369,-0.9531043608955585,-0.12233670921437628,-0.6479312607925423,0.3405995263031736,0.980118358578897,1.3540112015182069,0.8377329262462813,0,0
-0.8709989075630249,-0.5379313791014584,-0.6979580530383803,1.6288382629277964,1.9437635266640991,-1.1689234081053468,-1.0789164450160582,-1.0287747335839552,-0.794937538503178,-0.9268705133722639,0,0
0.9113799664552286,0.4659945186421504,0.5509661994355135,3.2427322362976914,-0.3495036573638041,0.13266942393495193,-1.1735508431040067,-1.5309980066246682,-1.4664840197598605,0.506869781317804,0,0
-0.9324602480464129,0.05098148613797845,-0.1600756546885384,0.7020932933657891,0.9333698813958862,1.1974505751191022,-0.7950132507522121,-0.5265514605432418,-0.12339105724649518,-0.7220504712736829,0,0
-0.9939215885298011,-0.430089825697822,-0.3833170202057637,-2.397152261330862,-0.5766706055132325,-0.6904332382823044,-1.268185241191956,-0.2754398240228856,1.21970190526687,-0.35337439549623695,0,0
-0.9324602480464129,-0.6584879789859119,-0.6979580530383803,-0.3747084046354713,-0.3495036573638041,0.2131442751336804,-1.1735508431040067,-0.400995642283064,0.5481554240101877,-0.7220504712736829,1,0
0.7884572854884525,-0.430089825697822,-0.1600756546885384,-0.5502497264552632,-1.2991062865339855,-0.9858996705714811,0.3405995263031736,0.3523392672780057,0.21238218338184606,0.38397775605865536,0,0
0.4196892425881242,0.5865511185266042,0.8120687454571972,0.119425918777574,-0.8547004799979105,-0.20529898584398648,-0.41647565840041656,-1.7821096431450245,-1.835834584451036,1.2578766023459345,0,0
0.29676656162134807,-0.5379313791014584,-0.3833170202057637,2.7820188267536743,-0.6805614781426248,-1.1689234081053468,-0.22720686222451883,0.47789508553818405,0.8839286646385285,-0.10759034497793968,0,0
0.9113799664552286,1.5319726315858533,1.4535715403609875,0.545770933903682,2.8902858856057794,3.1599229460829066,0.3405995263031736,-0.14988400576270725,-0.794937538503178,0.9044616277444617,0,0
0.6040732640382883,1.723592645856126,1.60708437033698,3.624419181974588,0.33583684705024197,0.3414647377472831,0.24596512821522515,-0.2754398240228856,-0.794937538503178,0.9414879194294274,1,0
-1.3012282909467412,-0.430089825697822,-0.6979580530383803,-0.4716245182543948,0.33583684705024197,-0.49235066862113014,1.4762123033585592,2.110120722920501,1.8912483865235525,-1.090726547051129,0,0
-2.161687057714174,-0.6584879789859119,-1.2358404513882222,1.0640719310598572,-0.5766706055132325,0.5026204340609481,1.0976747110067637,0.6034509037983624,-0.12339105724649518,-1.643740660717298,1,0
1.8333000737060494,-0.5379313791014584,-0.6979580530383803,-0.29218986555983456,0.1276926908892963,-0.42194219717699644,-0.22720686222451883,-0.2754398240228856,-0.4591642978748364,-0.9268705133722639,0,0
-0.010540140795592191,0.4224327070609651,0.7545609391545215,0.3620372273831985,1.496529186171285,2.2938985984317743,0.8137715167429176,1.1056741768390752,0.8839286646385285,1.6022117455841296,0,0
1.1572253283887808,-0.6584879789859119,-0.6979580530383803,-0.5965476483325806,-1.0571939748962915,-1.1045533893953845,-0.13257246413657037,-0.024328187502528874,-0.12339105724649518,-0.7220504712736829,1,0
-1.7314576743304577,-0.5379313791014584,-0.6979580530383803,-0.11767033038309975,-0.12233670921437628,-0.07265541336579703,0.4352339243911229,1.3567858133594322,2.059135006837723,-0.9268705133722639,0,0
-0.3178468432125324,-0.24347494648174,0.15456537814407817,-0.3125151072130619,-0.6805614781426248,-0.6479312607925423,1.0976747110067637,1.1056741768390752,0.5481554240101877,1.1213299076135472,0,0
-0.8095375670796369,3.0681177558493147,2.7540918499240115,-0.17423454914505898,-0.022606002963534436,0.5611358676154924,-0.8896476488401606,-0.5265514605432418,-0.12339105724649518,1.5685762946222523,0,0
1.8333000737060494,0.5077777927141583,0.6924477764939201,0.9558231290529776,0.9481152448841522,0.39227796134964266,-0.037938066048621065,-0.2754398240228856,-0.4591642978748364,0.9738594773025687,0,0
0.05092119968779586,-0.9529444116056305,-0.6979580530383803,0.4203157336541049,-0.5278028255976409,-0.9309537130219476,-0.41647565840041656,-0.14988400576270725,0.21238218338184606,-0.10759034497793926,0,0
0.3582279021047361,-0.7951637793924539,-1.2358404513882222,-0.5732700794090204,-0.5766706055132325,-0.6479312607925423,-0.3218412603124681,-0.024328187502528874,0.21238218338184606,-1.5120706336539242,0,0
-0.8095375670796369,0.9090517185430385,0.9156891420111454,1.9762466642220122,0.28696906713465037,0.6826370436751501,-0.22720686222451883,-1.5309980066246682,-1.8022572603882017,0.6231189944007826,0,0
-0.7480762265962488,0.8225031664619629,0.9156891420111454,-0.5049583613047443,3.708384141530603,3.228696982225168,0.8137715167429176,0.1012276307576495,-0.794937538503178,0.9044616277444617,0,0
-0.19492416224575634,0.5865511185266042,0.7545609391545215,-0.16469988378497333,0.5141360152840782,1.4885459560891923,0.5298683224790713,0.1012276307576495,-0.4591642978748364,0.9847832128811597,0,0
-0.44076952417930854,0.7279546320913446,0.9156891420111454,0.135960297192222,0.8725788652978546,2.4045674495649485,0.3405995263031736,0.980118358578897,1.21970190526687,1.2402576739933684,0,0
0.7884572854884525,0.623775150855327,0.7545609391545215,2.164881836619364,0.2361061407994001,0.5611358676154924,-1.6467228335437507,-1.9076654614052027,-1.4664840197598605,0.8579898534868006,1,0
0.9113799664552286,0.2793796394260684,0.624926924571683,2.1461411938010926,0.33583684705024197,0.8707681311726849,-0.41647565840041656,-1.2798863701043115,-1.365752047571358,1.4900059833909935,0,0
1.2801480093555568,0.6596928038376002,0.7545609391545215,-0.7170043598186326,-0.793909463899879,-0.2630638903892315,-0.8896476488401606,-1.6565538248848461,-1.8022572603882017,0.7399408637058446,1,0
1.8333000737060494,0.623775150855327,0.7545609391545215,0.11110925805320697,-0.6805614781426248,-0.5674564095938143,-3.5394107953027265,-2.7865561892264505,-1.4664840197598605,0.8579898534868006,0,0
0.9113799664552286,-0.6584879789859119,-0.6979580530383803,0.3913802581634311,-0.793909463899879,-0.6479312607925423,0.6245027205670198,1.1056741768390752,0.8839286646385285,-0.7220504712736829,0,0
-0.010540140795592191,2.646370830115968,2.459607801519439,-0.4826766436165722,0.20987425248233393,-0.4565962771460793,-0.984282046928109,-1.0287747335839552,-0.794937538503178,1.7053712157758376,0,0
-1.1783056099799651,-0.16154738680482278,-0.1600756546885384,-0.6559055308977622,-0.054970645283884234,0.2882500161063645,1.4762123033585592,1.1056741768390752,0.21238218338184606,-0.29665499922278354,0,0
0.7269959450050645,-0.7951637793924539,-0.6979580530383803,-0.2720610061233507,-0.15743673940142452,0.7922967829695046,-1.268185241191956,-1.2798863701043115,-0.794937538503178,-0.45871041714693545,0,0
0.9113799664552286,2.069769790596836,1.7998904519094072,3.1008506200784396,1.1380863361575086,1.5315112821708725,-0.22720686222451883,-0.400995642283064,-0.4591642978748364,0.6404480696429654,0,0
-0.3178468432125324,-0.7951637793924539,-1.2358404513882222,-0.33304060077635445,-0.08819844570792246,-0.5674564095938143,-1.3628196392799046,-0.6521072788034201,0.21238218338184606,-1.5120706336539242,0,0
0.17384388065457196,-0.7951637793924539,-0.6979580530383803,0.6640985488888794,-0.3917439287125079,-1.1689234081053468,2.1386530899742002,2.9890114507417493,2.562794867780235,-0.45871041714693545,0,0
0.3582279021047361,-0.5379313791014584,-0.6979580530383803,0.3472092591301329,-0.793909463899879,-0.5292775419686389,0.24596512821522515,0.1012276307576495,-0.4591642978748364,-0.9268705133722639,1,0
0.11238254017118392,-0.5379313791014584,-0.6979580530383803,0.23250208312264142,0.00893919264997227,-0.6069751568972952,1.4762123033585592,1.1056741768390752,0.21238218338184606,-0.9268705133722639,0,0
-0.8709989075630249,-0.6584879789859119,-0.6979580530383803,-0.844855558888679,-0.793909463899879,-1.237196961873574,-0.41647565840041656,-0.14988400576270725,0.21238218338184606,-0.7220504712736829,1,0
1.2801480093555568,1.038788183359499,1.126709778289814,-0.8317115358261241,-1.213143330011687,-0.5292775419686389,0.6245027205670198,-1.1543305518441331,-1.8022572603882017,1.1213299076135472,1,0
-0.3793081836959205,-0.9529444116056305,-0.6979580530383803,-0.4826766436165722,-0.43546661388610264,-0.12385371775042418,1.5708467014465077,0.2267834490178273,-1.1307107791315192,-0.10759034497793926,0,0
0.05092119968779586,2.5508411024326367,2.2116581173032634,1.3356574105395158,1.3673491109959601,1.7645952050063736,1.0030403129188152,0.2267834490178273,-0.794937538503178,0.8408155021307082,0,0
-1.6699963338470696,-0.08569431426856347,0.15456537814407817,-0.20310319691612422,2.9966415833176225,3.2366745981363114,-1.3628196392799046,-1.5309980066246682,-1.1307107791315192,0.5946497993600531,0,0
0.9113799664552286,-0.01507679319364995,0.15456537814407817,0.8707778210262831,2.188387414285702,2.05628887417988,-1.8359916297196484,-1.4054421883644899,-0.4591642978748364,0.3839777560586549,0,0
1.5259933712891092,-0.5379313791014584,-0.3833170202057637,-0.15520865668647646,0.35957030125795314,0.768834085640356,-0.3218412603124681,-0.400995642283064,-0.862092186628846,-0.10759034497793968,1,0
0.05092119968779586,2.394913046433794,2.082853606026221,-0.08995390280606984,0.6516262376256907,1.7145350197047375,0.4352339243911229,-0.6521072788034201,-1.1307107791315192,0.7946549037601139,0,0
0.9113799664552286,0.4224327070609651,0.15456537814407817,0.28681892222247096,0.856906096725579,0.0682994052249898,0.15133073012727585,0.47789508553818405,0.5481554240101877,-0.6419034982785861,0,0
1.5259933712891092,-0.9529444116056305,-1.2358404513882222,2.6898319109963533,0.8086690273639986,1.4885459560891923,-0.13257246413657037,-0.5265514605432418,-0.6270509181890073,-1.3365105975694263,0,0
1.2801480093555568,-0.6584879789859119,-0.6979580530383803,-0.7545426861220094,-0.7359469817585865,-0.4565962771460793,-1.9306260278075968,-1.4054421883644899,-0.4591642978748364,-0.7220504712736829,0,0
-0.6251535456294727,-0.5379313791014584,-0.3833170202057637,-0.844855558888679,-0.8547004799979105,-1.237196961873574,1.4762123033585592,1.1056741768390752,0.21238218338184606,-0.10759034497793968,1,0
-0.9939215885298011,-0.7951637793924539,-0.6979580530383803,-0.7545426861220094,0.40572256537397494,0.6697664037365227,1.0030403129188152,1.8590090864001445,2.159866979026226,-0.45871041714693545,0,0
0.05092119968779586,-0.7951637793924539,-0.6979580530383803,-0.11767033038309975,0.00893919264997227,-0.8285041404782032,0.6245027205670198,-0.14988400576270725,-0.794937538503178,-0.45871041714693545,0,0
-0.010540140795592191,0.7604509512618689,0.8120687454571972,1.6045662903841162,0.28696906713465037,0.2131442751336804,-0.41647565840041656,-0.5265514605432418,-0.4591642978748364,0.6604848128917393,0,0
0.6040732640382883,0.8810075511463225,0.9156891420111454,0.8061279840767028,0.00893919264997227,0.4249228191322918,0.7191371186549691,-0.2754398240228856,-1.1307107791315192,0.7116898234163852,0,0
0.9113799664552286,0.2793796394260684,0.3778067436613035,-0.4606307157249025,0.15569316527030183,-0.20529898584398648,-0.41647565840041656,-0.400995642283064,-0.4591642978748364,0.38397775605865536,0,0
-1.1783056099799651,0.2793796394260684,0.4692064109766948,-0.8580830366248604,0.38286011341972964,0.39227796134964266,-0.3218412603124681,-0.5265514605432418,-0.4591642978748364,0.7526538318361012,0,0
-0.7480762265962488,-0.7951637793924539,-0.6979580530383803,0.16051838994881265,-0.793909463899879,-0.5292775419686389,1.9493842937983032,0.980118358578897,-0.4591642978748364,-0.45871041714693545,0,0
1.5259933712891092,0.7279546320913446,0.9156891420111454,-0.3747084046354713,0.00893919264997227,-0.6069751568972952,-0.7950132507522121,-1.4054421883644899,-1.4664840197598605,1.2402576739933684,0,0
0.9113799664552286,1.3691622689614906,1.403489630617972,0.16864050840312653,1.2349092962278752,0.8707681311726849,0.15133073012727585,0.47789508553818405,0.615310072135856,1.2484595889161152,0,0
0.17384388065457196,-0.7951637793924539,-1.2358404513882222,4.017073939272717,0.7754412269399599,1.275688189452385,-1.0789164450160582,-1.4054421883644899,-1.1307107791315192,-1.5120706336539242,0,0
-1.1783056099799651,-0.9529444116056305,-0.6979580530383803,-1.4179839504087912,0.15569316527030183,0.0682994052249898,1.3815779052706108,1.1056741768390752,0.21238218338184606,-0.10759034497793926,0,0
-0.6866148861128608,1.0141231807322355,1.0888485977853553,0.41311945449613113,3.8531817001594626,3.0668225749277807,-1.3628196392799046,-0.5265514605432418,0.5481554240101877,1.0314089135214874,0,0
0.17384388065457196,0.7604509512618689,0.9156891420111454,0.16864050840312653,-0.23075015912448008,0.9937449598611751,-0.7003788526642628,-1.1543305518441331,-1.063556131005851,1.1213299076135472,0,0
-1.1783056099799651,1.5761614251645892,1.4774503557541414,0.17673108457041384,0.8725788652978546,0.9642366672417971,-0.22720686222451883,-0.2754398240228856,-0.4591642978748364,0.8616988683336556,0,0
-0.8709989075630249,-0.9529444116056305,-1.2358404513882222,-0.631959051791938,0.2361061407994001,-0.3883227233778525,-0.41647565840041656,0.7290067220585408,2.227021627151894,-1.3365105975694263,0,0
0.11238254017118392,0.6943926719302403,0.8656072322681301,0.4346341456505595,0.5945489908131765,0.37559367490583784,-0.7950132507522121,-1.6565538248848461,-1.567215991948363,1.1213299076135472,1,0
-0.8095375670796369,2.3417297554661114,2.183774868489598,0.41311945449613113,0.471895743935375,0.5753016988835077,-1.0789164450160582,-1.1543305518441331,-0.794937538503178,1.4654275783391633,0,0
0.17384388065457196,-0.33253527425030543,0.2741863471073553,1.6647241008397524,1.8690509280485335,1.858496966215188,1.4762123033585592,1.3567858133594322,0.5481554240101877,2.126810114279308,1,0
-0.8095375670796369,3.1362713236895043,2.6043985531818987,-0.16469988378497333,1.0866989018486768,1.7888148209728014,-0.6057444545763143,-0.024328187502528874,0.5481554240101877,0.6237302961347854,0,0
0.3582279021047361,-0.6584879789859119,-0.6979580530383803,-0.8186499209732583,-0.1935543022484093,-0.9858996705714811,0.4352339243911229,0.7290067220585408,0.5481554240101877,-0.7220504712736829,0,0
1.5259933712891092,0.5865511185266042,0.6924477764939201,0.8995137351637922,0.5549911073096327,0.15333365024974926,-0.41647565840041656,-0.9032189153237768,-1.1307107791315192,0.7116898234163848,0,0
-0.44076952417930854,-0.7951637793924539,-0.6979580530383803,-0.19343579792248425,2.7079471472390058,0.881544947735134,0.5298683224790713,0.47789508553818405,0.21238218338184606,-0.45871041714693545,0,0
1.218686668872169,-0.7951637793924539,-1.2358404513882222,-0.4937877139260489,-1.1327303544825886,-1.1045533893953845,0.3405995263031736,0.2267834490178273,-0.12339105724649518,-1.5120706336539242,1,0
0.4811505830715122,-0.5379313791014584,-0.1600756546885384,0.00863020189055856,-1.0571939748962915,-1.3875758416247899,0.15133073012727585,-0.2754398240228856,-0.4591642978748364,0.7116898234163852,0,0
0.9728413069386166,-0.6584879789859119,-1.2358404513882222,0.3620372273831985,0.9481152448841522,1.7694809772542712,1.9493842937983032,1.4823416316196099,0.21238218338184606,-1.643740660717298,0,0
0.6040732640382883,-0.6584879789859119,-0.6979580530383803,0.4203157336541049,1.5609108925723774,0.6697664037365227,0.5298683224790713,-0.14988400576270725,-0.794937538503178,-0.7220504712736829,0,0
1.6489160522558852,-0.7951637793924539,-1.2358404513882222,-0.39585905071501215,-0.8547004799979105,-0.35567786559520237,-0.6057444545763143,-1.4054421883644899,-1.4664840197598605,-1.5120706336539242,0,0
-1.4856123123969054,-0.9529444116056305,-1.2358404513882222,-0.5049583613047443,-0.5766706055132325,-0.8785643257798388,0.3405995263031736,0.3523392672780057,0.21238218338184606,-1.3365105975694263,1,0
0.6040732640382883,-0.9529444116056305,-0.6979580530383803,-0.15520865668647646,-0.6275335318484828,-0.4565962771460793,-1.268185241191956,-0.9032189153237768,-0.1905457053721635,-0.10759034497793926,0,0
-0.5022308646626966,-0.16154738680482278,-0.1600756546885384,-0.406515446045651,0.03970541438824987,-0.2630638903892315,-1.0789164450160582,-1.2798863701043115,-1.1307107791315192,-0.29665499922278354,0,0
1.0343026474220047,1.6045951446417435,1.6458924701397561,1.513068439233524,0.5141360152840782,0.39227796134964266,0.5298683224790713,0.2267834490178273,-0.15696838130932933,1.5758620558323158,0,0
-0.7480762265962488,-0.24347494648174,-0.3833170202057637,1.5468071643655597,-0.43546661388610264,-0.7346023792693883,0.5298683224790713,-0.14988400576270725,-0.794937538503178,-0.7220504712736829,0,0
-0.5636922051460846,0.623775150855327,0.8656072322681301,0.525379377191173,-0.43546661388610264,0.5175367943382632,-0.511110056488365,-0.7776630970635985,-0.794937538503178,1.3846699617402942,0,0
-1.6699963338470696,-0.5379313791014584,-0.3833170202057637,0.490943539539745,-0.3495036573638041,2.585145676249522e-05,1.4762123033585592,1.1056741768390752,0.21238218338184606,-0.10759034497793968,0,0
-0.19492416224575634,-0.6584879789859119,-0.6979580530383803,-0.5502497264552632,-0.7359469817585865,-0.9858996705714811,0.7191371186549691,0.980118358578897,0.5481554240101877,-0.7220504712736829,1,0
-1.4856123123969054,2.556388802078909,2.297969240032988,0.9834171847104011,2.8463428894647924,2.639097650942683,1.6654810995344562,1.2312299950992531,0.21238218338184606,1.2209720902561,0,0
-0.9324602480464129,-0.6584879789859119,-0.6979580530383803,-0.6438978852946605,-0.793909463899879,-0.02368383978428082,-1.7413572316317,-1.0287747335839552,0.21238218338184606,-0.7220504712736829,0,0
0.05092119968779586,2.6361861880858295,2.337772850259249,0.14417853563939134,1.5698426058943407,2.7257687694195285,-0.984282046928109,-0.14988400576270725,0.8839286646385285,1.1213299076135472,0,0
1.2801480093555568,-0.7951637793924539,-0.6979580530383803,0.017365312149962103,-0.48077955922815263,-0.6904332382823044,-0.13257246413657037,0.7290067220585408,1.555475145895211,-0.45871041714693545,0,0
0.17384388065457196,-0.6584879789859119,-0.6979580530383803,-1.0672874969695194,-0.5278028255976409,-0.7346023792693883,-0.41647565840041656,-0.6521072788034201,-0.794937538503178,-0.7220504712736829,1,0
-0.8095375670796369,-0.7951637793924539,-1.2358404513882222,0.026063950026512406,-1.491173204496365,-1.3098782266961335,0.5298683224790713,-0.14988400576270725,-0.794937538503178,-1.5120706336539242,1,0
-0.07200148127898025,-0.6584879789859119,-0.6979580530383803,0.7208339361840604,1.6390808995878428,0.65674696697707,-0.7950132507522121,-0.14988400576270725,0.5481554240101877,-0.7220504712736829,0,0
0.5426119235549003,-0.6584879789859119,-0.6979580530383803,-0.5617281067027671,-0.15743673940142452,-0.9858996705714811,-0.8896476488401606,-0.5265514605432418,0.07807288713050942,-0.7220504712736829,0,0
-0.44076952417930854,0.17153808602243215,0.3778067436613035,0.7639174367614044,1.797009554043769,2.497692274739657,1.0976747110067637,1.6078974498797889,1.21970190526687,0.7116898234163852,0,0
0.7884572854884525,0.4659945186421504,0.624926924571683,2.8141411486262453,0.5141360152840782,1.2214977963302347,-1.6467228335437507,-1.6565538248848461,-1.1307107791315192,0.8140998444656758,1,0
-1.5470736528802935,2.4516163606569563,2.202474574989498,-0.3537703314600257,1.033100587646728,0.8378047417129659,0.4352339243911229,0.47789508553818405,0.2795368315075144,1.143406319336748,1,0
1.8333000737060494,-0.5379313791014584,-0.6979580530383803,0.3620372273831985,-0.5766706055132325,-0.8285041404782032,-1.9306260278075968,-1.1543305518441331,0.21238218338184606,-0.9268705133722639,0,0
-0.010540140795592191,-0.9529444116056305,-0.6979580530383803,0.06902053879822047,-0.7359469817585865,-0.7805748332707322,0.6245027205670198,0.3523392672780057,-0.12339105724649518,-0.10759034497793926,0,0
-0.5022308646626966,-0.6584879789859119,-0.6979580530383803,-0.995193080150545,-0.48077955922815263,-0.04790345575070855,-1.3628196392799046,-0.7776630970635985,0.21238218338184606,-0.7220504712736829,0,0
0.29676656162134807,1.6045951446417435,1.5662328190079333,-1.9715288675298634,0.1276926908892963,1.7935968610107265,0.3405995263031736,-1.9076654614052027,-2.1380305010165435,1.1718334796378551,0,0
-0.6866148861128608,1.0141231807322355,1.0888485977853553,0.41311945449613113,3.8531817001594626,3.0668225749277807,-1.3628196392799046,-0.5265514605432418,0.5481554240101877,1.0314089135214874,0,0
-0.3178468432125324,-0.9529444116056305,-1.2358404513882222,-0.6801304636738992,-0.8547004799979105,-1.1689234081053468,-0.984282046928109,-0.7776630970635985,-0.4591642978748364,-1.3365105975694263,0,0
1.0957639879053926,-1.1395592908217125,-1.2358404513882222,-0.6923493886995999,-0.793909463899879,-0.6069751568972952,-0.8896476488401606,-0.7776630970635985,-0.4591642978748364,-1.090726547051129,0,0
0.4811505830715122,2.62589918612971,2.368208134204047,0.00863020189055856,-0.022606002963534436,1.7196423696684064,1.5708467014465077,-0.7776630970635985,-1.8022572603882017,1.307529945884985,0,0
0.5426119235549003,-0.5379313791014584,-0.6979580530383803,0.4203157336541049,-1.213143330011687,-1.1045533893953845,-0.3218412603124681,-0.400995642283064,-0.4591642978748364,-0.9268705133722639,0,0
0.29676656162134807,-0.7951637793924539,-1.2358404513882222,-0.4388156394867202,-0.8547004799979105,-0.1774909375155152,0.8137715167429176,0.2267834490178273,-0.4591642978748364,-1.5120706336539242,1,0
-1.9773030362640098,-0.7951637793924539,-1.2358404513882222,-0.5502497264552632,-0.6275335318484828,-1.0436645751167262,2.3279218861500985,2.23567654118068,0.8839286646385285,-1.5120706336539242,1,0
1.218686668872169,1.196568815572676,1.3217298421591535,-0.4606307157249025,-0.23075015912448008,0.4408971116027401,0.6245027205670198,-0.2754398240228856,-0.794937538503178,1.4975299849374712,0,0
-1.4241509719135175,0.4659945186421504,0.5509661994355135,0.7516985117357036,-0.5766706055132325,-0.9309537130219476,1.7601154976224063,1.7334532681399666,0.5481554240101877,0.506869781317804,0,0
0.7884572854884525,-0.6584879789859119,-0.6979580530383803,-1.3665413183568467,0.4281730587617797,2.585145676249522e-05,-0.41647565840041656,-0.14988400576270725,0.21238218338184606,-0.7220504712736829,0,0
-0.8095375670796369,-0.9529444116056305,-1.2358404513882222,-0.6200882461997091,-0.022606002963534436,-0.6069751568972952,-0.41647565840041656,-0.14988400576270725,0.21238218338184606,-1.3365105975694263,1,0
-0.44076952417930854,-0.6584879789859119,-0.6979580530383803,-0.5161892280976657,-0.5766706055132325,-0.9309537130219476,0.5298683224790713,-0.14988400576270725,-0.794937538503178,-0.7220504712736829,1,0
-0.8095375670796369,2.765800794686896,2.3531396943616696,0.4203157336541049,2.60762128039751,0.9642366672417971,0.15133073012727585,-0.400995642283064,-0.794937538503178,0.7477814607905843,0,0
-0.010540140795592191,0.37693419087358504,0.9156891420111454,0.6253979794620452,-0.08819844570792246,2.585145676249522e-05,0.3405995263031736,0.3523392672780057,0.21238218338184606,2.797130252056484,0,0
-1.3012282909467412,-0.7951637793924539,-0.6979580530383803,-0.17423454914505898,0.20987425248233393,-0.6904332382823044,0.15133073012727585,0.2267834490178273,0.21238218338184606,-0.45871041714693545,0,0
-0.3178468432125324,-0.9529444116056305,-1.2358404513882222,-1.8399069511503157,-0.15743673940142452,-0.49235066862113014,-0.41647565840041656,0.1012276307576495,0.5481554240101877,-1.3365105975694263,0,0
-1.6699963338470696,-0.6584879789859119,-0.6979580530383803,0.3620372273831985,0.7413029634335065,1.2055235038597865,-0.8896476488401606,-0.7776630970635985,-0.4591642978748364,-0.7220504712736829,0,0
-0.19492416224575634,-0.6584879789859119,-0.6979580530383803,-0.406515446045651,-0.9859763818622591,-1.3098782266961335,0.24596512821522515,-0.14988400576270725,-0.4591642978748364,-0.7220504712736829,1,0
0.6040732640382883,2.0149237384018024,1.815257296011828,3.624419181974588,0.2361061407994001,0.19355823821361082,-0.037938066048621065,-1.0287747335839552,-1.4664840197598605,0.8845654552794073,1,0
0.29676656162134807,1.038788183359499,1.1973039026198262,1.3356574105395158,0.6882750171393646,0.04599830545810637,0.5298683224790713,-0.14988400576270725,-0.794937538503178,1.472449979782543,0,0
0.9113799664552286,1.453801215863671,1.4535715403609875,0.5859648638104432,1.3568345450289658,0.9741589229411055,0.15133073012727585,0.7290067220585408,1.1189699330783676,1.1798499196417138,0,0
-0.19492416224575634,1.6185211836669289,1.5449712076763786,0.47700823176370954,0.33583684705024197,0.848900089952484,-1.7413572316317,-1.5309980066246682,-0.794937538503178,1.0216877249709941,1,0
0.5426119235549003,2.7881011992092715,2.5171156078221144,1.8426997916173808,0.09904847137754404,-0.02368383978428082,0.7191371186549691,0.47789508553818405,-0.12339105724649518,1.4391541108699664,1,0
-0.7480762265962488,0.3293187182356087,0.2741863471073553,-0.30232769940808124,0.28696906713465037,-0.2630638903892315,0.3405995263031736,-0.14988400576270725,-0.794937538503178,-0.10759034497793968,0,0
0.4196892425881242,-0.9529444116056305,-1.2358404513882222,-0.6801304636738992,-0.7359469817585865,-1.237196961873574,0.15133073012727585,0.6034509037983624,0.8839286646385285,-1.3365105975694263,0,0
-1.1783056099799651,0.2793796394260684,0.4692064109766948,-0.406515446045651,-0.6275335318484828,0.3414647377472831,1.2869435071826616,1.4823416316196099,0.8839286646385285,0.7526538318361012,0,0
1.0343026474220047,-0.24347494648174,-0.1600756546885384,-0.406515446045651,-0.054970645283884234,0.13266942393495193,-0.13257246413657037,0.8545625403187186,1.8912483865235525,-0.10759034497793926,0,0
-1.2397669504633533,-0.7951637793924539,-0.6979580530383803,-0.5161892280976657,1.9890764720061487,2.3906122680597015,0.05669633203932739,0.980118358578897,1.8912483865235525,-0.45871041714693545,0,0
1.403070690322333,-0.9529444116056305,-1.2358404513882222,4.004253463461126,1.0866989018486768,1.0957723510553563,-1.7413572316317,-1.2798863701043115,-0.4591642978748364,-1.3365105975694263,1,0
0.11238254017118392,-0.5379313791014584,-0.6979580530383803,-0.4388156394867202,-0.054970645283884234,-0.7805748332707322,0.8137715167429176,1.4823416316196099,1.555475145895211,-0.9268705133722639,0,0
-0.19492416224575634,3.0681177558493147,2.6098826768458303,0.3840831552748682,0.6138667215349201,1.1220654224747777,-1.1735508431040067,-1.2798863701043115,-1.1307107791315192,0.8674873636356335,0,0
-0.6251535456294727,-0.6584879789859119,-0.6979580530383803,0.33975550969502644,-0.8547004799979105,-0.7346023792693883,0.7191371186549691,0.1012276307576495,-0.4591642978748364,-0.7220504712736829,0,0
-0.3793081836959205,0.2268784864902951,0.4692064109766948,-0.5732700794090204,0.06973020874800331,0.2882500161063645,0.9084059148308669,1.4823416316196099,1.4883204977695428,0.9272898677306811,0,0
1.341609349838945,0.37693419087358504,0.624926924571683,-0.3747084046354713,0.06973020874800331,-0.23381110967946211,0.7191371186549691,-0.14988400576270725,-0.794937538503178,1.1213299076135472,0,0
-0.010540140795592191,0.623775150855327,0.9627338648293696,0.21671927472342667,0.45022617735022225,0.3414647377472831,-1.268185241191956,-1.0287747335839552,-0.4591642978748364,1.911350069993789,0,0
0.6655346045216763,2.5111417410159964,2.2385741196212092,0.017365312149962103,0.09904847137754404,1.5194018242394387,-0.7950132507522121,-0.9032189153237768,-0.794937538503178,1.1005007507899633,0,0
0.17384388065457196,-0.5379313791014584,-0.6979580530383803,-0.6559055308977622,-0.5278028255976409,-0.6479312607925423,-0.22720686222451883,-0.024328187502528874,0.21238218338184606,-0.9268705133722639,1,0
0.3582279021047361,-0.6584879789859119,-0.6979580530383803,-0.631959051791938,0.2361061407994001,-0.8785643257798388,1.5708467014465077,1.8590090864001445,1.21970190526687,-0.7220504712736829,0,0
0.05092119968779586,-0.6584879789859119,-0.6979580530383803,-0.8186499209732583,-0.30864856533825014,-0.20529898584398648,0.8137715167429176,0.8545625403187186,0.5481554240101877,-0.7220504712736829,0,0
0.6040732640382883,-0.7951637793924539,-0.6979580530383803,0.4203157336541049,0.35957030125795314,0.2131442751336804,0.3405995263031736,0.3523392672780057,0.21238218338184606,-0.45871041714693545,0,0
0.29676656162134807,0.11303370133807245,0.15456537814407817,1.2409447035191794,-0.43546661388610264,-0.4565962771460793,0.3405995263031736,0.47789508553818405,0.21238218338184606,0.0369885082681179,1,0
0.17384388065457196,-0.430089825697822,-0.3833170202057637,0.5592552576440231,-0.08819844570792246,0.17362552783019894,-0.511110056488365,-0.7776630970635985,-0.794937538503178,-0.35337439549623695,1,0
1.6489160522558852,-0.9529444116056305,-1.2358404513882222,-1.7565630076483654,-0.30864856533825014,-0.35567786559520237,-0.13257246413657037,0.1012276307576495,0.21238218338184606,-1.3365105975694263,0,0
1.403070690322333,0.17153808602243215,0.013083801085671514,-0.9392616472102844,-0.9859763818622591,-0.8785643257798388,0.05669633203932739,1.1056741768390752,2.227021627151894,-0.5172304291751016,0,0
-0.44076952417930854,0.11303370133807245,0.5509661994355135,-0.5732700794090204,-0.9859763818622591,-0.3883227233778525,0.7191371186549691,0.6034509037983624,0.21238218338184606,1.7719347472208051,0,0
-1.1783056099799651,-0.5379313791014584,-0.6979580530383803,-0.8982769665316215,-1.1327303544825886,-1.5611755179982263,0.5298683224790713,0.47789508553818405,0.21238218338184606,-0.9268705133722639,1,0
1.5259933712891092,0.11303370133807245,0.013083801085671514,1.090277568975278,0.4281730587617797,-0.09796364105234408,-0.7003788526642628,-0.024328187502528874,0.5481554240101877,-0.396748051470054,0,0
1.218686668872169,-0.33253527425030543,0.013083801085671514,2.2140480298236827,-1.1327303544825886,-0.04790345575070855,-0.7003788526642628,-2.0332212796653812,-1.9701438807023726,0.7861698387249598,0,0
1.1572253283887808,-0.08569431426856347,0.013083801085671514,0.47700823176370954,-0.30864856533825014,0.6167604444906343,0.7191371186549691,-0.6521072788034201,-1.4664840197598605,0.06796969110655864,0,0
-1.9158416957806217,-0.08569431426856347,0.013083801085671514,0.2637134645588525,0.471895743935375,-0.07265541336579703,0.24596512821522515,0.980118358578897,1.555475145895211,0.06796969110655864,0,0
-0.010540140795592191,-0.9529444116056305,-1.2358404513882222,-0.39585905071501215,-0.3917439287125079,-0.5292775419686389,-0.6057444545763143,-0.2754398240228856,0.21238218338184606,-1.3365105975694263,0,0
-0.44076952417930854,0.9090517185430385,1.162809322921525,-0.19343579792248425,1.876031162959443,1.7743456445886698,1.2869435071826616,1.7334532681399666,1.21970190526687,1.8188251861114184,0,0
-2.0387643767473977,-0.430089825697822,-0.6979580530383803,2.311930209188999,1.7126348305890982,0.9132701086624471,0.7191371186549691,0.7290067220585408,0.21238218338184606,-1.090726547051129,0,0
1.2801480093555568,2.4877453376988217,2.2116581173032634,1.0268212701533106,1.8335508437007693,2.2908341918150454,1.2869435071826616,-0.6521072788034201,-1.4664840197598605,1.0573976401376894,0,0
-0.8095375670796369,2.1218258258569724,1.9413720289678138,1.6167376243887017,0.2361061407994001,0.7326972289767861,0.15133073012727585,-0.9032189153237768,-1.4664840197598605,1.0908608104418576,0,0
-0.8095375670796369,-0.7951637793924539,-0.6979580530383803,0.31723290390520903,1.1752821930335795,1.5494347703678506,-0.41647565840041656,-0.2754398240228856,-0.0226590850579927,-0.45871041714693545,0,0
1.2801480093555568,-0.430089825697822,-0.3833170202057637,-0.4606307157249025,-0.3495036573638041,0.13266942393495193,-1.0789164450160582,-1.2798863701043115,-1.1307107791315192,-0.35337439549623695,0,0
-0.19492416224575634,2.433062110980016,2.2473425775342344,0.06902053879822047,0.4281730587617797,0.6697664037365227,-0.984282046928109,-1.4054421883644899,-1.4664840197598605,1.4360533869357575,0,0
-1.7929190148138456,1.659197320714824,1.6458924701397561,0.2559543466708279,2.092713039364152,1.410848341160536,0.6245027205670198,1.1056741768390752,0.8839286646385285,1.3607299568196807,0,0
-0.7480762265962488,0.2793796394260684,0.5509661994355135,0.17673108457041384,1.9762971941048117,1.2981374790657578,-0.984282046928109,-0.14988400576270725,1.0518152849526994,1.1213299076135472,0,0
0.6040732640382883,0.7919472233777568,0.8656072322681301,-0.2128156655318231,0.38286011341972964,1.2981374790657578,-1.268185241191956,-1.6565538248848461,-1.4664840197598605,0.7861698387249603,0,0
0.7884572854884525,-0.7951637793924539,-1.2358404513882222,-0.6679827864293568,-0.48077955922815263,-0.8785643257798388,0.24596512821522515,0.1012276307576495,-0.12339105724649518,-1.5120706336539242,1,0
0.23530522113796,-0.33253527425030543,0.013083801085671514,-0.8317115358261241,-0.3495036573638041,-0.49235066862113014,0.5298683224790713,1.4823416316196099,1.8912483865235525,0.7861698387249598,0,0
-1.6699963338470696,-0.6584879789859119,-0.6979580530383803,-0.08079643423836629,0.40572256537397494,0.13266942393495193,0.4352339243911229,1.1056741768390752,1.21970190526687,-0.7220504712736829,0,0
1.2801480093555568,-0.33253527425030543,0.013083801085671514,-0.7294421325513228,-1.3914424982455231,0.17362552783019894,0.6245027205670198,1.2312299950992531,1.421165849643875,0.7861698387249598,0,0
-0.5636922051460846,0.11303370133807245,0.013083801085671514,-0.30232769940808124,-0.12233670921437628,-0.3883227233778525,0.6245027205670198,0.980118358578897,0.8839286646385285,-0.396748051470054,0,0
-0.010540140795592191,0.11303370133807245,0.3778067436613035,0.5925891006943707,-1.491173204496365,-0.2630638903892315,-0.13257246413657037,-1.2798863701043115,-1.4664840197598605,0.9044616277444617,0,0
-0.5636922051460846,-0.6584879789859119,-0.6979580530383803,2.101746073338418,0.7062029332464578,1.1893193575796275,0.15133073012727585,-0.024328187502528874,-0.4591642978748364,-0.7220504712736829,1,0
-0.44076952417930854,0.11303370133807245,0.2741863471073553,2.6825687284689996,1.0054112554006507,2.585145676249522e-05,-0.41647565840041656,-0.14988400576270725,0.21238218338184606,0.4707250680062894,0,0
1.0343026474220047,1.2172472578380489,1.126709778289814,-1.736237765995138,-0.9859763818622591,-0.20529898584398648,-1.3628196392799046,-1.2798863701043115,2.6299495159059036,0.5314481863696339,0,0
1.218686668872169,-0.7951637793924539,-1.2358404513882222,1.0481888497202914,-0.8547004799979105,-0.5292775419686389,-1.0789164450160582,-0.400995642283064,0.5481554240101877,-1.5120706336539242,0,0
1.8333000737060494,1.6983185696738492,1.7351863009696682,1.0160547307139052,-0.3495036573638041,-0.7346023792693883,-0.8896476488401606,-1.6565538248848461,-1.533638667885529,1.674344021279716,0,0
1.8333000737060494,-0.08569431426856347,-0.1600756546885384,-0.20310319691612422,0.28696906713465037,-0.5292775419686389,-0.511110056488365,-0.6521072788034201,-0.794937538503178,-0.45871041714693545,0,0
0.6040732640382883,1.0864036559974755,1.377182017408948,-0.0626013775813272,-1.2991062865339855,-0.7346023792693883,0.6245027205670198,-1.2798863701043115,-1.8022572603882017,2.2943901487236027,0,0
1.8333000737060494,-0.6584879789859119,-0.6979580530383803,-0.30232769940808124,-0.48077955922815263,-0.7805748332707322,-1.9306260278075968,-1.4054421883644899,-0.4591642978748364,-0.7220504712736829,1,0
-0.3178468432125324,3.0781362509626047,2.8067222029055174,0.3840831552748682,1.2693622380218568,1.5254728294367006,1.3815779052706108,-0.5265514605432418,-1.4664840197598605,1.8155900503113356,0,0
0.05092119968779586,-0.08569431426856347,-0.1600756546885384,0.47700823176370954,3.17814593867698,2.8867854239728135,-2.6877012125111874,-2.6610003709662724,-2.1380305010165435,-0.45871041714693545,1,0
2.0176840951562136,-0.430089825697822,-0.3833170202057637,-0.9255103052381352,-0.43546661388610264,0.4249228191322918,-0.13257246413657037,-0.024328187502528874,-0.12339105724649518,-0.35337439549623695,0,0
-0.010540140795592191,0.4659945186421504,0.624926924571683,-0.7170043598186326,-0.23075015912448008,0.04599830545810637,-1.268185241191956,-0.6521072788034201,0.21238218338184606,0.8140998444656758,0,0
-0.1334628217623683,-0.5379313791014584,-0.3833170202057637,-1.0968386413051707,-1.491173204496365,-0.5674564095938143,0.9084059148308669,0.47789508553818405,2.898568108408577,-0.10759034497793968,1,0
-0.2563855027291444,0.5865511185266042,0.7545609391545215,1.8643636340894085,1.587516216730047,0.39227796134964266,1.4762123033585592,1.1056741768390752,0.21238218338184606,0.9847832128811597,0,0
1.8333000737060494,2.3279906487908195,2.256013061800431,3.040460283170778,0.723876544082164,-0.15035302829445343,-1.0789164450160582,-1.1543305518441331,-0.794937538503178,1.918467368753971,0,0
0.9113799664552286,0.5479220783190677,0.6924477764939201,-0.6801304636738992,0.06973020874800331,-0.29309683651764296,-0.984282046928109,-0.5265514605432418,0.21238218338184606,0.8377329262462808,0,0
0.6040732640382883,-0.5379313791014584,-0.6979580530383803,-0.4606307157249025,-0.5766706055132325,-0.6069751568972952,-0.511110056488365,-0.5265514605432418,-0.4591642978748364,-0.9268705133722639,0,0
0.9113799664552286,1.807438759195043,1.6267309961351974,2.892344674658937,-0.23075015912448008,-0.4565962771460793,0.3405995263031736,-0.024328187502528874,-0.4591642978748364,0.748511404018377,0,0
-1.6699963338470696,-0.6584879789859119,-0.6979580530383803,0.3620372273831985,0.7413029634335065,1.2055235038597865,-0.8896476488401606,-0.7776630970635985,-0.4591642978748364,-0.7220504712736829,0,0
-0.3178468432125324,0.8810075511463225,1.0070888093265369,0.3840831552748682,0.28696906713465037,0.2513231427588553,0.5298683224790713,-0.2754398240228856,-0.794937538503178,1.1213299076135472,0,0
0.9113799664552286,2.770299914366139,2.5171156078221144,2.9184954876228493,0.35957030125795314,-0.1774909375155152,0.4352339243911229,0.2267834490178273,-0.12339105724649518,1.5094099873792794,0,0
0.29676656162134807,-0.6584879789859119,-0.6979580530383803,-0.9255103052381352,-0.3917439287125079,-0.5292775419686389,0.9084059148308669,1.2312299950992531,1.21970190526687,-0.7220504712736829,0,0
1.0343026474220047,2.0149237384018024,1.873851177045577,2.2531584487218757,0.5945489908131765,0.8265989901856006,1.0030403129188152,0.1012276307576495,-0.6606282422518414,1.1551534008041384,0,0
0.5426119235549003,1.3148018092855656,1.4535715403609875,0.8120888486433655,0.6516262376256907,-0.15035302829445343,0.5298683224790713,0.1012276307576495,-0.4591642978748364,1.724618031613005,1,0
1.0343026474220047,1.5319726315858533,1.403489630617972,1.723193441073948,1.3355354165832578,0.35865848755049773,-0.037938066048621065,-0.024328187502528874,-0.12339105724649518,0.6875933478753753,0,0
1.7718387332226613,-0.9529444116056305,-1.2358404513882222,0.28681892222247096,-0.6275335318484828,0.8038473328064777,-1.3628196392799046,-1.4054421883644899,-1.1307107791315192,-1.3365105975694263,0,0
-0.8709989075630249,-0.6584879789859119,-0.6979580530383803,-0.20310319691612422,-1.213143330011687,-0.9309537130219476,1.0976747110067637,1.1056741768390752,0.5481554240101877,-0.7220504712736829,1,0
-1.9773030362640098,-0.7951637793924539,-0.6979580530383803,0.8120888486433655,-1.0571939748962915,-0.7805748332707322,0.9084059148308669,1.1056741768390752,0.5481554240101877,-0.45871041714693545,1,0
0.9113799664552286,2.024271274409456,1.7842131456029333,2.3998710294882812,1.5698426058943407,2.237421479889374,-0.8896476488401606,-1.2798863701043115,-1.1307107791315192,0.7191378249472428,0,0
-0.9324602480464129,0.05098148613797845,-0.1600756546885384,0.7020932933657891,0.9333698813958862,1.1974505751191022,-0.7950132507522121,-0.5265514605432418,-0.12339105724649518,-0.7220504712736829,0,0
-0.8709989075630249,-0.16154738680482278,0.013083801085671514,-0.5274809670945598,-0.3917439287125079,-0.4565962771460793,0.3405995263031736,0.3523392672780057,0.21238218338184606,0.27053896351174844,0,0
-0.5022308646626966,0.17153808602243215,0.3778067436613035,-1.0237321667811987,0.5549911073096327,0.2131442751336804,-0.7003788526642628,-0.2754398240228856,0.21238218338184606,0.7116898234163852,0,0
1.6489160522558852,0.11303370133807245,0.3778067436613035,-0.3537703314600257,-0.43546661388610264,-0.29309683651764296,-0.22720686222451883,-0.14988400576270725,-0.0226590850579927,0.9044616277444617,0,0
0.7884572854884525,-0.6584879789859119,-0.6979580530383803,-1.2512293170454216,-0.6275335318484828,-0.7346023792693883,0.5298683224790713,1.1056741768390752,1.21970190526687,-0.7220504712736829,1,0
-1.1783056099799651,1.5319726315858533,1.4535715403609875,-1.0968386413051707,-0.08819844570792246,-1.0436645751167262,-2.6877012125111874,-2.7865561892264505,-2.1380305010165435,0.9044616277444617,0,0
0.4811505830715122,-0.7951637793924539,-1.2358404513882222,-0.5502497264552632,-0.8547004799979105,-0.42194219717699644,-1.5520884354558022,-1.5309980066246682,-1.1307107791315192,-1.5120706336539242,1,0
-0.5022308646626966,-0.7951637793924539,-0.6979580530383803,-0.01779705410333955,1.099745813447283,0.13266942393495193,2.8957282746777913,2.23567654118068,0.21238218338184606,-0.45871041714693545,0,0
-1.4241509719135175,1.516808678990306,1.4535715403609875,2.6606260016842396,1.6885961041336648,1.8494513855613528,-0.22720686222451883,-0.400995642283064,-0.4591642978748364,0.9562510677131982,1,0
-0.2563855027291444,-0.24347494648174,0.013083801085671514,0.07750658207845683,-0.1935543022484093,-0.15035302829445343,0.4352339243911229,0.3523392672780057,0.11165021119334358,0.506869781317804,0,0
-0.3178468432125324,-0.5379313791014584,-0.3833170202057637,0.441756616672643,2.1991750892311406,1.8357453088360651,0.3405995263031736,-0.024328187502528874,-0.4591642978748364,-0.10759034497793968,1,0
-0.19492416224575634,-1.1395592908217125,-1.2358404513882222,-0.7927698273580172,1.6966606544421938,0.9132701086624471,1.5708467014465077,1.1056741768390752,-0.12339105724649518,-1.090726547051129,1,0
0.7884572854884525,-0.6584879789859119,-0.6979580530383803,0.47700823176370954,-0.23075015912448008,0.23239549155573805,-0.22720686222451883,-0.024328187502528874,0.21238218338184606,-0.7220504712736829,0,0
-0.7480762265962488,0.17153808602243215,0.3778067436613035,-0.39585905071501215,-0.5766706055132325,-0.8785643257798388,1.4762123033585592,1.1056741768390752,0.21238218338184606,0.7116898234163852,0,0
1.6489160522558852,-0.6584879789859119,-0.6979580530383803,-0.9810688176108983,-0.6805614781426248,-0.35567786559520237,-0.41647565840041656,-0.14988400576270725,0.21238218338184606,-0.7220504712736829,0,0
-0.8709989075630249,-0.33253527425030543,-0.3833170202057637,-0.4606307157249025,-0.5278028255976409,-1.3098782266961335,1.3815779052706108,0.8545625403187186,-0.12339105724649518,-0.5544704368293895,1,0
0.9113799664552286,1.2573915434429581,1.230330174843762,-0.7170043598186326,1.4385667040299928,1.6184054264404597,0.3405995263031736,-0.2754398240228856,-0.794937538503178,0.8377329262462808,0,0
0.9113799664552286,0.3293187182356087,0.5509661994355135,-0.44969462371064955,1.313865849998105,1.844901202657028,-2.3091636201593926,-1.9076654614052027,-1.1307107791315192,0.9457698715290489,0,0
0.23530522113796,-0.9529444116056305,-1.2358404513882222,-0.17423454914505898,0.28696906713465037,0.11161892811310273,-1.3628196392799046,-0.9032189153237768,-0.12339105724649518,-1.3365105975694263,0,0
-0.6866148861128608,1.3866592433879341,1.2620080535595652,0.4203157336541049,0.15569316527030183,1.7791893885580543,-0.7950132507522121,-0.5265514605432418,-0.12339105724649518,0.5589426733767651,0,0
1.5259933712891092,-0.16154738680482278,-0.1600756546885384,0.859171547304737,-0.9186103179317671,-1.3875758416247899,-0.3218412603124681,-0.400995642283064,-0.4591642978748364,-0.29665499922278354,0,0
-0.010540140795592191,0.8521733041434172,0.8656072322681301,-0.4716245182543948,0.5749270313821098,0.6697664037365227,-0.7950132507522121,-0.2754398240228856,0.21238218338184606,0.5946497993600527,1,0
0.7269959450050645,-0.9529444116056305,-1.2358404513882222,-0.2521247703054,0.3116425203856972,0.23239549155573805,-0.511110056488365,-0.5265514605432418,-0.4591642978748364,-1.3365105975694263,0,0
-0.6866148861128608,-0.6584879789859119,-0.6979580530383803,-0.4388156394867202,-1.213143330011687,-1.5611755179982263,2.0440186918862517,1.9845649046603233,0.8839286646385285,-0.7220504712736829,1,0
0.23530522113796,0.9629351108232396,1.126709778289814,-0.4716245182543948,0.6138667215349201,1.4947851340242813,0.4352339243911229,-0.14988400576270725,-0.794937538503178,1.404926888980814,0,0
-1.055382929013189,-0.6584879789859119,-0.6979580530383803,0.5525240054399343,0.40572256537397494,-0.8285041404782032,0.3405995263031736,1.2312299950992531,1.9248257105863869,-0.7220504712736829,1,0
1.7718387332226613,-0.430089825697822,-0.3833170202057637,-0.631959051791938,-0.3495036573638041,-0.4565962771460793,-0.037938066048621065,0.3523392672780057,0.5481554240101877,-0.35337439549623695,0,0
1.6489160522558852,0.9629351108232396,1.0888485977853553,-0.406515446045651,-0.48077955922815263,0.23239549155573805,0.8137715167429176,-0.9032189153237768,-1.8022572603882017,1.2158622347359698,0,0
1.8333000737060494,1.9863577519374516,1.7998904519094072,1.7986843358623879,-0.08819844570792246,-0.5674564095938143,-1.268185241191956,-1.6565538248848461,-1.4664840197598605,0.9126453364187666,0,0
1.2801480093555568,2.445468906267721,2.124809784258778,0.5925891006943707,2.2045341025371177,2.3418279056392466,0.4352339243911229,-1.4054421883644899,-1.8022572603882017,0.810398277439797,0,0
-0.6866148861128608,0.9090517185430385,1.126709778289814,1.513068439233524,1.324747741637819,0.720389251421469,0.05669633203932739,-0.400995642283064,-0.794937538503178,1.619540820826312,0,0
2.75522018095687,-0.33253527425030543,-0.3833170202057637,-0.20310319691612422,0.18307819450525803,1.1561943596333326,0.4352339243911229,-0.14988400576270725,-0.794937538503178,-0.5544704368293895,0,0
-1.6699963338470696,0.17153808602243215,0.2741863471073553,-0.5965476483325806,-0.15743673940142452,-0.3239527046678899,0.3405995263031736,0.6034509037983624,0.5481554240101877,0.30204973921922235,0,0
0.23530522113796,-0.6584879789859119,-0.6979580530383803,-0.3747084046354713,-0.6805614781426248,-0.9858996705714811,0.5298683224790713,1.4823416316196099,1.8912483865235525,-0.7220504712736829,1,0
0.3582279021047361,0.37693419087358504,0.5509661994355135,1.9694272776264747,-1.0571939748962915,-0.6069751568972952,0.8137715167429176,-0.6521072788034201,-1.2985973994456896,0.7861698387249598,0,0
-0.010540140795592191,-0.33253527425030543,-0.1600756546885384,-1.9715288675298634,1.033100587646728,1.5375175296707084,0.7191371186549691,0.8545625403187186,0.5817327480730218,0.1158497009477854,0,0
-2.2846097386809503,-0.5379313791014584,-0.6979580530383803,1.0954793712901862,-0.5766706055132325,0.2131442751336804,1.0030403129188152,0.3523392672780057,-0.4591642978748364,-0.9268705133722639,1,0
0.4196892425881242,-0.9529444116056305,-1.2358404513882222,-0.4172266302819929,-1.7183401526457935,-1.5611755179982263,0.4352339243911229,0.2267834490178273,-0.12339105724649518,-1.3365105975694263,1,1
-0.010540140795592191,-0.16154738680482278,0.15456537814407817,-0.7419546070695145,0.26179712671038347,-0.15035302829445343,-0.7950132507522121,-0.7776630970635985,-0.4591642978748364,0.8377329262462808,0,1
-0.19492416224575634,-0.430089825697822,-0.3833170202057637,-0.8982769665316215,-0.054970645283884234,-0.9309537130219476,0.3405995263031736,0.980118358578897,1.21970190526687,-0.35337439549623695,0,1
-2.346071079164338,-1.1395592908217125,-1.2358404513882222,0.8239596542355945,-0.43546661388610264,0.0682994052249898,1.3815779052706108,1.3567858133594322,0.5481554240101877,-1.090726547051129,0,1
0.4811505830715122,-0.5379313791014584,-0.6979580530383803,-0.2521247703054,-0.15743673940142452,-0.4565962771460793,1.4762123033585592,0.980118358578897,-0.12339105724649518,-0.9268705133722639,1,1
0.29676656162134807,-0.33253527425030543,-0.3833170202057637,-0.631959051791938,-0.8547004799979105,-1.0436645751167262,0.6245027205670198,1.7334532681399666,2.562794867780235,-0.5544704368293895,0,1
-0.3178468432125324,-0.7951637793924539,-0.6979580530383803,-0.6200882461997091,-0.43546661388610264,-0.12385371775042418,-1.0789164450160582,-0.9032189153237768,-0.4591642978748364,-0.45871041714693545,0,1
0.9113799664552286,-1.1395592908217125,-1.2358404513882222,1.5551571584885104,-0.8547004799979105,-0.3883227233778525,-0.511110056488365,-1.9076654614052027,-1.9029892325767042,-1.090726547051129,0,1
0.9113799664552286,-0.9529444116056305,-1.2358404513882222,-0.5049583613047443,-0.8547004799979105,-0.9309537130219476,-0.22720686222451883,0.2267834490178273,0.5481554240101877,-1.3365105975694263,0,1
-1.2397669504633533,-0.9529444116056305,-1.2358404513882222,-0.5388342417575943,1.033100587646728,0.11161892811310273,-0.8896476488401606,-1.0287747335839552,-0.794937538503178,-1.3365105975694263,0,1
-0.19492416224575634,-0.6584879789859119,-0.6979580530383803,-0.844855558888679,-0.48077955922815263,-0.8285041404782032,0.24596512821522515,-0.024328187502528874,-0.4591642978748364,-0.7220504712736829,0,1
-0.5636922051460846,-0.6584879789859119,-0.6979580530383803,-0.5502497264552632,-0.30864856533825014,-0.3883227233778525,-0.037938066048621065,0.8545625403187186,1.555475145895211,-0.7220504712736829,0,1
0.17384388065457196,-0.7951637793924539,-0.6979580530383803,-0.7545426861220094,-0.2690906818347058,-0.5292775419686389,1.4762123033585592,1.1056741768390752,0.21238218338184606,-0.45871041714693545,0,1
-0.44076952417930854,0.5479220783190677,0.6924477764939201,1.1417202010272223,0.4931948723810841,0.19355823821361082,-0.7950132507522121,-0.14988400576270725,-0.4591642978748364,0.8377329262462808,1,1
0.17384388065457196,-0.7951637793924539,-0.6979580530383803,-0.2720610061233507,-1.213143330011687,-0.5292775419686389,-1.7413572316317,-1.2798863701043115,-0.4591642978748364,-0.45871041714693545,0,1
-0.6251535456294727,0.2793796394260684,0.624926924571683,-0.09915180182963408,-0.23075015912448008,1.16456739996454,-0.41647565840041656,-0.5265514605432418,-0.4591642978748364,1.4900059833909935,0,1
1.218686668872169,-0.33253527425030543,-0.3833170202057637,0.17673108457041384,0.2361061407994001,-0.20529898584398648,0.5298683224790713,0.980118358578897,0.8839286646385285,-0.5544704368293895,0,1
-0.07200148127898025,-0.5379313791014584,-0.6979580530383803,-0.5502497264552632,-0.3917439287125079,0.60310974721198,0.6245027205670198,0.7290067220585408,0.21238218338184606,-0.9268705133722639,0,1
1.1572253283887808,-0.5379313791014584,-0.3833170202057637,0.5592552576440231,0.5347310076992674,0.2131442751336804,0.5298683224790713,0.3523392672780057,-0.12339105724649518,-0.10759034497793968,0,1
-0.9939215885298011,-0.6584879789859119,-0.6979580530383803,-0.8713950355588835,-1.491173204496365,-1.3098782266961335,0.3405995263031736,0.7290067220585408,0.5481554240101877,-0.7220504712736829,0,1
-1.055382929013189,-0.430089825697822,-0.3833170202057637,-2.017317979844324,-0.9859763818622591,0.9132701086624471,0.3405995263031736,-0.024328187502528874,-0.4591642978748364,-0.35337439549623695,1,1
-1.1168442694965772,-0.7951637793924539,-0.6979580530383803,0.05194404364175357,-0.793909463899879,-0.8285041404782032,-1.0789164450160582,-1.0287747335839552,-0.794937538503178,-0.45871041714693545,0,1
-0.44076952417930854,0.5865511185266042,0.8120687454571972,-1.6961726707407034,-0.5766706055132325,-0.9309537130219476,1.0030403129188152,1.3567858133594322,0.8839286646385285,1.2578766023459345,0,1
-2.5304551006145024,-0.5379313791014584,-0.6979580530383803,0.800150015140643,-0.3495036573638041,-0.3883227233778525,1.4762123033585592,1.1056741768390752,0.21238218338184606,-0.9268705133722639,0,1
-0.44076952417930854,-0.430089825697822,-0.3833170202057637,-0.19343579792248425,-0.793909463899879,-0.7805748332707322,0.8137715167429176,1.6078974498797889,1.8912483865235525,-0.35337439549623695,0,1
-0.7480762265962488,-0.6584879789859119,-0.6979580530383803,-0.3747084046354713,-0.5278028255976409,-0.8285041404782032,1.4762123033585592,1.1056741768390752,0.21238218338184606,-0.7220504712736829,0,1
-0.9324602480464129,-0.7951637793924539,-0.6979580530383803,-0.4172266302819929,-0.2690906818347058,-0.3239527046678899,1.0030403129188152,0.6034509037983624,-0.056236409120826863,-0.45871041714693545,1,1
-0.1334628217623683,-0.6584879789859119,-0.6979580530383803,-0.4388156394867202,-0.3917439287125079,-0.9858996705714811,-0.41647565840041656,-0.2754398240228856,-0.12339105724649518,-0.7220504712736829,0,1
0.23530522113796,-0.16154738680482278,-0.1600756546885384,-0.29218986555983456,-0.3495036573638041,-0.7346023792693883,-0.41647565840041656,-0.024328187502528874,0.41384612775885105,-0.29665499922278354,0,1
1.2801480093555568,-0.7951637793924539,-0.6979580530383803,-0.7927698273580172,-0.6275335318484828,-0.9858996705714811,-0.037938066048621065,0.1012276307576495,0.21238218338184606,-0.45871041714693545,1,1
0.6040732640382883,-0.6584879789859119,-0.6979580530383803,-0.10839048989578784,-1.2991062865339855,-0.8285041404782032,-0.3218412603124681,0.2267834490178273,0.8839286646385285,-0.7220504712736829,1,1
0.6655346045216763,-0.33253527425030543,0.013083801085671514,-0.5732700794090204,-0.3495036573638041,-0.15035302829445343,0.4352339243911229,0.8545625403187186,0.8839286646385285,0.7861698387249598,0,1
1.218686668872169,-0.430089825697822,-0.3833170202057637,-0.33304060077635445,-0.5278028255976409,-1.4710339230097986,-1.0789164450160582,-0.6521072788034201,-0.12339105724649518,-0.35337439549623695,1,1
1.218686668872169,0.2268784864902951,0.3778067436613035,-0.6923493886995999,-0.12233670921437628,-0.12385371775042418,-2.49843241633529,-2.1587770979255594,-1.1978654272571876,0.5392097879649485,0,1
-0.5022308646626966,-0.6584879789859119,-0.6979580530383803,-0.406515446045651,0.5141360152840782,-0.20529898584398648,1.6654810995344562,2.3612323594408577,1.8912483865235525,-0.7220504712736829,0,1
-0.6251535456294727,-0.6584879789859119,-0.6979580530383803,-0.3747084046354713,-0.12233670921437628,-0.4565962771460793,0.5298683224790713,1.1056741768390752,1.21970190526687,-0.7220504712736829,0,1
0.6040732640382883,-0.33253527425030543,-0.3833170202057637,-0.20310319691612422,-0.793909463899879,-1.3098782266961335,-0.22720686222451883,-0.2754398240228856,-0.4591642978748364,-0.5544704368293895,0,1
-0.5636922051460846,-0.24347494648174,-0.1600756546885384,0.859171547304737,1.7362185379457376,0.7079452713616976,1.7601154976224063,1.6078974498797889,0.5481554240101877,-0.10759034497793926,1,1
-2.0387643767473977,-0.6584879789859119,-0.6979580530383803,0.5047862532250191,0.20987425248233393,0.37559367490583784,0.24596512821522515,0.47789508553818405,0.5481554240101877,-0.7220504712736829,0,1
-1.1168442694965772,-0.430089825697822,-0.3833170202057637,-0.5732700794090204,0.4281730587617797,0.9441259768126935,0.3405995263031736,0.980118358578897,3.0664547287227477,-0.35337439549623695,0,1
0.4196892425881242,-0.9529444116056305,-1.2358404513882222,-0.5965476483325806,-0.5278028255976409,-0.6479312607925423,0.05669633203932739,0.6034509037983624,0.8839286646385285,-1.3365105975694263,0,1
-1.3626896314301293,-0.33253527425030543,0.013083801085671514,-0.44969462371064955,-0.08819844570792246,-0.1774909375155152,1.192309109094713,1.4823416316196099,0.8839286646385285,0.7861698387249598,0,1
-0.9939215885298011,-0.7951637793924539,-1.2358404513882222,-0.7927698273580172,0.33583684705024197,-0.1774909375155152,-1.1735508431040067,-0.7776630970635985,-0.12339105724649518,-1.5120706336539242,1,1
-1.9773030362640098,-0.9529444116056305,-1.2358404513882222,0.6253979794620452,-0.43546661388610264,0.17362552783019894,0.7191371186549691,0.6034509037983624,0.21238218338184606,-1.3365105975694263,0,1
-1.6699963338470696,-0.16154738680482278,0.2741863471073553,0.5991923415466245,-1.7183401526457935,-0.9309537130219476,-0.41647565840041656,-1.2798863701043115,-1.4664840197598605,1.4049268889808133,0,1
2.386452138056542,-0.7951637793924539,-0.6979580530383803,-0.4826766436165722,-1.3914424982455231,-0.9309537130219476,-0.41647565840041656,0.1012276307576495,0.5481554240101877,-0.45871041714693545,1,1
-1.2397669504633533,-0.7951637793924539,-1.2358404513882222,-1.0968386413051707,-0.2690906818347058,-0.7346023792693883,1.0976747110067637,1.4823416316196099,1.21970190526687,-1.5120706336539242,1,1
-0.3793081836959205,0.05098148613797845,0.3778067436613035,-0.0626013775813272,0.9913323635371786,0.4875038482098512,1.4762123033585592,1.1056741768390752,0.21238218338184606,1.1213299076135472,0,1
-2.407532419647726,-0.9529444116056305,-1.2358404513882222,0.41311945449613113,-0.054970645283884234,-0.5292775419686389,-1.5520884354558022,-1.4054421883644899,-0.794937538503178,-1.3365105975694263,0,1
-0.44076952417930854,-0.9529444116056305,-1.2358404513882222,-0.7545426861220094,-0.7359469817585865,-0.3883227233778525,-0.511110056488365,-0.2754398240228856,-0.12339105724649518,-1.3365105975694263,1,1
1.5259933712891092,-0.7951637793924539,-0.6979580530383803,-0.0001416878889102189,-0.9859763818622591,-0.6069751568972952,-0.6057444545763143,-0.7776630970635985,-0.6270509181890073,-0.45871041714693545,1,1
-0.19492416224575634,-0.7951637793924539,-0.6979580530383803,-0.38525688663854984,0.5945489908131765,-0.42194219717699644,-0.6057444545763143,-0.9032189153237768,-0.794937538503178,-0.45871041714693545,0,1
-1.7314576743304577,-0.7951637793924539,-0.6979580530383803,-1.0237321667811987,-0.9859763818622591,-0.3239527046678899,0.7191371186549691,0.980118358578897,0.8167740165128602,-0.45871041714693545,1,1
0.9113799664552286,0.37693419087358504,0.5509661994355135,0.27914554063864444,0.15569316527030183,0.09016744644519024,-0.3218412603124681,-0.2754398240228856,-0.12339105724649518,0.7861698387249598,0,1
-1.7929190148138456,-0.7951637793924539,-0.6979580530383803,1.1819788594839502,-0.43546661388610264,-0.35567786559520237,0.7191371186549691,1.2312299950992531,1.21970190526687,-0.45871041714693545,0,1
0.29676656162134807,-0.7951637793924539,-0.6979580530383803,-0.29218986555983456,-0.9859763818622591,-1.1689234081053468,1.8547498957103548,1.3567858133594322,0.21238218338184606,-0.45871041714693545,0,1
0.9728413069386166,-0.6584879789859119,-0.6979580530383803,-0.4388156394867202,-0.43546661388610264,-0.35567786559520237,0.4352339243911229,0.3523392672780057,-0.12339105724649518,-0.7220504712736829,0,1
-0.010540140795592191,-0.9529444116056305,-1.2358404513882222,0.2714437915907484,-0.6805614781426248,-0.15035302829445343,-1.268185241191956,-1.4054421883644899,-1.4664840197598605,-1.3365105975694263,1,1
1.1572253283887808,-0.33253527425030543,0.013083801085671514,-1.0237321667811987,-0.8547004799979105,-0.7805748332707322,-0.8896476488401606,0.1012276307576495,1.5218978218323769,0.7861698387249598,0,1
-0.2563855027291444,-0.5379313791014584,-0.6979580530383803,-0.343379682764705,-0.30864856533825014,-0.7805748332707322,1.0976747110067637,0.8545625403187186,0.21238218338184606,-0.9268705133722639,1,1
1.218686668872169,-0.7951637793924539,-0.6979580530383803,-0.3642130638250128,-0.9186103179317671,-0.8785643257798388,-0.13257246413657037,0.6034509037983624,1.21970190526687,-0.45871041714693545,0,1
2.4479134785399297,-0.430089825697822,-0.3833170202057637,-0.2720610061233507,-1.0571939748962915,-1.3098782266961335,0.5298683224790713,0.6034509037983624,0.21238218338184606,-0.35337439549623695,1,1
0.23530522113796,-0.6584879789859119,-0.6979580530383803,-0.844855558888679,-0.9186103179317671,-1.3098782266961335,0.15133073012727585,0.6034509037983624,0.8839286646385285,-0.7220504712736829,1,1
1.218686668872169,-0.7951637793924539,-0.6979580530383803,0.23250208312264142,-0.3495036573638041,-0.6069751568972952,-1.1735508431040067,-1.6565538248848461,-1.3993293716341921,-0.45871041714693545,0,1
0.6655346045216763,-0.430089825697822,-0.3833170202057637,-0.406515446045651,-0.7359469817585865,-0.6069751568972952,-0.6057444545763143,-0.6521072788034201,-0.4591642978748364,-0.35337439549623695,0,1
0.6040732640382883,-0.5379313791014584,-0.6979580530383803,-1.4886117562944312,-0.12233670921437628,-1.237196961873574,-0.22720686222451883,0.1012276307576495,0.21238218338184606,-0.9268705133722639,0,1
0.29676656162134807,-0.430089825697822,-0.3833170202057637,-0.44969462371064955,-0.7359469817585865,-0.49235066862113014,1.2869435071826616,1.1056741768390752,0.21238218338184606,-0.35337439549623695,1,1
0.11238254017118392,-0.6584879789859119,-0.6979580530383803,-0.008950668221710586,-1.7183401526457935,-1.4710339230097986,0.24596512821522515,-0.2754398240228856,-0.5934735941261731,-0.7220504712736829,1,1
-1.9158416957806217,-0.5379313791014584,-0.3833170202057637,0.5592552576440231,-0.793909463899879,-1.237196961873574,1.5708467014465077,1.3567858133594322,0.21238218338184606,-0.10759034497793968,0,1
-1.7314576743304577,-1.1395592908217125,-1.2358404513882222,-0.29218986555983456,-0.43546661388610264,-0.9309537130219476,0.6245027205670198,1.7334532681399666,2.562794867780235,-1.090726547051129,1,1
-0.5636922051460846,-0.7951637793924539,-0.6979580530383803,-0.9255103052381352,-0.793909463899879,-0.7346023792693883,-0.511110056488365,-0.024328187502528874,0.5481554240101877,-0.45871041714693545,1,1
1.0343026474220047,-0.7951637793924539,-0.6979580530383803,-0.6559055308977622,0.18307819450525803,-0.02368383978428082,0.8137715167429176,1.2312299950992531,0.8839286646385285,-0.45871041714693545,0,1
0.29676656162134807,-0.7951637793924539,-0.6979580530383803,-0.4388156394867202,-0.9859763818622591,-1.3098782266961335,0.9084059148308669,1.3567858133594322,1.21970190526687,-0.45871041714693545,0,1
0.17384388065457196,-0.6584879789859119,-0.6979580530383803,-0.17423454914505898,-0.2690906818347058,-0.6069751568972952,-1.1735508431040067,-0.7776630970635985,-0.12339105724649518,-0.7220504712736829,1,1
-1.5470736528802935,-0.9529444116056305,-0.6979580530383803,-0.33304060077635445,-1.491173204496365,-1.4710339230097986,-0.3218412603124681,-0.14988400576270725,-0.12339105724649518,-0.10759034497793926,1,1
-1.4241509719135175,-0.33253527425030543,-0.3833170202057637,-1.1268149965300944,-1.2991062865339855,-0.9309537130219476,0.5298683224790713,0.8545625403187186,0.5481554240101877,-0.5544704368293895,1,1
-0.010540140795592191,-0.7951637793924539,-0.6979580530383803,-0.5732700794090204,-0.9859763818622591,0.2131442751336804,0.24596512821522515,0.7290067220585408,0.8839286646385285,-0.45871041714693545,0,1
-0.9939215885298011,-0.24347494648174,-0.1600756546885384,-0.8186499209732583,-0.8547004799979105,-0.8785643257798388,-0.22720686222451883,-0.14988400576270725,-0.12339105724649518,-0.10759034497793926,0,1
-1.1168442694965772,-0.24347494648174,-0.1600756546885384,-0.5848763531305666,0.5749270313821098,-0.23381110967946211,-0.3218412603124681,0.2267834490178273,0.5481554240101877,-0.10759034497793926,0,1
-1.055382929013189,-0.9529444116056305,-1.2358404513882222,-1.1419664869120418,-0.7359469817585865,-1.237196961873574,-1.4574540373678528,-1.5309980066246682,-1.1307107791315192,-1.3365105975694263,1,1
0.7884572854884525,0.11303370133807245,0.3778067436613035,-0.4826766436165722,0.5141360152840782,0.6302476564330413,-0.511110056488365,0.47789508553818405,1.555475145895211,0.9044616277444617,0,1
-1.2397669504633533,-0.5379313791014584,-0.3833170202057637,-0.8317115358261241,-0.6275335318484828,-0.7346023792693883,0.4352339243911229,1.6078974498797889,2.562794867780235,-0.10759034497793968,1,1
1.2801480093555568,-0.9529444116056305,-0.6979580530383803,-1.7978182318953293,-1.0571939748962915,1.268104532937346,-1.3628196392799046,0.2267834490178273,3.2343413490369177,-0.10759034497793926,0,1
-0.8095375670796369,-0.7951637793924539,-0.6979580530383803,-0.4716245182543948,-0.7359469817585865,-0.12385371775042418,0.9084059148308669,-0.024328187502528874,-0.794937538503178,-0.45871041714693545,0,1
-1.4856123123969054,-0.430089825697822,-0.3833170202057637,-1.0672874969695194,-0.48077955922815263,-0.9309537130219476,-0.037938066048621065,0.47789508553818405,0.8839286646385285,-0.35337439549623695,0,1
-1.4241509719135175,0.5865511185266042,0.5509661994355135,-0.8186499209732583,0.9033450870361333,1.0957723510553563,-0.8896476488401606,-0.024328187502528874,0.8839286646385285,0.16550304448683514,0,1
1.218686668872169,-0.08569431426856347,0.15456537814407817,0.19281858338988192,-0.43546661388610264,-0.7805748332707322,-1.1735508431040067,-1.1543305518441331,-0.794937538503178,0.5946497993600531,0,1
-0.44076952417930854,-0.6584879789859119,-0.6979580530383803,0.08595819912500507,0.40572256537397494,0.7326972289767861,0.9084059148308669,1.4823416316196099,1.4883204977695428,-0.7220504712736829,0,1
-0.44076952417930854,-0.7951637793924539,-1.2358404513882222,-0.9255103052381352,1.0193328379181847,-0.9309537130219476,0.6245027205670198,1.3567858133594322,1.555475145895211,-1.5120706336539242,1,1
-1.6699963338470696,-0.6584879789859119,-0.6979580530383803,-0.3642130638250128,-0.1935543022484093,-0.49235066862113014,0.05669633203932739,0.47789508553818405,0.7496193683871919,-0.7220504712736829,1,1
0.9113799664552286,0.17153808602243215,0.013083801085671514,-0.343379682764705,0.15569316527030183,-0.7346023792693883,-2.403798018247341,-1.7821096431450245,-0.794937538503178,-0.5172304291751016,0,1
-0.6251535456294727,0.17153808602243215,0.15456537814407817,0.3096709328267562,0.2361061407994001,1.4759629342690401,0.05669633203932739,0.1012276307576495,-0.12339105724649518,-0.10759034497793968,0,1
-1.1168442694965772,-0.9529444116056305,-0.6979580530383803,-0.8056696874264723,-0.48077955922815263,-0.6069751568972952,-2.5930668144232385,-1.9076654614052027,-0.5934735941261731,-0.10759034497793926,0,1
-1.4241509719135175,-0.5379313791014584,-0.3833170202057637,-0.5848763531305666,-0.9859763818622591,-0.9309537130219476,0.24596512821522515,0.7290067220585408,0.8839286646385285,-0.10759034497793968,0,1
-0.1334628217623683,-0.16154738680482278,0.15456537814407817,-0.8847926427912804,-1.213143330011687,-0.9858996705714811,1.4762123033585592,1.1056741768390752,0.21238218338184606,0.8377329262462808,0,1
-0.010540140795592191,-0.7951637793924539,-0.6979580530383803,-0.9118491366485948,0.03970541438824987,-0.15035302829445343,-1.8359916297196484,-1.1543305518441331,-0.12339105724649518,-0.45871041714693545,1,1
-0.5636922051460846,-0.6584879789859119,-0.6979580530383803,-0.844855558888679,-0.3917439287125079,-0.23381110967946211,-0.41647565840041656,-1.1543305518441331,-1.4664840197598605,-0.7220504712736829,0,1
-0.9324602480464129,-0.6584879789859119,-0.6979580530383803,-0.844855558888679,-0.5766706055132325,-0.8785643257798388,1.3815779052706108,1.7334532681399666,1.21970190526687,-0.7220504712736829,1,1
-1.6085349933636814,-0.08569431426856347,0.3778067436613035,-0.5965476483325806,-1.3914424982455231,-0.6904332382823044,1.4762123033585592,1.8590090864001445,1.21970190526687,1.648010015867042,0,1
0.23530522113796,0.2793796394260684,0.15456537814407817,-0.2620690409513533,0.2361061407994001,-0.4565962771460793,-0.7003788526642628,-0.14988400576270725,0.5481554240101877,-0.35337439549623695,0,1
-1.4241509719135175,-0.6584879789859119,-0.6979580530383803,0.490943539539745,0.45022617735022225,-0.20529898584398648,1.3815779052706108,0.8545625403187186,-0.12339105724649518,-0.7220504712736829,0,1
-0.8095375670796369,-0.7951637793924539,-0.6979580530383803,-0.7545426861220094,-0.30864856533825014,-0.5674564095938143,-0.3218412603124681,-0.14988400576270725,0.07807288713050942,-0.45871041714693545,0,1
1.6489160522558852,-0.7951637793924539,-0.6979580530383803,-0.5161892280976657,-1.1327303544825886,-0.8785643257798388,0.8137715167429176,0.7290067220585408,0.21238218338184606,-0.45871041714693545,0,1
-1.055382929013189,-0.9529444116056305,-0.6979580530383803,-0.8317115358261241,-1.213143330011687,-1.237196961873574,0.5298683224790713,0.47789508553818405,0.21238218338184606,-0.10759034497793926,0,1
1.0343026474220047,-0.7951637793924539,-0.6979580530383803,-0.7927698273580172,-1.491173204496365,-1.1689234081053468,1.6654810995344562,0.1012276307576495,-1.1307107791315192,-0.45871041714693545,0,1
0.23530522113796,-0.9529444116056305,-1.2358404513882222,-0.5161892280976657,-1.0571939748962915,-0.6904332382823044,0.15133073012727585,-0.2754398240228856,-0.794937538503178,-1.3365105975694263,1,1
-1.3012282909467412,-0.5379313791014584,-0.6979580530383803,-0.406515446045651,0.00893919264997227,-0.35567786559520237,0.9084059148308669,1.2312299950992531,0.8839286646385285,-0.9268705133722639,1,1
-0.5636922051460846,-0.6584879789859119,-0.6979580530383803,-0.844855558888679,-0.3917439287125079,-0.23381110967946211,-0.41647565840041656,-1.1543305518441331,-1.4664840197598605,-0.7220504712736829,0,1
1.5259933712891092,-0.08569431426856347,0.15456537814407817,-1.009413754784744,-1.491173204496365,-0.7805748332707322,-0.22720686222451883,0.8545625403187186,2.159866979026226,0.5946497993600531,0,1
-0.44076952417930854,0.5479220783190677,0.6924477764939201,1.1417202010272223,0.4931948723810841,0.19355823821361082,-0.7950132507522121,-0.14988400576270725,-0.4591642978748364,0.8377329262462808,1,1
-0.010540140795592191,-0.6584879789859119,-0.6979580530383803,-1.0968386413051707,-0.6275335318484828,-0.9858996705714811,-0.13257246413657037,0.1012276307576495,0.21238218338184606,-0.7220504712736829,0,1
0.9728413069386166,-0.01507679319364995,0.15456537814407817,-0.39585905071501215,0.5347310076992674,0.6435752526517355,0.24596512821522515,0.8545625403187186,1.21970190526687,0.3839777560586549,0,1
-0.7480762265962488,0.05098148613797845,0.013083801085671514,-0.7545426861220094,-1.213143330011687,-0.8285041404782032,0.8137715167429176,0.47789508553818405,-0.056236409120826863,-0.26120537655187537,0,1
1.0343026474220047,-0.9529444116056305,-1.2358404513882222,-0.8186499209732583,0.06973020874800331,0.933934334977243,-1.4574540373678528,-0.6521072788034201,0.5481554240101877,-1.3365105975694263,0,1
1.218686668872169,-0.6584879789859119,-0.6979580530383803,-0.343379682764705,-0.9859763818622591,-0.8785643257798388,-0.984282046928109,-0.2754398240228856,0.5481554240101877,-0.7220504712736829,0,1
-1.4856123123969054,-0.6584879789859119,-0.6979580530383803,-0.5388342417575943,-0.23075015912448008,0.19355823821361082,0.3405995263031736,0.47789508553818405,0.21238218338184606,-0.7220504712736829,0,1
0.7269959450050645,-0.430089825697822,-0.3833170202057637,-0.4937877139260489,-0.9186103179317671,-0.8285041404782032,-1.1735508431040067,-0.2754398240228856,0.8839286646385285,-0.35337439549623695,0,1
-1.1783056099799651,0.2268784864902951,0.3778067436613035,-0.5732700794090204,-0.7359469817585865,-1.0436645751167262,1.6654810995344562,1.2312299950992531,0.21238218338184606,0.5392097879649485,0,1
0.9113799664552286,-0.08569431426856347,0.2741863471073553,-0.8317115358261241,-1.7183401526457935,-1.5611755179982263,-1.4574540373678528,-0.7776630970635985,0.21238218338184606,1.1213299076135472,1,1
1.218686668872169,-0.6584879789859119,-1.2358404513882222,-1.009413754784744,-1.0571939748962915,-0.5674564095938143,-0.511110056488365,0.1012276307576495,0.8167740165128602,-1.643740660717298,0,1
-1.4856123123969054,-0.7951637793924539,-0.6979580530383803,-0.2422277410282787,-1.2991062865339855,-0.8285041404782032,0.8137715167429176,1.2312299950992531,0.8839286646385285,-0.45871041714693545,0,1
-0.44076952417930854,-0.6584879789859119,-0.6979580530383803,-1.0237321667811987,-0.9186103179317671,-0.8285041404782032,-0.3218412603124681,-0.024328187502528874,0.31311415557034855,-0.7220504712736829,1,1
1.0957639879053926,-0.5379313791014584,-0.6979580530383803,-0.4172266302819929,0.33583684705024197,-0.07265541336579703,-0.41647565840041656,0.980118358578897,3.0664547287227477,-0.9268705133722639,0,1
0.9113799664552286,-0.7951637793924539,-0.6979580530383803,-0.6801304636738992,-0.30864856533825014,-0.6904332382823044,0.5298683224790713,0.47789508553818405,0.21238218338184606,-0.45871041714693545,0,1
-0.6251535456294727,-0.5379313791014584,-0.6979580530383803,-0.4606307157249025,-0.5766706055132325,-0.9858996705714811,-0.037938066048621065,0.6034509037983624,0.8839286646385285,-0.9268705133722639,0,1
-0.010540140795592191,-0.7951637793924539,-0.6979580530383803,-0.7672072889213138,-0.793909463899879,0.11161892811310273,-1.8359916297196484,-2.1587770979255594,-1.6343706400740312,-0.45871041714693545,1,1
-0.6631863714102758,-0.4730996731063818,-0.5088035546954104,-1.4322153016583274,-0.7489819550523507,0.7895705754385635,0.4538270594636797,0.27612018777718256,-0.1913351469120385,-0.582098664952259,0,1
-0.5913065162035891,-0.6584879789859119,-0.6979580530383803,-0.29014469911277235,-0.025401857349061696,-0.23827989603475386,0.5993557592231349,1.1748183159323604,1.2690117171110313,-0.7220504712736829,0,1
-2.234525268763202,-1.0701102570085637,-1.1273738435759748,0.896155972323082,-0.43546661388610264,-0.017197678331647204,1.2479934912404977,1.3314668705207133,0.6835760457550685,-0.9632774133675512,0,1
-1.0334745489182637,-0.7745643384356706,-0.6979580530383803,-0.08321938988080657,-0.733296062168896,-0.7388734674628594,-0.9790749966348216,-1.0476981981426992,-0.8961513748168115,-0.4984003833326421,0,1
0.17384388065457196,-0.7257053048157907,-0.6979580530383803,-0.22234572035410433,-0.7333769290293091,-0.5687633748310534,-1.4527987195563612,-1.0246571170943013,-0.2885247477252464,-0.5925395105209832,0,1
-0.032036470899003355,-0.5379313791014584,-0.6979580530383803,-0.31562110707716523,-0.2626518644265014,-0.6820247056232313,1.2128209987483938,0.8927550122663563,0.1102442637603811,-0.9268705133722639,0,1
1.0430081051458227,-0.7587290747746016,-0.6979580530383803,-0.6220987661487972,0.20471511262677525,-0.030620231996519635,0.6395178364810707,1.1956622427773271,1.1930642648806253,-0.5250211727148149,0,1
-0.2003630691048432,-0.5490889319618477,-0.4858770667994737,-0.27341954243737454,-0.8565153862043966,-0.9531059879113185,0.8446184415381048,1.5260453757561598,1.6723518307009462,-0.3877096097918207,0,1
-1.4376872819263617,-0.5945845124093476,-0.45261389088392523,-0.5094110638542775,-1.0549404400912603,-0.9083901118422707,0.3710194020389749,0.8396169018248256,0.8839286646385285,-0.1849213974937302,0,1
-0.1634657211220717,-0.6979668478377498,-0.8533256352950924,-0.3528987534604527,-0.0943570822751742,-0.48291843931837514,-1.1735508431040067,-0.7776630970635985,-0.12339105724649518,-0.9502481645606087,1,1
0.44602561987670364,-0.5173876759953977,-0.6380192654422474,-0.2897616206934298,-0.2676423353679236,-0.46340745131798755,1.4401567956886554,1.004036610608533,-0.05942660617251855,-0.8176201028739463,0,1
-0.7965893773087818,0.026837157305430376,0.04486075178900448,-0.002227279810690763,0.35424146112948357,0.8798228791899629,-0.07528685132504559,0.14500467409155535,0.110754359653153,-0.10759034497793954,0,1
-0.20795769560137917,-0.5495260970896535,-0.6979580530383803,-0.5491518245080045,-0.3762601032063245,0.5637204955822298,0.5971978904988855,0.7048556709190904,0.21238218338184606,-0.9071716281288228,0,1
-0.6221805234188025,-0.8045480563232601,-0.6979580530383803,-0.8902721413279393,-0.8353804349803257,-0.7784029234179494,-0.49985296635784016,-0.031795837696980855,0.5082140315615469,-0.43782694148214896,0,1
-1.1894040633676326,-0.7128264531872956,-0.6979580530383803,-0.6212557226701825,-1.4148127717380106,-1.1184973583393116,0.5287194708643084,0.9286766437585273,0.6816494699139041,-0.6173538337212144,0,1
-0.5824216356008749,-0.6619813567423656,-0.6979580530383803,-0.37899227347258513,-0.2895718294426746,-0.5603694284327442,1.0520374003352058,0.7334642927399425,0.08284122992422291,-0.7011009392306743,0,1
1.4181777576290229,-0.735915966111359,-0.6468949931427661,-0.34925771614018825,-0.9411010449435149,-0.9485622130802415,-0.02506501903405145,0.6034509037983624,1.0562240942846897,-0.4416154453491002,0,1
-1.8327840550913985,-0.7117407697603763,-0.5959168565057946,0.9800234410543659,-0.5517131726221771,-0.6415632205368802,0.9953549537666161,1.2719489878242491,0.8930181641583137,-0.34483870763664914,0,1
-1.2922234157289552,0.1441142472855836,0.3778067436613035,-0.5794336044432411,-0.909511628434272,-0.9501346109439379,1.6153657731763749,1.3974557791534048,0.47910420850786883,0.8328022152955811,0,1
1.1773494328149616,-0.7300786398615609,-0.47304616345980033,-1.5228594485343185,-0.728673467135506,1.1347467619678953,-1.1847513364078355,0.27928376585123793,2.8833380709443093,0.1040010012299335,0,1
-0.8940872337094312,-0.5421857472445406,-0.451310989432572,-0.7839391885553616,-0.5590417772007745,-0.7101155749191996,-0.27844646532363027,-0.14988400576270725,-0.01430881276425662,-0.29770359662403095,0,1
-1.653889799906798,-0.6584879789859119,-0.6979580530383803,-0.22134860602067585,-0.0967053390842934,0.24893625792741692,0.31181026604623174,0.47789508553818405,0.31452964146344525,-0.7220504712736829,0,1
0.29676656162134807,-0.7117261193179194,-0.6260468381261609,-0.32818758146838173,-0.928832157018599,-1.0142926937487704,1.7249777332357046,1.299394243359149,0.21238218338184606,-0.43463586710262747,0,1
1.1219099897807618,-0.430089825697822,-0.3833170202057637,-0.34589538697382943,-0.5642186712642243,-1.319862584577981,-0.9961326739248338,-0.6521072788034201,-0.18213624008139287,-0.35337439549623695,0,1
-0.44405739674534583,0.5412105281921378,0.6828564422374059,1.1268833841436772,0.4886105543856486,0.21642563846639074,-0.7798258578888437,-0.14540626927429268,-0.453176904728789,0.8208762462311157,0,1
-0.11397925747485102,-0.6584879789859119,-0.6979580530383803,-0.9372696346347666,-0.9186103179317671,-1.061183096628163,-0.09312690287804115,0.279117693442819,0.5890254019956629,-0.7220504712736829,0,1
0.43305785090475346,-0.5098031557147584,-0.6158904920768613,-0.3036567521404561,-0.308329088546383,-0.46592206557108024,1.426845479430855,1.012866979050856,-0.03581159996327257,-0.7772859941782169,0,1
1.219837932045825,-0.6590000075700608,-0.6979580530383803,-0.3420938101814122,-0.9859763818622591,-0.877546871210709,-0.9828639314542467,-0.277321303192254,0.543752748205918,-0.7210639203651596,0,1
-0.9854200964314975,-0.23329245202456247,-0.1540876883773868,-0.8164330512050204,-0.8670956662772806,-0.876833212097505,-0.19120915458548504,-0.12817499753819073,-0.12106880595033677,-0.11290245242155841,0,1
0.10673142653017875,-0.5152912708846419,-0.3213928725317494,-0.553946391673579,-1.0863175099839584,-1.088080625091342,1.6875473631127589,1.2458681596329555,0.21238218338184606,0.11393709465734969,0,1
-0.07546008984013164,-0.7791230076592182,-0.6979580530383803,-0.5705683266052953,-0.9064827124554214,0.14255390873743484,0.21264521115619286,0.74374241202341,0.9627438153971443,-0.4896169688839678,0,1
1.509737750207024,-0.7951637793924539,-0.6979580530383803,-0.5471261046011695,-0.9772202630163702,-0.8430626522690601,0.7601969659045062,0.6816201712599127,0.21238218338184606,-0.45871041714693545,0,1
0.04087928066260096,-0.7570488140664624,-0.6979580530383803,-0.7061495589397595,-0.04640897064063132,-0.27769185892144915,-1.6512558715439154,-1.0492887892520308,-0.12339105724649518,-0.5321484142329599,0,1
-1.1232763087722075,-0.30584904437439625,-0.03880207400324669,-0.05750312395236934,0.45847381830859124,0.08782308953313545,1.362447847508475,1.5199634494626342,0.7833168421795776,0.5183615977962885,0,1
-1.3204824427050392,-0.27372725227990063,-0.32253337105313756,-1.0697311856758118,-1.285924824971038,-0.9152442125899161,0.5734017140023859,0.7968047830466669,0.45547867067738146,-0.5095015074650211,0,1
1.1921951640239516,-0.7007942154536008,-1.2358404513882222,-0.9820056258778288,-0.8952823448114949,-0.3517430311998896,-0.6470766980681304,-0.007008295826490318,0.7781800500203286,-1.5995991638381892,0,1
-1.860576961601926,-0.9529444116056305,-1.2358404513882222,-0.2159254471769368,-0.33043110776579643,-0.8156367006678115,-1.5138080523239101,-1.4562305372582087,-0.9307605432074968,-1.3365105975694263,0,1
-0.8239520284934152,-0.6584879789859119,-0.6979580530383803,-0.27755637243330367,-0.4180387271878852,-0.7585618875219444,1.4655914942073327,1.0774919426724219,0.17469838574741486,-0.7220504712736829,0,1
-0.3571690137626984,-0.5762774120400932,-0.6979580530383803,-0.3543881617848912,-0.30275161028090275,-0.7125054642328261,1.0835674144838405,0.8171289391301007,0.17233879310758526,-0.8570811616028037,0,1
-0.21865991945816587,-0.6584879789859119,-0.6979580530383803,-0.844855558888679,-0.4750487803554716,-0.79022672011408,0.2033271231564293,-0.09706079621371932,-0.5240004375953196,-0.7220504712736829,0,1
-0.09806648677120472,-0.5379313791014584,-0.6979580530383803,-0.32379096267353646,-0.2761895332387795,-0.7110298073599695,1.1789313441098956,0.8815142705153045,0.1403053181752052,-0.9268705133722639,0,1
1.218686668872169,0.017770954039488,0.22846089216391374,-0.10018241192252442,-0.3318169376395473,-0.5631924306563363,-1.6121022049562523,-1.486814156108811,-0.9283114021839538,0.5762985044294965,0,1
-1.8999883492766083,-0.8867848816404312,-1.0102991656662872,0.8587797887079015,-0.43546661388610264,-0.04831846635215553,0.7191371186549691,0.8666870755632913,0.6347648192591463,-0.9684372382127819,0,1
-0.7879926076840603,-0.3979771463815718,-0.36032000203108316,-0.8949985068153338,-0.8784930112744392,-0.8599277815011523,-0.2624376177566059,-0.10314173838288462,0.039112310999581845,-0.3363432607371968,0,1
-1.4278304507901882,-0.5533309973952031,-0.4021534957029816,-0.5643631602773826,-1.0047223913184795,-0.9248204097920816,0.2799577420468592,0.7590731005330755,0.8839286646385285,-0.12861069498267386,0,1
1.5179000918080714,-0.7951637793924539,-0.6979580530383803,0.005985256442308573,-0.9692141322890797,-0.6069751568972952,-0.6206982963159533,-0.8008097067457368,-0.6473897696092907,-0.45871041714693545,0,1
-0.07277301635475276,-0.4949368520076136,-0.47265020894000315,-0.8831095084017898,-0.3001760629640169,-1.0385383302962425,0.286862145205526,0.8731745676657273,1.1243688394969138,-0.4580492662933532,0,1
-2.0509390480007044,-0.9529444116056305,-1.2358404513882222,0.12242719893897941,0.2772869867334913,-0.3335709217833832,-1.3498029596052732,-1.2904215603066085,-0.794937538503178,-1.3365105975694263,0,1
-1.4926858963098242,-0.8474005023489969,-0.8218433479514993,-0.5541890089989578,-0.5287369508575519,-0.8356028048167053,0.5325911900192961,1.6724816359500516,2.562794867780235,-0.6133020856758604,1,1
-1.0512444648597905,-0.2131012607505914,-0.16467189748098493,-0.6784602061567024,-1.1112761859729785,-0.8744450022454392,0.5591534235852709,0.5904996059386991,0.3653563083453141,-0.19232068766852795,0,1
-0.13210021465189525,-0.6584879789859119,-0.6979580530383803,-0.4364330968111854,-0.3990966378840022,-0.988588545304392,-0.41280405557248195,-0.2754398240228856,-0.12599650728315104,-0.7220504712736829,0,1
1.1247875228254955,-0.5591403293980525,-0.4386703234095027,0.3836693828763923,0.36404874597490167,0.11307409629748319,0.5132197420834805,0.3523392672780057,-0.12339105724649518,-0.21568939795667186,0,1
0.17051107242196825,-0.6609584437757026,-0.6979580530383803,-0.18756720102229782,-0.2635090801124225,-0.5987215458879057,-1.185524701195836,-0.7844714982708895,-0.12339105724649518,-0.7172905040408111,0,1
0.547115528957294,-0.3059098897620825,-0.3380953018985742,-0.3081558365963405,-0.5203665768631915,-0.6331937325554869,-2.0766226770567053,-1.5340647249713624,-0.629101245230065,-0.48832776302193137,0,1
-1.2812720874845356,0.5316218824383236,0.5641920566803373,-0.689987318028345,0.7005431026026626,1.1080744680823105,-0.8050337515820769,-0.1141371138216723,0.643753142345788,0.4023542483932889,0,1
-0.8771085553169785,-0.592987043327728,-0.5008409442666,-0.7780359865609145,-0.5087595468227194,-0.6814677495126129,-0.2871607074654468,-0.14988400576270725,0.0042426402973996385,-0.3300358710565173,0,1
-0.5007977147936539,-0.6934536775147433,-0.6979580530383803,-0.7873534548494777,-0.40292948039103127,-0.20568076761619175,-0.5859475383462955,-1.0900887932187198,-1.2087819421952055,-0.6546803229681806,0,1
-1.2297598289725449,0.07076844004362193,0.2760271316791613,-0.5387851033812554,-0.5551862262227159,-0.8019500941969235,1.5334376880405707,1.3013052274077956,0.3997839953095519,0.6081264784367353,0,1
1.1618851812193034,-0.4750529778778828,-0.48024558592943317,-0.07977161051600576,0.21977030967372072,-0.14935048013644622,0.6173277653134145,1.0574760081687071,0.8839286646385285,-0.5249705293382123,0,1
-0.9148024757766015,-0.4936887018838734,-0.37268501038497465,-0.7964098916321362,-1.213143330011687,-1.05023643802418,0.659742612271738,0.47789508553818405,0.08949998398690587,-0.17786304190505392,0,1
-0.7124700315558508,-0.4546394194914045,-0.4337577906527314,-0.9229986545500452,-0.8872187051871405,-0.8530929988092099,-0.2753581761248305,-0.08599943800291947,0.09870893964821364,-0.4202363068933359,0,1
0.3023596754670969,-0.9529444116056305,-1.2358404513882222,-0.48019975925251773,-1.2976312743548555,-1.0070938033814385,0.25457706147387027,-0.09279760123005934,-0.5507179878980855,-1.3365105975694263,1,1
-0.793803240081518,-0.3474198653477533,-0.29479465837517305,-0.825213432703274,-0.7610475661672425,-0.8660261607294586,-0.10869534498575648,-0.11843706718475076,-0.20748943373335993,-0.2614891456705881,0,1
0.41798034636856896,-0.8598742163534056,-0.9185593051857028,-0.8736254213156469,0.05201945785118452,0.29434482900498005,-1.680742327801934,-0.9483541465365759,0.15202973193500724,-0.8187218611548133,0,1
-0.33471139512701276,-0.7951637793924539,-0.6979580530383803,-0.6059035654142552,-0.4430323179216531,-0.13872687408951423,-1.0789164450160582,-0.9058690397741916,-0.46625151125223835,-0.45871041714693545,0,1
-0.16011926674888427,-0.7951637793924539,-0.6979580530383803,-0.7698368126821364,-0.19158084168011955,-0.13745469682831143,-1.4674912243648457,-1.0321039332510429,-0.28682604729610717,-0.45871041714693545,0,1
0.6770771932813421,-0.29069580728755473,0.047331727540379565,-0.5647632459633682,-0.2684068451278169,-0.07705367769081484,0.34637107735128947,0.8191930096878597,0.9469876933318703,0.7972775811168321,0,1
0.8927459269305114,0.040573683793684846,0.25154016947361496,-0.43357212389862804,0.5257846590363792,0.6377858199485367,-0.08290406628778146,0.6909403202909002,1.3655599090849986,0.6100730172580223,0,1
1.218686668872169,-0.510047087521321,-0.4934660519752143,-0.3366600901358609,-0.6881994946225654,-1.2636231098040285,-1.0457869856202848,-0.5202441360034443,0.11170286560480674,-0.4824399290595268,0,1
0.9351251685377298,-0.7629895769511236,-1.2358404513882222,-0.8628889616733402,-0.8693148358394251,-0.5960166637253335,-0.3095974781823202,0.2794649818698042,0.8406069753566803,-1.534705744222981,0,1
1.1169448133976485,0.06747085309802792,0.2858041528034597,0.22139936193743937,-0.23974783411254172,-0.4922930142226869,-0.891570292087349,-0.8633509776773308,-0.5726046557411852,0.6580574764861498,0,1
-2.270935087378107,-1.092779209925969,-1.1627785755153985,0.8725902746355008,-0.43546661388610264,0.010709540175313892,1.2915969602289241,1.3397312608457623,0.6393732177266784,-1.00487825721241,0,1
-0.6251535456294727,0.19636162292023418,0.26283567687902915,0.2155659619866288,0.12864269817116175,1.4042842696759363,-0.052220889504435694,-0.04327786776988597,-0.20068111070886618,0.26015279440938704,0,1
-0.4725412894454264,-0.8741813645307818,-0.6979580530383803,-0.5392957662709214,-0.8463707052707272,-0.5681890218920752,-2.1678990291092983,-1.5942822949977322,-0.5264272825805258,-0.2828671605493587,0,1
1.3502126470614926,-0.5863399448572255,-0.5179820610146092,-0.19056126397270037,-0.7238991837122926,-1.1012203994771526,-0.8764008200560153,-0.7058446417836315,-0.3389553627567772,-0.3984577704347465,0,1
0.31045081670871255,-0.5379313791014584,-0.6979580530383803,-0.2732453534689353,-0.19243410950391596,-0.5315798134119684,1.3886012971745814,0.951058968462092,-0.045677688599703836,-0.9268705133722639,1,1
0.1177424326955023,-0.6713273900654869,-0.7214117543667542,-0.03106818261158941,-1.689511685614888,-1.4369967889215862,0.24183871152088,-0.2754398240228856,-0.602258181973536,-0.748843250372883,0,1
-0.8061882379661852,-0.7944189660938736,-0.6979580530383803,-0.7550348451470125,-0.3095865913308961,-0.5688789863846474,-0.31874700552898566,-0.1491997906867674,0.07514521889155595,-0.4601454859285268,0,1
-2.0061864560467075,-0.81456622648665,-0.983065569111423,0.5687171603939774,-0.13219221408209364,0.26853935054931133,0.4967725375736365,0.5444466358073478,0.370176975760096,-1.0477484321505597,0,1
-0.8042423520856056,-0.3594961316987156,-0.3104462418176805,0.7562295995948164,1.3767060740696349,0.45263839467334965,1.6542913989216161,1.3972948850754658,0.36041766017765886,-0.2793690279056568,0,1
-1.4784516988310619,-0.41872413729905256,-0.3833170202057637,-1.074222806507869,-0.5761195146985711,-0.9309537130219476,0.028214772410262157,0.5217790956378698,0.844809074942297,-0.3768032864101407,0,1
-0.505595837803752,-0.1424110806617269,0.21088498355357935,-0.8120738421713065,-1.2581248627867905,-0.9113590367614108,1.4762123033585592,1.2957264314890224,0.46651003789631584,1.0421506238986415,0,1
0.4427633800946628,-0.9529444116056305,-1.2358404513882222,-0.5922495322599712,-0.5431435287308477,-0.6612129817264196,0.04337327950852529,0.5857745958593232,0.8681714466370587,-1.3365105975694263,0,1
0.787504747063709,-0.4855497932753353,-0.2220935087993456,-0.6006017801655072,-0.1733520475961254,-0.10845715560234712,0.5604353483907217,0.9791454157468473,0.8839286646385285,0.37442531481702346,0,1
0.07686524442596168,-0.6318899176043363,-0.5572395602845693,-0.6443028413254565,-0.5695980003872805,-1.1404099092562132,0.6544630058266633,1.188326931728668,1.21970190526687,-0.41160045801056777,0,1
-0.07237315547194231,-0.6479516138791785,-0.6979580530383803,-0.51923719569896,-0.29172936066012156,-0.6730930893038573,1.259578089957566,0.9619648783373103,0.21238218338184606,-0.7266349145829859,1,1
1.6368275799559138,-0.7951637793924539,-0.6979580530383803,-0.5216291304599838,-1.1397803576706667,-0.8842752290828438,0.8305232953702947,0.7166593015564723,0.18596567188708368,-0.45871041714693545,0,1
-1.9065799319915393,-0.5573128773868545,-0.4070240440156026,0.6061751495693125,-0.7669021371591749,-1.1707777983710932,1.5066735731786238,1.3473256525337418,0.2882799530270169,-0.13404592782447505,0,1
-0.4286709006144212,-0.7002693637788816,-0.6979580530383803,-0.34948273320411627,-0.6678651160639426,-0.9325692958997465,1.5919301170286495,1.1824382556316746,0.21238218338184606,-0.6415482016682111,1,1
-0.25079930063802947,-0.12097328052209172,0.1275549843790806,-0.859926489256262,-1.213143330011687,-0.9558511276229181,1.3497450497097208,0.9858242231841948,0.16109993090100616,0.6279334816884736,0,1
-0.07366848820375016,-0.7584697634379599,-0.6979580530383803,-0.6525667317579356,-0.3385483876072055,-0.6096123601812226,1.4762123033585592,1.1056741768390752,0.21238218338184606,-0.5294106004920601,1,1
0.22444859722922028,-0.5003096914117917,-0.545269092183198,-0.3244291349906981,-0.5869067690665026,-1.1431199435558748,-0.3246273207877473,-0.2754398240228856,-0.2863350532439677,-0.6407272532273356,0,1
0.48726939989166007,0.3157369395758086,0.30229875834469133,-0.06036547411296028,0.20613728087575,-0.2528246179601723,-0.5593028632933481,-0.19667701031552293,0.2978788698026018,0.07131877507074841,0,1
0.8386051665728341,-0.22162428383717586,0.01467537863037316,-0.6983358868905206,-1.4026936111312176,-1.2719963773155318,-1.3453998691919609,-0.5794398567613055,0.4774358490997858,0.539276703108906,0,1
-1.4281630971929584,-0.4010176797710098,-0.34853894901186566,-0.9921341799922213,-0.31631434516244594,-0.8223480563813388,-0.08216645302075368,0.43877519235760154,0.8316196060528908,-0.3150844702064257,0,1
-0.8095375670796369,-0.7951637793924539,-0.6979580530383803,-0.7347431772451133,-0.3385522609996645,-0.5364116891321786,-0.23574466903090474,-0.141097212192944,0.01697685430152107,-0.45871041714693545,0,1
0.002443468585407676,-0.9322099289167904,-1.1979648540443533,0.24006084723268817,-0.6515872967090404,-0.18250659185094842,-1.2615214530333272,-1.3612364137268385,-1.371908609968418,-1.293242692914358,0,1
-1.3471084252932548,-0.4621503556234318,-0.4490514212943264,-1.065162359955966,-1.2811470158949219,-0.9949336598503911,0.5298683224790713,0.7758696586985276,0.4780061091685608,-0.4611088211119501,0,1
-0.7262133470427057,-0.6584879789859119,-0.6979580530383803,-0.5293193443583617,-0.27174735653884463,-0.5953632056323954,0.8099585405631521,1.3121234010156795,1.21970190526687,-0.7220504712736829,0,1
-1.1295523907707796,-0.7461454434955707,-1.0429306605041904,-1.00646571985541,-0.3794032314533291,-0.7862338680144919,1.199495677829192,1.5724020118036481,1.21970190526687,-1.228732445257178,1,1
0.786410057863424,-0.9529444116056305,-1.2358404513882222,-0.5282370287114349,-0.7716149792831997,-0.8590196937946561,-0.15504899038786474,0.3225186238106589,0.6334967761082583,-1.3365105975694263,0,1
-0.1569573232875619,-0.3931868109107604,-0.3833170202057637,-0.6909440803405374,-0.7876202182095315,-0.9524014174469165,0.5686134263748951,1.6963778166864973,2.562794867780235,-0.4225109515538654,0,1
-1.0514066621106868,-0.7121932720916637,-0.6979580530383803,-0.4137717296206604,-0.1794119333385107,-0.3341856795705871,0.9725159154922876,0.8059415294704789,0.2470145539306934,-0.609715813970432,0,1
0.8369723083787843,-0.9529444116056305,-1.2358404513882222,-0.5188185868933696,-0.8052309909188748,-0.8881238672851501,-0.18424373361503102,0.28378461219496665,0.5989680573732812,-1.3365105975694263,0,1
-0.2758621923672707,-0.7951637793924539,-0.6979580530383803,-0.6599490075155479,-0.37054797871925127,-0.12747408883924524,-1.1823490647519825,-0.9375261214457747,-0.4132905106775877,-0.45871041714693545,0,1
-0.7604901287747339,-0.7442010084105887,-0.8545297041536303,-0.7557761187607391,0.023012641112586163,-0.1332602243411244,-0.5542108213875765,-1.1177826338746437,-1.2710042240023351,-0.9009130568755934,0,1
-1.729944483354318,-0.8212693772671297,-0.99531018807331,0.5652726399127567,-0.03940249104854321,0.0041780550552169005,1.0153674049108954,0.7157430112162284,0.06223109788395778,-1.0617363041033259,0,1
-1.3855582376274784,-0.7163201576281559,-0.6360988652487884,-0.6717378878743665,-0.5705837424134675,-0.7928225414457966,0.491354042333284,1.645126023587931,2.562794867780235,-0.3991002014800121,0,1
1.218686668872169,-0.5626108065878896,-0.5658777708027636,-0.33903953407276693,-0.7936438940124615,-1.1272717207234118,-1.0240077556067462,-0.4335576107860975,0.26625306696477397,-0.5672873124325744,1,1
-0.8994406553629979,-0.6276005409993761,-0.6979580530383803,-0.7661543646365628,-1.2568712887017082,-1.2268726710412907,0.2436155667311154,0.6968384496115992,0.6341828597323814,-0.7745267882466486,0,1
0.38608842848375696,0.4433606407541973,0.6059298522878052,0.6142439695542989,0.2868079510422676,0.1303333514699631,-0.5056620910007039,-0.22666311010776585,-0.2538343574888044,0.806201391252426,0,1
1.105793763311477,-0.5589200459755888,-0.6979580530383803,-0.41290103177684195,0.23348125876812986,-0.13841289055146985,-0.3933108099514478,0.9493844863226346,2.9157704456910354,-0.8886713740246606,0,1
-1.1101522285540326,-0.9521263406792123,-0.6979580530383803,-0.8029029996389075,-0.48457676488030477,-0.606572305426024,-2.588650817113175,-1.9044105129644293,-0.5927772188558391,-0.10941085436932783,0,1
0.5354629398624517,-0.7680568621180098,-0.898107097565179,-0.22331014259920182,-1.455105549556865,-1.10113525206068,-0.040129355780469,0.2267834490178273,0.5090993701927244,-0.9506945160596955,1,1
-2.0847660746987278,-0.8723181890220233,-1.1313439113362591,0.6593477483176039,-0.4187662504669319,0.06445361939883251,0.8662171078931952,0.7010198045977396,0.21238218338184606,-1.2569281988954377,0,1
-1.4633920865989445,-0.6793769883324822,-0.7361159236154384,0.5004818608025446,0.38739431855969186,-0.17841773337018813,1.3345837484099436,0.836748450554612,-0.09957099565228329,-0.7656408360929944,0,1
-0.8602880017916322,-0.8361088613230301,-1.0224174147799867,-1.0240776757838619,-0.5993727770322584,-0.8390696832677254,-1.044410652114244,-1.3815424523299333,-1.2639401706240423,-1.0927027569874719,0,1
-1.1355660813289001,-0.2645445485041823,-0.1873831539247076,-0.5825388627702085,0.5340239839281419,-0.2121141956756658,-0.2882101146754094,0.2395320179308648,0.5311087098211489,-0.1387855829722565,0,1
-1.5806603453103985,-0.11368184606704945,0.3364534165889736,-0.5798970337157271,-1.243676971955714,-0.6322743777975578,1.4440225497709096,1.8163014564796292,1.1816309779383527,1.5502921194338044,0,1
-0.18134525169230178,-0.4401719897940381,-0.3920063898316089,-0.8855881278778328,-0.08068201832407962,-0.9414183848734421,0.356280505803575,0.99052069774982,1.21970190526687,-0.35628343637624793,0,1
0.34523798357111696,-0.5887019953910512,-0.6979580530383803,-1.3236223445760997,-0.33509282590364003,-1.1313668508423997,-0.18735299509717138,0.1012276307576495,0.21238218338184606,-0.8406136035409317,0,1
-0.631758536873124,-0.8837616872667186,-0.6979580530383803,-0.8522266283066859,-0.2525603668776084,-0.406758169507512,-2.2611089367515755,-1.5773475975965028,-0.3873545660217388,-0.2615474106962873,0,1
1.2599902959872824,-0.7503376889214983,-0.6979580530383803,-0.6453816048754994,-0.7450934186433043,-0.9506964827207439,-0.3483141587977926,-0.02230945009524332,0.3225070307751782,-0.5450790724304562,1,1
-1.9839896602975993,-0.901168276269027,-1.0593329075820153,0.2945987799979849,-0.29745538971335006,-0.627469548448943,-1.396815784618672,-1.2818377583273395,-0.794937538503178,-1.048458126853985,0,1
-0.7861924889754441,-0.05901580675379745,-0.09715727753881433,-0.7726596632971376,-1.2562495312504032,-0.9031371570562716,0.740410166354855,0.5168278396434498,0.03746947782485062,-0.33265554509859485,0,1
-1.0542668456667668,-0.9475973443580064,-0.6979580530383803,-0.8324321529300003,-1.2181921055554632,-1.2385167890792188,0.5264313692699819,0.48245504979228254,0.21847952716075103,-0.11874839504006884,0,1
-0.25432033946444704,-0.6584879789859119,-0.6979580530383803,-0.844855558888679,-0.46643890202995164,-0.7327190166636937,0.13926811062862754,-0.20633371098037045,-0.6214097577753201,-0.7220504712736829,0,1
-1.6628199200596205,-1.0555748128507738,-1.1168321176140668,-0.3675045990497798,-0.46227826860876126,-0.9035439736417474,0.5980816707231558,1.7159262557667472,2.562794867780235,-0.9534852736711121,0,1
-1.1628630300878702,-0.760960474391122,-1.1012346494036382,-1.0337795321034626,-0.3460629762026227,-0.7706290522461406,1.168721871626091,1.5451826603001944,1.21970190526687,-1.314367013183305,1,1
-0.4998440298273479,-0.6584879789859119,-0.6979580530383803,-0.38739036282195854,0.5099258077482417,-0.16887215194561758,1.6360802857933858,2.327100871433437,1.8756007889695825,-0.7220504712736829,0,1
1.414158740963904,-0.16055266503985885,0.11165889486068123,-1.013756035368152,-1.298152976125873,-0.7805748332707322,-0.42810230831804597,0.6261020412493752,1.966392934224191,0.6527312226682874,0,1
1.0764289960831193,-0.9545905136276528,-0.9469532673361308,0.8447823602670342,-0.5833681442855465,-0.5057571030849302,-0.8668953620379556,-1.7727978141655254,-1.6324823719801698,-0.7512817899747479,0,1
0.8335384155085248,-0.8467030188362524,-0.8736580063995889,-0.6700981756850786,-1.5653775702043926,-1.297053046898973,1.263619332057815,0.1422405947070546,-0.8016685410921336,-0.7454449361307308,0,1
0.7672984819565409,0.036337469688701385,0.3150266202142379,-0.4982705819698314,0.36547685806263736,0.49588208292680713,-0.34821492429995965,0.5427312297703508,1.4398811810735588,0.8840999442567865,0,1
-2.023676412731596,-0.9101001986745823,-1.2358404513882222,0.08566876274568119,0.05115036070872582,-0.43375238164911145,-1.4492992338812107,-1.234973223421978,-0.6125838488742508,-1.38418268166923,0,1
-0.012675809879119607,-0.786225424318153,-0.6979580530383803,-0.5724701642801189,-0.9653278917929025,0.22669486149920065,0.25911861667773495,0.7290067220585408,0.8605936536073395,-0.4749781235748467,0,1
-1.7385494804991009,-0.6584879789859119,-0.6979580530383803,-0.061622947455970245,-0.02926796634013623,0.2767967015921077,0.2973265129672699,0.47789508553818405,0.36591958852333006,-0.7220504712736829,1,1
0.7140819723977126,-0.28238415960160784,0.035434625571813996,-0.5452432306369799,-0.2098149840093294,-0.02493067980955077,0.4053338219750705,0.8545625403187186,0.936973088686256,0.72263277025081,0,1
1.218686668872169,-0.6140919381854067,-0.6367981183801943,-0.34136997165633365,-0.8969165904199907,-0.9937285862303271,-1.0026770844455288,-0.3486564566878882,0.4176201961543763,-0.6503872031309665,1,1
-0.335292498825147,-0.4170257640642582,-0.3833170202057637,-0.7141280161441723,-0.7612544687768354,-0.9165306339495317,0.546646262154688,1.6818053919960558,2.562794867780235,-0.37064456595420836,0,1
0.3954644685562285,-0.7951637793924539,-0.6979580530383803,-0.732182721906677,-0.28097734279541475,-0.5777028608762057,1.191847492690309,0.9170342255674904,0.21238218338184606,-0.45871041714693545,0,1
0.9473312073785561,0.0026476898959876764,0.18545151141895902,-0.40787053316921273,0.5318816268103048,0.6417313385003834,0.1412214352187053,0.8024494331366893,1.2661571714589475,0.4559883092599764,0,1
0.07974769379483879,-0.6584879789859119,-0.6979580530383803,-0.06601327533974637,-1.5422405767538403,-1.4066345718253466,0.15802914628496673,-0.2754398240228856,-0.5310722892790338,-0.7220504712736829,0,1
0.47553366812405007,-0.5346461875295079,-0.6883731014438621,-0.25814336700392027,-0.1750599737901709,-0.45768546792483616,1.4704465828695097,0.9839431821551473,-0.11316235239772454,-0.9094000249238925,0,1
-0.3264178640162087,-0.6974959215620626,-0.6979580530383803,-0.5289256843392363,-0.36802810518554885,-0.866473915265549,-0.3894665378731327,-0.23960557879273853,-0.06589226119008026,-0.6468919305603928,0,1
-1.698644834129048,-1.1198028866563516,-1.2137509569748448,-0.31488647318764657,-0.4412655111799408,-0.9288022109829236,0.6555939184093772,1.7334532681399666,2.5076373750214014,-1.075585936127224,1,1
-0.2560231578403196,0.13680993346096038,0.41679146379888415,-1.2083879569523719,-0.959304704282189,-0.9639860742508287,1.287501423592953,1.2058227460794015,0.48020895639871597,1.0052950058846744,0,1
-1.1065431221680557,-0.7359119855907715,-1.0026572773239002,-0.9875987495581043,-0.402432957212849,-0.7970128685041581,1.2207526331855554,1.591203733499022,1.21970190526687,-1.1695805101551844,1,1
-1.1581803619479563,-0.30973962814103095,-0.031237635554006826,-0.11468069790968338,0.3787745034955945,0.049142974301579434,1.337643331590479,1.5144785670175687,0.7979850334156763,0.5574053443117406,0,1
-1.2537042781494931,-0.16154738680482278,0.244178167751509,0.26275151076741426,-1.22160187052772,-0.7351318136040437,-0.5114357984383234,-1.153898374983552,-1.2137872631210913,1.262640312381386,0,1
-0.12383408800193521,-0.7477471858897369,-0.6979580530383803,-0.5525068516267795,-0.910527544182789,-0.007879901062935762,0.19363220926215763,0.7058625567449603,0.8839286646385285,-0.545008087859478,0,1
-1.3893570453533886,-0.35889603645917345,-0.4087629739504365,-1.1061584265531037,-1.3146393079786252,-0.961598462566758,0.5145615934442608,0.8444084688199683,0.5481554240101877,-0.5680231313607116,0,1
1.2624139064994495,-0.7170282026740589,-0.6979580530383803,-0.4719558674668492,-0.7341147668344621,-0.5796377052424765,0.5973670545043744,0.5136713903993574,0.02042548201217126,-0.6092581142596856,0,1
-0.010540140795592191,-0.7951637793924539,-0.6979580530383803,-0.866793186728066,-0.21996570292196926,-0.06874873787680857,-1.8359916297196484,-1.4672157506243824,-0.5940613472387779,-0.45871041714693545,0,1
-0.19134750585825933,-0.7872101231478028,-0.6979580530383803,-0.38837366303773296,0.5371530596014569,-0.45476091026767895,-0.5947302228092841,-0.8666861928159545,-0.755857834207808,-0.47403512173795903,0,1
0.9780523848932827,-0.6700762106260498,-0.6979580530383803,-0.4572218821494346,-0.38302250528660636,-0.32752932969641624,0.4673287157998785,0.42685713591361885,-0.0379841729395336,-0.6997228497176351,0,1
-0.6251535456294727,0.21924203762819663,0.36263085698609954,0.1288272845867343,0.029591215564058443,1.338216425341136,-0.1526123529779982,-0.1764718500578663,-0.2719210989224806,0.5991099530862836,0,1
1.2359350517812,-0.8534295325255495,-0.6979580530383803,-1.4667698176695776,-0.7231627928768655,0.9466072461492935,-1.1358983152503082,0.4074236375425574,3.194084259713921,-0.304043372967247,0,1
1.1667604646763299,-0.7608930862361536,-0.6684216640918068,0.17251540523999598,-0.38578036365469426,-0.6069751568972952,-1.120248989283736,-1.562263122893393,-1.3110729829408811,-0.4488221782305102,0,1
-1.366538222448815,-0.16154738680482278,0.2523117393429434,0.35394216752051155,-1.3562403746469756,-0.7882083904666075,-0.4856973126684271,-1.1880468105092261,-1.2822794944115001,1.3012063994321181,0,1
-0.6653406593529908,-0.6674246632348914,-0.7331280329678064,-0.42192561421143226,-0.13193236485853732,-0.4747739848790909,0.5669949125098729,1.1303029560394,1.21970190526687,-0.7737067317127604,1,1
-0.8409522596829655,-0.7650015294964483,-0.6979580530383803,-0.7738887167728601,-1.1257231508761163,-1.0609260571513184,-0.3218412603124681,-0.06974541908129542,0.15521738415382969,-0.49978217468178365,0,1
-0.6313105918044277,-0.7291078535367526,-0.6979580530383803,-0.8846429695859944,-0.6034453631933474,-0.6936217549205419,-0.3218412603124681,-0.08920240889569322,0.19166921182669067,-0.585983650875883,0,1
-0.5373322527267703,-0.0218922567607355,0.06159623108492984,-0.7992039207272466,-1.213143330011687,-0.8824732846918992,1.0409149580128594,0.693153424149719,0.035869863202569685,0.11560811815486571,0,1
-0.891665425718009,-0.7951637793924539,-1.2358404513882222,-1.0221955285051854,0.29224052774080705,-0.8201473340046359,0.8915264983586931,1.4276403643323237,1.3659892063098884,-1.5120706336539242,1,1
-1.2932842292071594,0.09578552220701614,0.49504041045735575,-0.8934031709076029,-1.1714861212372933,-0.7553643100238944,1.3484744694356412,1.7234285483715133,1.12905633174659,1.5426893329208133,0,1
0.17078588338464457,0.2544310432407273,0.13955192644440478,-0.2774721558790946,0.25227336167904285,-0.44596583164743686,-0.6823165045715153,-0.1319108933931109,0.5481554240101877,-0.3416465323571352,0,1
-0.5451377413406394,-0.7178001905882897,-0.9313789990524142,-0.6137359338861679,0.37310539215323446,-0.6624497532416485,0.5709361298565315,1.214647283100847,1.3654149974113887,-1.0648898247061354,0,1
-0.7870787199363893,-0.06157332421474495,-0.09972046319623962,-0.7730808962588485,-1.2572517819371687,-0.904872429243828,0.7387044613357254,0.517733054633831,0.0396482081895418,-0.3343168137429574,0,1
0.748899399132551,0.39748089014750226,0.5679672833137237,0.3827965209103093,0.19624893903907198,0.102591364524389,-0.3786998058951546,-0.26035245334170204,-0.16373913044915894,0.7923658989767308,0,1
-0.536376593274385,-0.7484371023012679,-0.6979580530383803,-0.8715667131984008,-0.4176688514096394,-0.7105136521965832,-0.25713410735603764,-0.06403404316051751,0.12399050456983082,-0.548741027084867,0,1
-0.9769953076097504,-0.2941194659626516,-0.20945275637454752,-0.8127649367020308,-0.8045734243465125,-0.8500049097067952,-0.23589421156280996,-0.14988400576270725,-0.10489685535759494,-0.1398228395914014,0,1
-0.9707735296703437,-0.21574981560996312,-0.14377148184261587,-0.8126137768134394,-0.888450379221607,-0.8738508094996708,-0.1291914732082572,-0.0907742172278419,-0.11706797783074735,-0.12205427370372085,0,1
-0.8044272335308915,0.3772049435766782,0.6768337783350498,-1.3537348034231138,-0.8304014170280036,-0.8560524360069102,1.1503923683729218,1.5131848248703679,0.9884929207076397,1.379369339754665,0,1
1.2161680481187327,-0.7898932234890709,-0.6979580530383803,-0.36529928377760484,-0.8929073586490384,-0.8620516781852601,-0.13838949050970173,0.6111686208322974,1.2575408943862174,-0.4683027700390961,0,1
-0.6898097461177504,-0.5590686002961406,-0.6979580530383803,-0.5326501347823049,-0.7370105930074466,-1.0427029182551746,0.028431032181679493,0.6254646393000962,0.8250574517375436,-0.890959360112374,0,1
1.215522435903915,-0.34047448913732026,-0.3887166070106513,0.1624421228235206,0.23519612281311775,-0.20218226982826767,0.5347404141061923,0.9844277109443602,0.8839286646385285,-0.5528270893802084,0,1
-1.3322001377671286,0.07338287160390666,0.4805685830237515,-0.856758049989464,-1.198638481288622,-0.7473489396016931,1.3642429763824624,1.7401651924032913,1.1402460107309358,1.555690570453021,0,1
0.27090738291917743,-0.9529444116056305,-1.2358404513882222,-0.4970808347021164,-1.1848527220921992,-0.8585622728286693,0.20614875271345634,-0.17846702737564082,-0.6652706276653007,-1.3365105975694263,1,1
-1.785744086159912,-0.850972876616852,-1.0495694526017416,0.5788358259272974,-0.12874737312323076,0.042402331378128794,0.9485432255258275,0.6904119486011927,0.09610245924606034,-1.1237204006960715,0,1
0.548791565098479,-0.8796278836271112,-0.9859005864338982,-0.8619571558840982,0.05577847307012894,0.43009439156354623,-1.633350543746942,-0.8854772820342598,0.23610535999846555,-0.9286198407334285,0,1
-0.5917253721036708,-0.16154738680482278,0.19645978958279103,-0.2722496502207892,-0.43169906050030815,-0.42373993143310107,-0.6624394238015678,-0.9535549044717453,-0.8119541744719443,1.0363791790420538,0,1
-0.040077799828984455,-0.7828014669658478,-0.6979580530383803,-0.5678567527681233,-0.9663055865832932,0.15551951303812384,0.23232104612280322,0.7229726445062783,0.8839286646385285,-0.48120968772350453,0,1
0.9051288234438377,0.36351372454558145,0.5421603019940823,0.24040363080089305,0.17392151417405105,0.11763283040609307,-0.3314663864745725,-0.23712952833048795,-0.03801354472977603,0.7921854811142928,0,1
0.17836538152610193,-0.45597181597026953,-0.4189720201864981,-0.4411972144070666,-0.7123601665962535,-0.5304434498603903,1.308391373861879,1.1056741768390752,0.21238218338184606,-0.3951526256158128,1,1
-0.35527288038725513,-0.6941458237771035,-0.6979580530383803,-0.8212935062781834,-0.43587168054280556,-0.7603984521026423,0.09782806215566225,-0.05708489986006054,-0.319002542084889,-0.6533467303815527,0,1
-0.811418842203095,-0.7951637793924539,-0.6979580530383803,-0.47079198358620933,-0.7288019607065815,-0.12691614075776772,0.9098542507892602,-0.014720317106253258,-0.7836320573059932,-0.45871041714693545,0,1
0.19030319007541935,-0.9529444116056305,-1.2358404513882222,-0.532054914245788,-1.035810589014681,-0.6703236470422558,0.10723622569140734,-0.2754398240228856,-0.7502369254145009,-1.3365105975694263,1,1
-0.5023586899814545,-0.6584879789859119,-0.6979580530383803,-0.23280734605370035,0.04779413696950918,0.17102152218232858,0.43424983650710397,1.1677992685897844,1.5219676548707977,-0.7220504712736829,0,1
-0.14387539449989012,-0.7290957410807579,-0.9457188158269785,-0.5232371200282879,-0.5541610040374885,-0.830223799298933,0.0056526718677739965,0.6034509037983624,0.8839286646385285,-1.115559974192774,0,1
0.057587972617639704,-0.5554751148267901,-0.5985200870292844,-0.6420385614310331,-0.5797399539893244,-0.9806357921959321,0.09642563593026968,-0.1036885625686865,-0.4591642978748364,-0.6690891088637787,0,1
-0.554322638484287,-0.5707490943447981,-0.5770890666405757,-0.3050727438386722,-0.38032060095427017,-0.5810522622440016,0.638929403981512,1.2986026623939517,1.477675704099675,-0.5804239860464812,0,1
0.962495815350413,-0.007888718906547118,0.1670910929589152,-0.4007302465486161,0.5335754557207677,0.6428274626128425,0.2034868543746382,0.8334283338167993,1.238541603029961,0.4131812709509503,0,1
0.6929455770856378,-0.33253527425030543,0.013083801085671514,-0.5983826213356827,-0.3776675733630957,-0.18548688737877517,0.3613738926851833,0.8125653222808326,0.9194944262354886,0.7861698387249598,0,1
0.4566641883875133,-0.5720921161843088,-0.6979580530383803,-0.25744545768240923,-0.2674676875121793,-0.5511940797951745,1.5264824993123989,1.0301401982688745,-0.07880001280735915,-0.8646983533265482,0,1
-0.2451984332418969,-0.6584879789859119,-0.6979580530383803,-0.6514891846053645,-0.5833106524592402,-0.9286712220514872,-0.38206693169777645,-0.18413653634463908,0.035320667829772445,-0.7220504712736829,0,1
-0.6737975137029368,-0.6130251654806802,-0.6353285335311898,-0.5548319439473687,-0.16198370136787943,-0.1230978698054046,0.037410108698229916,0.8795545145001356,1.8562366975775255,-0.6486652383564573,0,1
